{"type":"FeatureCollection","attribution":"© OpenStreetMap contributors (ODbL)","features":[{"type":"Feature","properties":{"id":"คลองกรวย","name":"คลองกรวย","kind":"canal"},"geometry":{"type":"MultiLineString","coordinates":[[[100.51695,13.70964],[100.51325,13.71039]],[[100.51325,13.71039],[100.50948,13.71136],[100.50818,13.71232]],[[100.51843,13.70932],[100.51695,13.70964]]]}},{"type":"Feature","properties":{"id":"คลองกระทุ่ม","name":"คลองกระทุ่ม","kind":"canal"},"geometry":{"type":"MultiLineString","coordinates":[[[100.62905,13.62877],[100.63426,13.63824],[100.63556,13.63964],[100.63799,13.6431],[100.64165,13.6478],[100.64204,13.64819],[100.64235,13.64817]],[[100.64235,13.64817],[100.64796,13.64664]]]}},{"type":"Feature","properties":{"id":"คลองกระทุ่มล้ม","name":"คลองกระทุ่มล้ม","kind":"canal"},"geometry":{"type":"MultiLineString","coordinates":[[[100.84094,13.77053],[100.84225,13.77091],[100.84335,13.77099],[100.84635,13.77069],[100.84863,13.77091],[100.85545,13.77107],[100.85655,13.77094],[100.85822,13.7703],[100.86072,13.77036]],[[100.84094,13.77053],[100.83968,13.76984],[100.8375,13.76745]]]}},{"type":"Feature","properties":{"id":"คลองกระทุ่มแจ้","name":"คลองกระทุ่มแจ้","kind":"canal"},"geometry":{"type":"MultiLineString","coordinates":[[[100.68393,13.68371],[100.69316,13.68082],[100.6967,13.68028]]]}},{"type":"Feature","properties":{"id":"คลองกระทุ่มแบน","name":"คลองกระทุ่มแบน","kind":"canal"},"geometry":{"type":"MultiLineString","coordinates":[[[100.26381,13.65502],[100.2636,13.65401],[100.26284,13.65373],[100.26267,13.65301],[100.26325,13.65279],[100.2642,13.65305],[100.26443,13.6524],[100.26584,13.65159],[100.26662,13.65193],[100.26674,13.65176],[100.26656,13.65131],[100.26684,13.65116],[100.26708,13.65057],[100.2679,13.65004],[100.26772,13.64941],[100.26832,13.64901],[100.26839,13.64839],[100.26956,13.64807],[100.26999,13.64833],[100.27014,13.64785],[100.27105,13.64817],[100.27127,13.64772],[100.27181,13.64789],[100.27216,13.64762],[100.27368,13.64753],[100.27383,13.64693],[100.27431,13.64703],[100.27582,13.64545],[100.27656,13.64433],[100.27732,13.64396],[100.27757,13.64306],[100.27802,13.64313],[100.279,13.6424],[100.27975,13.64236],[100.28152,13.6427],[100.28175,13.64243],[100.28266,13.64217],[100.28306,13.64251],[100.28346,13.64254],[100.28397,13.64205],[100.28487,13.64257],[100.28597,13.64224],[100.28798,13.64283],[100.28865,13.64229],[100.29406,13.64182],[100.29837,13.64084],[100.30149,13.64072],[100.30199,13.64033],[100.3025,13.64024],[100.30571,13.64043],[100.30656,13.64029],[100.30972,13.64068],[100.3116,13.64056],[100.31345,13.63999]]]}},{"type":"Feature","properties":{"id":"คลองกระทุ่มโพธิ์","name":"คลองกระทุ่มโพธิ์","kind":"canal"},"geometry":{"type":"MultiLineString","coordinates":[[[100.61826,13.89468],[100.61824,13.8954],[100.61901,13.89596],[100.61916,13.8963],[100.61965,13.89835],[100.61955,13.89906],[100.6166,13.89865],[100.61365,13.90147]]]}},{"type":"Feature","properties":{"id":"คลองกระพัง","name":"คลองกระพัง","kind":"canal"},"geometry":{"type":"MultiLineString","coordinates":[[[100.26827,14.1691],[100.26947,14.1689],[100.2696,14.16866],[100.26812,14.14639]]]}},{"type":"Feature","properties":{"id":"คลองกระสง","name":"คลองกระสง","kind":"canal"},"geometry":{"type":"MultiLineString","coordinates":[[[100.66326,13.58594],[100.66248,13.58523],[100.66193,13.58349],[100.66087,13.58177],[100.65887,13.58074]],[[100.65887,13.58074],[100.6586,13.58039],[100.65828,13.57912],[100.65667,13.57701]]]}},{"type":"Feature","properties":{"id":"คลองกระออม","name":"คลองกระออม","kind":"canal"},"geometry":{"type":"MultiLineString","coordinates":[[[100.50674,13.56031],[100.50584,13.55971],[100.50614,13.55841],[100.506,13.55779],[100.50541,13.55748],[100.50455,13.55749],[100.50412,13.55707],[100.50503,13.55517],[100.50455,13.55503],[100.50365,13.55529],[100.50279,13.55502],[100.5025,13.55447],[100.50294,13.55393],[100.50415,13.55349],[100.50468,13.5529]]]}},{"type":"Feature","properties":{"id":"คลองกระออมใน","name":"คลองกระออมใน","kind":"canal"},"geometry":{"type":"MultiLineString","coordinates":[[[100.51149,13.59685],[100.5157,13.59524],[100.517,13.59387],[100.51803,13.59175],[100.52023,13.59031],[100.52142,13.58979],[100.52292,13.58716],[100.52353,13.58234],[100.52392,13.58241]],[[100.50559,13.59764],[100.50597,13.59773],[100.50678,13.59745],[100.50768,13.59762],[100.50889,13.59737]],[[100.50889,13.59737],[100.51149,13.59685]]]}},{"type":"Feature","properties":{"id":"คลองกระเจ็ดใหญ่","name":"คลองกระเจ็ดใหญ่","kind":"canal"},"geometry":{"type":"MultiLineString","coordinates":[[[100.29655,13.54729],[100.29667,13.54801],[100.2964,13.54816],[100.29607,13.54802],[100.29604,13.54876],[100.29575,13.54892],[100.29598,13.54971],[100.2952,13.54969],[100.29525,13.55001],[100.29584,13.55006],[100.29572,13.55103],[100.29523,13.55119],[100.29502,13.55169],[100.29469,13.55181],[100.29409,13.55147],[100.29406,13.55086],[100.29369,13.55078],[100.29332,13.55103],[100.293,13.55177]]]}},{"type":"Feature","properties":{"id":"คลองกระแชง","name":"คลองกระแชง","kind":"canal"},"geometry":{"type":"MultiLineString","coordinates":[[[100.54855,14.03641],[100.54925,14.0357],[100.55024,14.0356],[100.55309,14.03416],[100.55897,14.03177],[100.56067,14.03132]],[[100.56103,14.03123],[100.5612,14.03121]],[[100.56067,14.03132],[100.56103,14.03123]]]}},{"type":"Feature","properties":{"id":"คลองกระแชงเตย","name":"คลองกระแชงเตย","kind":"canal"},"geometry":{"type":"MultiLineString","coordinates":[[[100.9154,13.65834],[100.91904,13.65816],[100.92207,13.65773],[100.92844,13.65806],[100.92985,13.65752],[100.9308,13.6574],[100.93407,13.65806],[100.93583,13.65876],[100.93765,13.65888],[100.9387,13.65863],[100.94166,13.65728],[100.94573,13.65651],[100.94675,13.65422]]]}},{"type":"Feature","properties":{"id":"คลองกลั่นหอม","name":"คลองกลั่นหอม","kind":"canal"},"geometry":{"type":"MultiLineString","coordinates":[[[100.82451,13.69478],[100.82999,13.68867],[100.83549,13.68589]]]}},{"type":"Feature","properties":{"id":"คลองกลั่นหอมบน","name":"คลองกลั่นหอมบน","kind":"canal"},"geometry":{"type":"MultiLineString","coordinates":[[[100.85635,13.66909],[100.85558,13.67015],[100.85483,13.67075],[100.85352,13.6712],[100.85181,13.67216],[100.84664,13.67551],[100.84852,13.68278],[100.84764,13.68306],[100.84745,13.68356],[100.84602,13.68383],[100.84407,13.68471],[100.84303,13.68495],[100.84265,13.68304],[100.84123,13.68328],[100.83869,13.68417],[100.83547,13.68581]]]}},{"type":"Feature","properties":{"id":"คลองกลางทุ่ง","name":"คลองกลางทุ่ง","kind":"canal"},"geometry":{"type":"MultiLineString","coordinates":[[[100.40566,13.60092],[100.40727,13.59669],[100.40715,13.59558],[100.40696,13.5953],[100.40729,13.59516],[100.40727,13.595],[100.40587,13.59248],[100.40656,13.59028],[100.40698,13.58974],[100.40819,13.58896],[100.40884,13.58911],[100.40923,13.58898],[100.40959,13.58915],[100.41067,13.58902],[100.41122,13.5892],[100.41141,13.58899],[100.41164,13.58914],[100.41222,13.58814]],[[100.41257,13.58112],[100.41274,13.57913],[100.4122,13.57848],[100.41099,13.5776],[100.41103,13.57535]],[[100.41389,13.5832],[100.414,13.58247],[100.41266,13.58214],[100.41257,13.58112]],[[100.41222,13.58814],[100.41247,13.58744],[100.41302,13.58707],[100.41355,13.5853]],[[100.41355,13.5853],[100.41389,13.5832]],[[100.41922,13.58836],[100.41976,13.58777],[100.42079,13.58763],[100.42157,13.58782],[100.42288,13.5878],[100.42393,13.58654],[100.42518,13.58606],[100.42622,13.58615],[100.42659,13.586],[100.42727,13.58523],[100.42945,13.58561],[100.43007,13.58491],[100.43117,13.58412],[100.43329,13.58413],[100.43518,13.58558],[100.43546,13.58561],[100.43986,13.58543],[100.44077,13.58495]]]}},{"type":"Feature","properties":{"id":"คลองกลางเกร็ด","name":"คลองกลางเกร็ด","kind":"canal"},"geometry":{"type":"MultiLineString","coordinates":[[[100.49095,13.90643],[100.49335,13.90617]]]}},{"type":"Feature","properties":{"id":"คลองกะจะ","name":"คลองกะจะ","kind":"canal"},"geometry":{"type":"MultiLineString","coordinates":[[[100.60106,13.7481],[100.61044,13.74371]],[[100.62195,13.74641],[100.63078,13.74859],[100.63578,13.75006]],[[100.61044,13.74371],[100.61167,13.74379],[100.61996,13.74603],[100.62195,13.74641]]]}},{"type":"Feature","properties":{"id":"คลองกะเฉด","name":"คลองกะเฉด","kind":"canal"},"geometry":{"type":"MultiLineString","coordinates":[[[100.62302,13.88241],[100.62296,13.88048],[100.62201,13.87906],[100.62154,13.87715],[100.6214,13.87596],[100.62174,13.87384],[100.62083,13.87168],[100.62101,13.87133],[100.62426,13.87094],[100.62409,13.86954],[100.6281,13.8693],[100.62793,13.86421],[100.62937,13.85966],[100.6287,13.85902],[100.62797,13.85746]],[[100.62778,13.85715],[100.62689,13.8556]],[[100.62797,13.85746],[100.62778,13.85715]]]}},{"type":"Feature","properties":{"id":"คลองกะโหลก","name":"คลองกะโหลก","kind":"canal"},"geometry":{"type":"MultiLineString","coordinates":[[[100.68373,13.84809],[100.6847,13.84775],[100.68998,13.84492],[100.69313,13.84419],[100.69409,13.8437],[100.69504,13.84349],[100.69741,13.84325],[100.70097,13.84334],[100.70371,13.84304],[100.70445,13.84504]]]}},{"type":"Feature","properties":{"id":"คลองกันยา","name":"คลองกันยา","kind":"canal"},"geometry":{"type":"MultiLineString","coordinates":[[[100.85322,13.57597],[100.85308,13.57384],[100.85422,13.57273],[100.85475,13.57157],[100.85409,13.56993],[100.85392,13.56859],[100.85305,13.56617],[100.85308,13.56456],[100.85346,13.56204],[100.8534,13.56096],[100.8521,13.55977],[100.85073,13.55923],[100.85016,13.55837],[100.84957,13.5564],[100.84907,13.55368],[100.84757,13.55047]],[[100.84737,13.55003],[100.84652,13.54834],[100.84335,13.54402]],[[100.84757,13.55047],[100.84737,13.55003]],[[100.84179,13.5414],[100.83434,13.52412]],[[100.84335,13.54402],[100.84179,13.5414]]]}},{"type":"Feature","properties":{"id":"คลองกาหลง","name":"คลองกาหลง","kind":"canal"},"geometry":{"type":"MultiLineString","coordinates":[[[100.85933,13.68944],[100.85925,13.68841],[100.85869,13.68707],[100.85885,13.68589],[100.85871,13.68309],[100.85737,13.68024],[100.85734,13.67981],[100.85817,13.67791],[100.8593,13.67441],[100.85945,13.67309],[100.85917,13.67038],[100.85881,13.6699],[100.85798,13.66945],[100.85623,13.66902],[100.85555,13.66784],[100.8543,13.6669]],[[100.86078,13.69699],[100.85933,13.68944]],[[100.86133,13.66707],[100.86323,13.6654],[100.86617,13.66489]],[[100.85917,13.67038],[100.86046,13.66942],[100.861,13.66748],[100.86133,13.66707]]]}},{"type":"Feature","properties":{"id":"คลองกำนันขาว","name":"คลองกำนันขาว","kind":"canal"},"geometry":{"type":"MultiLineString","coordinates":[[[100.26072,13.80859],[100.26049,13.82912]]]}},{"type":"Feature","properties":{"id":"คลองกำนันชื้น","name":"คลองกำนันชื้น","kind":"canal"},"geometry":{"type":"MultiLineString","coordinates":[[[100.31361,13.88548],[100.31309,13.88903],[100.311,13.89726],[100.311,13.90207],[100.31048,13.90639],[100.31042,13.91843]],[[100.31042,13.91843],[100.30789,13.92307]]]}},{"type":"Feature","properties":{"id":"คลองกำนันเทียน","name":"คลองกำนันเทียน","kind":"canal"},"geometry":{"type":"MultiLineString","coordinates":[[[100.34029,13.71938],[100.34491,13.72209],[100.34996,13.72392],[100.35633,13.72543],[100.36482,13.72625]],[[100.34996,13.72392],[100.34948,13.72787],[100.34848,13.7288],[100.34817,13.73709]]]}},{"type":"Feature","properties":{"id":"คลองกีบหมู","name":"คลองกีบหมู","kind":"canal"},"geometry":{"type":"MultiLineString","coordinates":[[[100.70579,13.82111],[100.70575,13.82065],[100.70517,13.82018],[100.70471,13.8194],[100.70333,13.81875],[100.70162,13.8183],[100.70057,13.8176]],[[100.71306,13.84587],[100.71271,13.84395],[100.71028,13.83695],[100.70997,13.83555]],[[100.70874,13.83389],[100.70879,13.83269],[100.7079,13.83037],[100.70593,13.82297],[100.7057,13.82191],[100.70579,13.82111]],[[100.70997,13.83555],[100.70942,13.8346],[100.70874,13.83389]]]}},{"type":"Feature","properties":{"id":"คลองกุฎีจีน","name":"คลองกุฎีจีน","kind":"canal"},"geometry":{"type":"MultiLineString","coordinates":[[[100.49328,13.74115],[100.49275,13.73931],[100.49161,13.73825],[100.49075,13.73675],[100.48984,13.73669]]]}},{"type":"Feature","properties":{"id":"คลองกุ่ม","name":"คลองกุ่ม","kind":"canal"},"geometry":{"type":"MultiLineString","coordinates":[[[100.66556,13.80474],[100.66627,13.79925],[100.66673,13.79763],[100.66896,13.79312],[100.66875,13.79276],[100.66879,13.79234],[100.67245,13.78599]]]}},{"type":"Feature","properties":{"id":"คลองกุ่มแดง","name":"คลองกุ่มแดง","kind":"canal"},"geometry":{"type":"MultiLineString","coordinates":[[[100.6531,13.86068],[100.65301,13.86161],[100.65334,13.86182],[100.65391,13.86298],[100.65399,13.86399],[100.65326,13.86475],[100.65278,13.86706],[100.65142,13.86985],[100.6503,13.873],[100.64762,13.87252]],[[100.6473,13.87247],[100.64578,13.87228],[100.64549,13.87239]]]}},{"type":"Feature","properties":{"id":"คลองกูบแดง","name":"คลองกูบแดง","kind":"canal"},"geometry":{"type":"MultiLineString","coordinates":[[[100.64762,13.87252],[100.6473,13.87247]]]}},{"type":"Feature","properties":{"id":"คลองกู้พารา","name":"คลองกู้พารา","kind":"canal"},"geometry":{"type":"MultiLineString","coordinates":[[[100.72036,13.60046],[100.72002,13.59887],[100.71938,13.59723],[100.71897,13.5946],[100.71965,13.59276],[100.71965,13.59095],[100.71917,13.58874],[100.71952,13.58772],[100.71968,13.58618],[100.7192,13.58421],[100.71926,13.58031],[100.71879,13.57917],[100.71885,13.57784],[100.71834,13.57687],[100.71871,13.57617],[100.71874,13.57566],[100.71817,13.57459],[100.71872,13.57213],[100.71868,13.57128],[100.71909,13.57056],[100.71802,13.56959],[100.71788,13.56923],[100.71823,13.56865],[100.71826,13.56776],[100.71894,13.56654],[100.71892,13.56385]],[[100.72045,13.60305],[100.72036,13.60046]],[[100.71892,13.56385],[100.71866,13.55082],[100.71831,13.54867],[100.7177,13.54815]]]}},{"type":"Feature","properties":{"id":"คลองก้นบึ้ง","name":"คลองก้นบึ้ง","kind":"canal"},"geometry":{"type":"MultiLineString","coordinates":[[[100.87468,13.52952],[100.87415,13.52776],[100.8725,13.52522],[100.87205,13.52381],[100.87216,13.52314],[100.87264,13.52225],[100.87375,13.5212],[100.87409,13.5206],[100.87403,13.5199],[100.87343,13.51817],[100.87252,13.51663],[100.87209,13.51541],[100.87156,13.51291],[100.87207,13.50926],[100.87255,13.50779],[100.87262,13.5069],[100.87277,13.50149],[100.87216,13.49828],[100.87247,13.49486],[100.87236,13.49377],[100.87157,13.49062],[100.87001,13.48907]]]}},{"type":"Feature","properties":{"id":"คลองขนมจีน","name":"คลองขนมจีน","kind":"canal"},"geometry":{"type":"MultiLineString","coordinates":[[[100.48438,13.7629],[100.48384,13.76116]]]}},{"type":"Feature","properties":{"id":"คลองขนอน","name":"คลองขนอน","kind":"canal"},"geometry":{"type":"MultiLineString","coordinates":[[[100.5468,14.0501],[100.5471,14.05103],[100.54781,14.05139],[100.54952,14.0541]],[[100.54016,14.04698],[100.54213,14.0462],[100.5444,14.04902],[100.54616,14.05011],[100.54664,14.04994],[100.5468,14.0501]]]}},{"type":"Feature","properties":{"id":"คลองขวดด้วน","name":"คลองขวดด้วน","kind":"canal"},"geometry":{"type":"MultiLineString","coordinates":[[[100.65011,13.84507],[100.65018,13.84482],[100.64771,13.8441],[100.6484,13.83987],[100.64864,13.8362],[100.64852,13.83384]],[[100.64838,13.83268],[100.64913,13.82657],[100.6467,13.82636]],[[100.64852,13.83384],[100.64838,13.83268]],[[100.6499,13.84557],[100.65011,13.84507]],[[100.64963,13.8463],[100.6499,13.84557]]]}},{"type":"Feature","properties":{"id":"คลองขวาง","name":"คลองขวาง","kind":"canal"},"geometry":{"type":"MultiLineString","coordinates":[[[100.47526,13.68327],[100.47562,13.68432],[100.47536,13.68509],[100.47541,13.68554],[100.47582,13.68635],[100.474,13.68843]],[[101.05674,13.84767],[101.05652,13.84721],[101.05409,13.84538],[101.04926,13.84104],[101.04,13.83219],[101.02018,13.81222],[101.01873,13.80983],[101.01679,13.80545],[101.01591,13.8041],[101.0125,13.8006],[100.97941,13.76382],[100.95979,13.74031],[100.95472,13.73627],[100.93229,13.71154]],[[100.4116,13.67005],[100.40988,13.67222],[100.40875,13.67499],[100.40761,13.67671]],[[100.50373,13.64442],[100.50345,13.64488],[100.5035,13.6456],[100.50499,13.64622],[100.50425,13.64862],[100.50339,13.64917],[100.50218,13.64961],[100.5,13.65118],[100.49961,13.65069],[100.4971,13.6529],[100.49491,13.6542]],[[100.32173,14.08007],[100.3238,14.08802],[100.32705,14.10194],[100.32928,14.12095]],[[100.3346,14.01466],[100.32512,14.03142],[100.3207,14.03989],[100.31848,14.04492],[100.31674,14.05153],[100.31618,14.05749],[100.31624,14.05917],[100.31711,14.06173],[100.32173,14.08007]],[[100.93229,13.71154],[100.91185,13.69076],[100.90271,13.68121]],[[100.33059,14.13333],[100.33059,14.13946]],[[100.32928,14.12095],[100.33059,14.13333]],[[100.5168,13.70377],[100.51422,13.70444],[100.51084,13.70697],[100.51038,13.7075],[100.50982,13.7077],[100.50907,13.7083],[100.50905,13.70866],[100.50871,13.70871],[100.50873,13.70894],[100.50833,13.70901],[100.50637,13.71038]],[[100.47283,13.78198],[100.47599,13.77933]]]}},{"type":"Feature","properties":{"id":"คลองขวางทุ่งมหาเมฆ","name":"คลองขวางทุ่งมหาเมฆ","kind":"canal"},"geometry":{"type":"MultiLineString","coordinates":[[[100.54811,13.70799],[100.54668,13.7107],[100.54561,13.71228],[100.54549,13.71392],[100.54437,13.7176],[100.54369,13.71859],[100.54176,13.71762]],[[100.54969,13.70606],[100.54873,13.70702]],[[100.54873,13.70702],[100.54811,13.70799]]]}},{"type":"Feature","properties":{"id":"คลองขวางบน","name":"คลองขวางบน","kind":"canal"},"geometry":{"type":"MultiLineString","coordinates":[[[100.60639,13.70529],[100.60888,13.70589],[100.60998,13.70577],[100.61227,13.7062],[100.6139,13.70625],[100.61589,13.70684]]]}},{"type":"Feature","properties":{"id":"คลองขันแตก","name":"คลองขันแตก","kind":"canal"},"geometry":{"type":"MultiLineString","coordinates":[[[100.70031,13.69551],[100.70159,13.69532],[100.70363,13.69534],[100.70388,13.69607],[100.70526,13.6961],[100.70987,13.69513]],[[100.71783,13.69376],[100.71128,13.69472],[100.71021,13.69505]],[[100.70987,13.69513],[100.71021,13.69505]]]}},{"type":"Feature","properties":{"id":"คลองขี้หมูไหล","name":"คลองขี้หมูไหล","kind":"canal"},"geometry":{"type":"MultiLineString","coordinates":[[[100.43121,13.73782],[100.42685,13.7389]],[[100.43161,13.73339],[100.43163,13.73765],[100.43121,13.73782]]]}},{"type":"Feature","properties":{"id":"คลองขี้เสือใหญ่","name":"คลองขี้เสือใหญ่","kind":"canal"},"geometry":{"type":"MultiLineString","coordinates":[[[100.62881,13.84025],[100.62942,13.83947],[100.6307,13.83948],[100.63095,13.83686],[100.63088,13.83426],[100.63148,13.83392]],[[100.63085,13.83249],[100.63061,13.83063]],[[100.6286,13.84263],[100.62915,13.84114],[100.62881,13.84025]],[[100.63061,13.83063],[100.63067,13.82974]],[[100.63116,13.83325],[100.6309,13.8326]],[[100.63122,13.83339],[100.63116,13.83325]],[[100.6309,13.8326],[100.63085,13.83249]],[[100.63148,13.83392],[100.63122,13.83339]],[[100.63063,13.82934],[100.62982,13.82906],[100.6295,13.82767],[100.62867,13.82554]],[[100.62846,13.82505],[100.62655,13.82145],[100.62596,13.81923]],[[100.62867,13.82554],[100.62846,13.82505]],[[100.63067,13.82974],[100.63063,13.82934]]]}},{"type":"Feature","properties":{"id":"คลองขี้เหล็ก","name":"คลองขี้เหล็ก","kind":"canal"},"geometry":{"type":"MultiLineString","coordinates":[[[100.53848,13.88218],[100.53943,13.88454],[100.53939,13.88636],[100.53973,13.88758],[100.54012,13.88775],[100.54103,13.88995]],[[100.54113,13.89],[100.54137,13.89029],[100.54239,13.89024]],[[100.54103,13.88995],[100.54113,13.89]]]}},{"type":"Feature","properties":{"id":"คลองขื่อขวาง","name":"คลองขื่อขวาง","kind":"canal"},"geometry":{"type":"MultiLineString","coordinates":[[[100.40303,13.824],[100.40356,13.82263],[100.40398,13.82233],[100.40411,13.82175],[100.40626,13.81765],[100.40822,13.8147],[100.40991,13.81104],[100.41324,13.80512]],[[100.41324,13.80512],[100.41522,13.80116]]]}},{"type":"Feature","properties":{"id":"คลองขุด","name":"คลองขุด","kind":"canal"},"geometry":{"type":"MultiLineString","coordinates":[[[100.35919,13.76886],[100.35736,13.77422],[100.35663,13.77553],[100.35627,13.77775]],[[100.48126,13.54524],[100.48104,13.5464],[100.48836,13.55486]],[[100.48035,14.08939],[100.48164,14.08876],[100.48255,14.08803],[100.48472,14.08716],[100.48763,14.0863],[100.4907,14.08576],[100.49301,14.08507],[100.4932,14.08259],[100.49397,14.07842],[100.49431,14.07816],[100.49696,14.078],[100.49851,14.07696],[100.49929,14.07611],[100.50018,14.07407],[100.50028,14.07308]],[[100.3562,13.77864],[100.35601,13.7803],[100.35568,13.78034]],[[100.35627,13.77775],[100.3562,13.77864]]]}},{"type":"Feature","properties":{"id":"คลองขุด 2","name":"คลองขุด 2","kind":"canal"},"geometry":{"type":"MultiLineString","coordinates":[[[100.30868,13.5517],[100.3085,13.55465],[100.30862,13.55524],[100.30902,13.55574],[100.30883,13.55586],[100.30833,13.55567],[100.30828,13.55612],[100.30877,13.55643],[100.30882,13.55678],[100.30862,13.55697],[100.30905,13.55707],[100.30878,13.55914]]]}},{"type":"Feature","properties":{"id":"คลองขุดวัดช่องลม","name":"คลองขุดวัดช่องลม","kind":"canal"},"geometry":{"type":"MultiLineString","coordinates":[[[100.54925,13.70505],[100.54797,13.70361],[100.54775,13.70314],[100.5478,13.70207],[100.54826,13.70116],[100.54941,13.70005],[100.55137,13.69966]]]}},{"type":"Feature","properties":{"id":"คลองขุดเจ้าเมือง","name":"คลองขุดเจ้าเมือง","kind":"canal"},"geometry":{"type":"MultiLineString","coordinates":[[[100.52163,13.64223],[100.52197,13.64282],[100.52369,13.64434],[100.52549,13.64638],[100.53015,13.65068]],[[100.51695,13.63774],[100.52163,13.64223]],[[100.51684,13.6364],[100.51764,13.63515],[100.51804,13.63492]],[[100.51684,13.6364],[100.51677,13.63734],[100.51695,13.63774]]]}},{"type":"Feature","properties":{"id":"คลองขุดใหม่","name":"คลองขุดใหม่","kind":"canal"},"geometry":{"type":"MultiLineString","coordinates":[[[100.27665,14.15568],[100.27672,14.15914],[100.27649,14.16052],[100.27672,14.16198],[100.27664,14.16349],[100.27718,14.16368],[100.27726,14.1654],[100.27551,14.16565],[100.27615,14.17095]],[[100.3481,13.82469],[100.3437,13.8248],[100.34222,13.82525],[100.33998,13.82538],[100.33259,13.82524],[100.32835,13.82553],[100.31917,13.82254]],[[100.2565,13.81878],[100.25206,13.8188],[100.25025,13.81916],[100.22766,13.82137],[100.22563,13.82152],[100.22415,13.82134]],[[100.91928,13.83779],[100.92081,13.83731],[100.92386,13.83753],[100.92796,13.83665],[100.92928,13.83517],[100.93016,13.83382],[100.93203,13.83029],[100.93495,13.82799],[100.93555,13.8279],[100.93641,13.82818],[100.93701,13.82813],[100.93756,13.82758],[100.93781,13.82638],[100.93826,13.82578],[100.93894,13.82558],[100.9435,13.8266],[100.94471,13.82641],[100.94582,13.82568],[100.94699,13.82296],[100.94887,13.82115],[100.95337,13.82061],[100.95555,13.81958]],[[100.69782,13.58652],[100.68825,13.53404],[100.68455,13.52428],[100.68349,13.51959],[100.68262,13.51697]],[[100.69995,13.60664],[100.69782,13.58652]]]}},{"type":"Feature","properties":{"id":"คลองขุนจันทร์","name":"คลองขุนจันทร์","kind":"canal"},"geometry":{"type":"MultiLineString","coordinates":[[[100.44463,13.7809],[100.44412,13.78451],[100.44434,13.78495],[100.44459,13.78501]]]}},{"type":"Feature","properties":{"id":"คลองขุนจ่าเมือง","name":"คลองขุนจ่าเมือง","kind":"canal"},"geometry":{"type":"MultiLineString","coordinates":[[[100.47321,13.53831],[100.47296,13.53818],[100.45455,13.53914],[100.45225,13.53904],[100.4459,13.53962],[100.44567,13.53915],[100.44575,13.53787],[100.44534,13.53524],[100.44498,13.5341],[100.44553,13.53189],[100.44464,13.52944],[100.44179,13.52854],[100.44146,13.52803],[100.44141,13.52746],[100.4411,13.52714],[100.43839,13.52581],[100.43734,13.52555]]]}},{"type":"Feature","properties":{"id":"คลองขุนมหาดไทย","name":"คลองขุนมหาดไทย","kind":"canal"},"geometry":{"type":"MultiLineString","coordinates":[[[100.4459,13.91993],[100.4442,13.91435]],[[100.44767,13.92874],[100.44616,13.92414],[100.4459,13.91993]],[[100.45856,13.95032],[100.45868,13.94982],[100.45812,13.94792],[100.45882,13.94714],[100.45903,13.94446],[100.45737,13.94349],[100.45592,13.9419],[100.45488,13.94106],[100.45433,13.94096],[100.45405,13.9401]],[[100.45405,13.9401],[100.45103,13.93832],[100.45063,13.93789]],[[100.45063,13.93789],[100.44996,13.93667],[100.44845,13.93041],[100.44792,13.9294]],[[100.44398,13.91364],[100.43936,13.89942]],[[100.44792,13.9294],[100.44775,13.92899]],[[100.44775,13.92899],[100.44767,13.92874]],[[100.4442,13.91435],[100.44398,13.91364]],[[100.45846,13.95099],[100.45856,13.95032]],[[100.45877,13.9528],[100.45886,13.95163],[100.45846,13.95128],[100.45846,13.95099]]]}},{"type":"Feature","properties":{"id":"คลองขุนราชพินิจใจ","name":"คลองขุนราชพินิจใจ","kind":"canal"},"geometry":{"type":"MultiLineString","coordinates":[[[100.4466,13.54089],[100.44444,13.55371],[100.44513,13.56352]],[[100.44513,13.56352],[100.44673,13.58224],[100.44667,13.58345],[100.44628,13.58475],[100.44665,13.58613],[100.44657,13.58704],[100.44743,13.5878],[100.44768,13.58911],[100.4493,13.59089],[100.44921,13.59208],[100.44989,13.59259],[100.45018,13.59359],[100.45072,13.59426],[100.45102,13.59573],[100.45092,13.59659],[100.45214,13.59832],[100.45217,13.60055],[100.45244,13.60179],[100.45316,13.60281],[100.4538,13.60447],[100.45374,13.60599]],[[100.45329,13.50399],[100.44927,13.52542],[100.44883,13.52668],[100.44864,13.52907],[100.44731,13.53665]],[[100.44731,13.53665],[100.4466,13.54089]]]}},{"type":"Feature","properties":{"id":"คลองขุนศรี","name":"คลองขุนศรี","kind":"canal"},"geometry":{"type":"MultiLineString","coordinates":[[[100.3019,14.08431],[100.3022,14.0635]],[[100.2976,14.14255],[100.29748,14.14171],[100.29776,14.14067]],[[100.30184,14.10658],[100.30205,14.10078],[100.3019,14.08431]],[[100.2982,14.13778],[100.30022,14.1243],[100.30109,14.11496]],[[100.30109,14.11496],[100.30184,14.10658]],[[100.30191,14.02897],[100.29649,14.01058],[100.29023,13.99261]],[[100.29883,14.16691],[100.29898,14.15335],[100.29934,14.15077],[100.2976,14.14255]],[[100.3022,14.0635],[100.30239,14.03809]],[[100.30239,14.03809],[100.30223,14.03229],[100.30191,14.02897]],[[100.29776,14.14067],[100.29787,14.14]],[[100.29787,14.14],[100.2982,14.13778]]]}},{"type":"Feature","properties":{"id":"คลองขุนศรีบุรีรักษ์","name":"คลองขุนศรีบุรีรักษ์","kind":"canal"},"geometry":{"type":"MultiLineString","coordinates":[[[100.36871,13.80202],[100.36935,13.79951],[100.36875,13.79753],[100.36872,13.79597],[100.36923,13.78955],[100.37084,13.78535],[100.37126,13.78372],[100.37153,13.78152],[100.37486,13.77124],[100.37512,13.76931],[100.37513,13.76682]]]}},{"type":"Feature","properties":{"id":"คลองขุนเจน","name":"คลองขุนเจน","kind":"canal"},"geometry":{"type":"MultiLineString","coordinates":[[[100.35556,13.8414],[100.35555,13.83759],[100.3566,13.82026],[100.35788,13.8166],[100.35869,13.81545]],[[100.35869,13.81545],[100.35892,13.81513]],[[100.35892,13.81513],[100.35978,13.81307]]]}},{"type":"Feature","properties":{"id":"คลองข่อย","name":"คลองข่อย","kind":"canal"},"geometry":{"type":"MultiLineString","coordinates":[[[100.46601,13.93634],[100.46535,13.93632],[100.46491,13.93657],[100.46468,13.93752],[100.46483,13.93823],[100.46463,13.93848],[100.46348,13.93871],[100.46284,13.93858],[100.46228,13.93885],[100.46182,13.93944],[100.46062,13.93931],[100.45788,13.94045],[100.45577,13.94023],[100.45426,13.94088]],[[100.46437,13.67102],[100.4672,13.67166]]]}},{"type":"Feature","properties":{"id":"คลองข้างซอยวิเชียร","name":"คลองข้างซอยวิเชียร","kind":"canal"},"geometry":{"type":"MultiLineString","coordinates":[[[100.49694,13.65911],[100.50057,13.65684],[100.49993,13.65564]]]}},{"type":"Feature","properties":{"id":"คลองข้างวัดเกาะ","name":"คลองข้างวัดเกาะ","kind":"canal"},"geometry":{"type":"MultiLineString","coordinates":[[[100.63365,13.90746],[100.63412,13.90646],[100.63436,13.90436]],[[100.63334,13.90899],[100.63359,13.90772]],[[100.63359,13.90772],[100.63365,13.90746]]]}},{"type":"Feature","properties":{"id":"คลองข้างโรงเรียน","name":"คลองข้างโรงเรียน","kind":"canal"},"geometry":{"type":"MultiLineString","coordinates":[[[100.41751,13.53004],[100.4176,13.52598],[100.41801,13.52486]]]}},{"type":"Feature","properties":{"id":"คลองข้างโรงเรียนขจรโรจน์","name":"คลองข้างโรงเรียนขจรโรจน์","kind":"canal"},"geometry":{"type":"MultiLineString","coordinates":[[[100.49935,13.65413],[100.4963,13.65614]]]}},{"type":"Feature","properties":{"id":"คลองข้างไปรษณีย์","name":"คลองข้างไปรษณีย์","kind":"canal"},"geometry":{"type":"MultiLineString","coordinates":[[[100.50114,13.66948],[100.50855,13.66732],[100.51095,13.66697]]]}},{"type":"Feature","properties":{"id":"คลองคต","name":"คลองคต","kind":"canal"},"geometry":{"type":"MultiLineString","coordinates":[[[100.27336,13.77996],[100.27393,13.7813],[100.27342,13.7853],[100.27442,13.78545],[100.27454,13.78845],[100.27644,13.79686]],[[100.27705,13.80128],[100.27691,13.80164],[100.27713,13.80272],[100.27608,13.80298]],[[100.27644,13.79686],[100.27646,13.79695]],[[100.27646,13.79695],[100.27661,13.79762]],[[100.27661,13.79762],[100.27663,13.79771]],[[100.27663,13.79771],[100.27666,13.79782]],[[100.27666,13.79782],[100.27668,13.79792]],[[100.27668,13.79792],[100.27695,13.7991]],[[100.27695,13.7991],[100.27696,13.79916]],[[100.27696,13.79916],[100.27723,13.80076],[100.2771,13.80119]],[[100.2771,13.80119],[100.27705,13.80128]]]}},{"type":"Feature","properties":{"id":"คลองคราม","name":"คลองคราม","kind":"canal"},"geometry":{"type":"MultiLineString","coordinates":[[[100.25848,13.77697],[100.25812,13.77753],[100.25795,13.7787],[100.2577,13.78154],[100.25779,13.7831],[100.25858,13.79333],[100.25886,13.7944],[100.25909,13.79764],[100.26013,13.79889],[100.25998,13.79921],[100.25794,13.80069]],[[100.26243,13.77501],[100.26232,13.77516],[100.26201,13.77505],[100.26165,13.77541],[100.26107,13.77527],[100.26076,13.77557],[100.26027,13.77538],[100.26004,13.77553],[100.25992,13.77616],[100.25918,13.77638],[100.25916,13.77664],[100.25855,13.77688]],[[100.25855,13.77688],[100.25848,13.77697]]]}},{"type":"Feature","properties":{"id":"คลองครุ","name":"คลองครุ","kind":"canal"},"geometry":{"type":"MultiLineString","coordinates":[[[100.66613,13.83486],[100.6666,13.83303],[100.66736,13.83132],[100.6678,13.82956],[100.66922,13.82555],[100.67117,13.82187],[100.67254,13.82007],[100.67398,13.81626],[100.67436,13.81294],[100.67414,13.81203],[100.67518,13.81043],[100.67589,13.80988],[100.67851,13.80446],[100.67985,13.80286],[100.6809,13.80219],[100.6812,13.80109],[100.6832,13.79717],[100.68462,13.79558],[100.6876,13.79065],[100.68831,13.7883]],[[100.2807,13.57295],[100.27967,13.57174],[100.27876,13.57151],[100.27768,13.57186],[100.27759,13.57303],[100.27688,13.57317],[100.27634,13.57282],[100.2761,13.57236],[100.27619,13.57198],[100.27678,13.57163]],[[100.2643,13.57363],[100.26578,13.57295],[100.26675,13.57212],[100.26812,13.57207],[100.26883,13.57176],[100.26945,13.57033],[100.27003,13.56998],[100.27043,13.56995],[100.27098,13.57036],[100.27185,13.57015]],[[100.24896,13.5607],[100.24954,13.5617],[100.25104,13.56302],[100.25167,13.56401],[100.25246,13.56793],[100.25307,13.56951],[100.25469,13.57161],[100.256,13.57278]],[[100.27678,13.57163],[100.27751,13.57117],[100.27749,13.56964],[100.27673,13.5684],[100.27588,13.56791],[100.27502,13.56778],[100.27443,13.56865],[100.27446,13.56906],[100.27219,13.57]],[[100.26684,13.57209],[100.26706,13.57143],[100.268,13.57076],[100.2684,13.57023],[100.26953,13.56767],[100.26995,13.5657],[100.27004,13.5636],[100.26979,13.56196],[100.26943,13.56144],[100.2679,13.55686],[100.26565,13.55351],[100.26474,13.55292],[100.2634,13.55273],[100.26227,13.55301],[100.26001,13.55399],[100.25798,13.55452],[100.25484,13.5543],[100.25303,13.55393]],[[100.66542,13.83742],[100.66587,13.83572]],[[100.66587,13.83572],[100.66613,13.83486]],[[100.256,13.57278],[100.25742,13.57376],[100.25867,13.57426],[100.25949,13.57438],[100.26128,13.57442],[100.2643,13.57363]]]}},{"type":"Feature","properties":{"id":"คลองควาย","name":"คลองควาย","kind":"canal"},"geometry":{"type":"MultiLineString","coordinates":[[[100.37077,13.77276],[100.37015,13.7726],[100.36785,13.77892],[100.3669,13.7819],[100.36754,13.78228],[100.36697,13.78361],[100.37021,13.78442],[100.37032,13.78487],[100.37093,13.78501],[100.3737,13.7851],[100.37562,13.78477],[100.37624,13.78455],[100.37614,13.78405],[100.37737,13.78206],[100.37791,13.78073],[100.37859,13.78082],[100.37884,13.78018],[100.38257,13.78062],[100.38278,13.78218],[100.38343,13.78289],[100.38376,13.78687],[100.38336,13.79089],[100.38265,13.79251],[100.38225,13.79473],[100.3812,13.79843],[100.38064,13.7992],[100.38058,13.80008],[100.38033,13.80043],[100.38031,13.80236]],[[100.49328,14.07666],[100.48563,14.07928],[100.4793,14.08177],[100.4612,14.0937],[100.46033,14.09492],[100.45893,14.09585],[100.45837,14.09646]],[[100.52404,14.07677],[100.52133,14.07611],[100.51526,14.07569],[100.51339,14.07439],[100.51234,14.07403],[100.50926,14.07402],[100.50626,14.07303],[100.50586,14.07334],[100.50621,14.07419],[100.50584,14.07439],[100.50531,14.07434],[100.50401,14.07356],[100.50327,14.07373],[100.50155,14.07291],[100.49957,14.07318],[100.49741,14.07307],[100.49622,14.07334],[100.49577,14.07314],[100.49507,14.07325],[100.4946,14.074],[100.49372,14.07453],[100.49349,14.07493],[100.49328,14.07666]],[[100.45837,14.09646],[100.45328,14.10011],[100.45265,14.10089],[100.45098,14.10215],[100.44799,14.10379],[100.44523,14.10602],[100.44385,14.10739]],[[100.44385,14.10739],[100.44183,14.10986],[100.44086,14.11044]],[[100.77847,13.67504],[100.77894,13.67139],[100.77792,13.66758],[100.77753,13.66465]],[[100.42078,13.68344],[100.42008,13.68379],[100.41887,13.68542],[100.41821,13.686],[100.41773,13.68893]],[[100.86948,13.548],[100.87414,13.54776],[100.87741,13.54721],[100.87922,13.5467]]]}},{"type":"Feature","properties":{"id":"คลองคอตัน","name":"คลองคอตัน","kind":"canal"},"geometry":{"type":"MultiLineString","coordinates":[[[100.67054,13.84684],[100.67725,13.84269],[100.67842,13.84225],[100.67894,13.84173],[100.68177,13.84007],[100.68651,13.83613],[100.68742,13.83449],[100.68809,13.83436]]]}},{"type":"Feature","properties":{"id":"คลองคอลาด","name":"คลองคอลาด","kind":"canal"},"geometry":{"type":"MultiLineString","coordinates":[[[100.89236,13.6442],[100.88964,13.64214],[100.88872,13.64074],[100.88821,13.63977],[100.88788,13.63805],[100.8872,13.63611],[100.8843,13.63229],[100.88417,13.63002]]]}},{"type":"Feature","properties":{"id":"คลองคันแอน","name":"คลองคันแอน","kind":"canal"},"geometry":{"type":"MultiLineString","coordinates":[[[100.45321,13.96531],[100.45166,13.96355],[100.45145,13.96256],[100.45389,13.95655],[100.45442,13.95402],[100.45441,13.95299],[100.45384,13.95182],[100.45092,13.94853]],[[100.43763,13.91885],[100.43742,13.91616],[100.43643,13.91428],[100.43538,13.91327],[100.42812,13.90867]],[[100.4427,13.93329],[100.43846,13.92591],[100.43789,13.92396],[100.43775,13.92214]],[[100.43775,13.92214],[100.43763,13.91885]],[[100.45092,13.94853],[100.45013,13.94733],[100.44735,13.94189]],[[100.44651,13.94023],[100.44381,13.93522]],[[100.44735,13.94189],[100.44651,13.94023]],[[100.44381,13.93522],[100.44305,13.93387]],[[100.44305,13.93387],[100.4427,13.93329]]]}},{"type":"Feature","properties":{"id":"คลองคาง","name":"คลองคาง","kind":"canal"},"geometry":{"type":"MultiLineString","coordinates":[[[100.59944,13.70384],[100.59889,13.70361],[100.59723,13.70688],[100.59727,13.70709]],[[100.59889,13.70361],[100.59784,13.70292],[100.59721,13.70117]],[[100.5964,13.70901],[100.59633,13.70908]],[[100.59727,13.70709],[100.5964,13.70901]]]}},{"type":"Feature","properties":{"id":"คลองคำหริ่ม","name":"คลองคำหริ่ม","kind":"canal"},"geometry":{"type":"MultiLineString","coordinates":[[[100.35418,13.68696],[100.35545,13.68295]]]}},{"type":"Feature","properties":{"id":"คลองคู","name":"คลองคู","kind":"canal"},"geometry":{"type":"MultiLineString","coordinates":[[[100.57043,14.09066],[100.57079,14.09079]],[[100.57785,14.09362],[100.57824,14.09372]],[[100.53074,14.0676],[100.53268,14.06929],[100.53287,14.06957],[100.53287,14.07024],[100.53376,14.07096],[100.53396,14.07164],[100.53499,14.07205],[100.53534,14.07251],[100.54011,14.07507],[100.54369,14.07684],[100.54452,14.07772],[100.54972,14.08051]],[[100.57079,14.09079],[100.57235,14.09134],[100.57584,14.09305],[100.57785,14.09362]],[[100.52797,13.56188],[100.5284,13.56099]],[[100.52575,13.56673],[100.52735,13.56631],[100.52756,13.56271],[100.52797,13.56188]],[[100.54972,14.08051],[100.5606,14.08646],[100.56622,14.08916],[100.56826,14.0899]],[[100.57824,14.09372],[100.58472,14.09549]],[[100.56826,14.0899],[100.57043,14.09066]]]}},{"type":"Feature","properties":{"id":"คลองคูลัด","name":"คลองคูลัด","kind":"canal"},"geometry":{"type":"MultiLineString","coordinates":[[[100.41173,13.82878],[100.41201,13.8281]],[[100.41791,13.82345],[100.41549,13.82613],[100.41381,13.82485],[100.41201,13.8281]],[[100.41173,13.82878],[100.41043,13.83097],[100.40769,13.83639]]]}},{"type":"Feature","properties":{"id":"คลองคูเมืองเดิม","name":"คลองคูเมืองเดิม","kind":"canal"},"geometry":{"type":"MultiLineString","coordinates":[[[100.49504,13.75703],[100.4952,13.7566]],[[100.49629,13.74823],[100.49641,13.74438],[100.49491,13.74269],[100.49365,13.74084]],[[100.4952,13.7566],[100.49522,13.75653]],[[100.49536,13.75589],[100.4956,13.75472]],[[100.49622,13.75126],[100.49623,13.75117]],[[100.4963,13.7485],[100.49629,13.74823]],[[100.49189,13.76075],[100.49504,13.75703]],[[100.49102,13.76185],[100.49189,13.76075]],[[100.49522,13.75653],[100.49536,13.75589]],[[100.4956,13.75472],[100.49573,13.75416]],[[100.49573,13.75416],[100.49622,13.75126]],[[100.49635,13.74976],[100.4963,13.7485]],[[100.49623,13.75117],[100.49635,13.74976]]]}},{"type":"Feature","properties":{"id":"คลองคู่ข้างโรงพยาบาลรถไฟมักกะสัน","name":"คลองคู่ข้างโรงพยาบาลรถไฟมักกะสัน","kind":"canal"},"geometry":{"type":"MultiLineString","coordinates":[[[100.55184,13.74964],[100.55132,13.74828]],[[100.55194,13.75006],[100.55184,13.74964]],[[100.55292,13.75278],[100.55194,13.75006]]]}},{"type":"Feature","properties":{"id":"คลองคู้บอน","name":"คลองคู้บอน","kind":"canal"},"geometry":{"type":"MultiLineString","coordinates":[[[100.67079,13.85276],[100.66973,13.85238],[100.66866,13.85179],[100.66805,13.85118],[100.66708,13.85079],[100.6659,13.85054],[100.66329,13.85049],[100.66154,13.84988],[100.66122,13.84914],[100.66132,13.84864],[100.66382,13.84553]]]}},{"type":"Feature","properties":{"id":"คลองคู้หมัน","name":"คลองคู้หมัน","kind":"canal"},"geometry":{"type":"MultiLineString","coordinates":[[[100.68989,13.79196],[100.69079,13.78971]]]}},{"type":"Feature","properties":{"id":"คลองค้างคาว","name":"คลองค้างคาว","kind":"canal"},"geometry":{"type":"MultiLineString","coordinates":[[[100.48744,13.62394],[100.48733,13.62255],[100.48749,13.62015],[100.48796,13.61948],[100.48874,13.61911],[100.4893,13.61817],[100.48918,13.61547]]]}},{"type":"Feature","properties":{"id":"คลองจระเข้น้อย","name":"คลองจระเข้น้อย","kind":"canal"},"geometry":{"type":"MultiLineString","coordinates":[[[100.82878,13.70192],[100.82566,13.69656],[100.82095,13.6896],[100.81855,13.68431],[100.81753,13.68351],[100.81668,13.68311]],[[100.83204,13.70856],[100.82878,13.70192]],[[100.81668,13.68311],[100.81387,13.68201],[100.81161,13.67966],[100.80982,13.67843],[100.8085,13.67711],[100.80617,13.67533],[100.80448,13.67448],[100.80209,13.674]]]}},{"type":"Feature","properties":{"id":"คลองจระเข้บัว","name":"คลองจระเข้บัว","kind":"canal"},"geometry":{"type":"MultiLineString","coordinates":[[[100.64027,13.85873],[100.64535,13.85921],[100.65453,13.86096],[100.65557,13.85821],[100.65623,13.85722],[100.65688,13.85573],[100.65726,13.85424],[100.65769,13.85407],[100.65789,13.8535],[100.65816,13.8534],[100.65843,13.85286],[100.65813,13.85147],[100.65824,13.85025],[100.65886,13.84849]]]}},{"type":"Feature","properties":{"id":"คลองจระเข้ใหญ่","name":"คลองจระเข้ใหญ่","kind":"canal"},"geometry":{"type":"MultiLineString","coordinates":[[[100.79768,13.59708],[100.79789,13.59671],[100.79882,13.59608],[100.79895,13.59372],[100.79937,13.59202],[100.79916,13.59055]],[[100.79684,13.66031],[100.79666,13.65902],[100.79516,13.65651],[100.79439,13.65441],[100.79328,13.652],[100.7928,13.65135],[100.79298,13.64802],[100.79227,13.64469],[100.79259,13.64404],[100.79433,13.64309],[100.79456,13.64035],[100.79562,13.63947],[100.79582,13.63904],[100.79508,13.63764],[100.7956,13.63636],[100.79562,13.63585],[100.79495,13.63489],[100.79386,13.63448],[100.79368,13.63422],[100.79356,13.63383],[100.79396,13.63165],[100.79391,13.63091],[100.79252,13.62824],[100.79232,13.62733],[100.79382,13.62592],[100.79494,13.62553],[100.79663,13.62584],[100.7972,13.62551],[100.79718,13.62427],[100.79657,13.62359],[100.79584,13.62314],[100.79581,13.62261],[100.79853,13.62005],[100.79906,13.61904]],[[100.80045,13.6077],[100.8001,13.60388],[100.79936,13.60313],[100.79764,13.60221],[100.79712,13.6012],[100.79695,13.59974],[100.79768,13.59708]],[[100.80198,13.67542],[100.80209,13.674],[100.80091,13.67139],[100.80057,13.66936],[100.79911,13.66744],[100.79702,13.66363],[100.79667,13.66188],[100.79684,13.66031]],[[100.78802,13.70716],[100.7883,13.70551],[100.78726,13.70381],[100.78749,13.70333],[100.79398,13.70093],[100.79427,13.70057],[100.79451,13.69891],[100.79426,13.69763],[100.79457,13.69364],[100.79595,13.69094],[100.79756,13.68875],[100.79787,13.68777],[100.79931,13.68553],[100.80121,13.68372],[100.8021,13.68233],[100.80264,13.67802],[100.80198,13.67542]],[[100.79906,13.61904],[100.79903,13.61864],[100.79787,13.61698],[100.79782,13.61647],[100.79919,13.61507],[100.79953,13.61307],[100.8001,13.61172],[100.80088,13.61061],[100.80086,13.60954],[100.80045,13.6077]]]}},{"type":"Feature","properties":{"id":"คลองจรเข้ขบ","name":"คลองจรเข้ขบ","kind":"canal"},"geometry":{"type":"MultiLineString","coordinates":[[[100.70132,13.72401],[100.70094,13.72227],[100.70136,13.71645],[100.70172,13.7161],[100.70249,13.71594]],[[100.70249,13.71594],[100.70124,13.71423],[100.69917,13.71212],[100.69712,13.70902],[100.69564,13.7074],[100.69478,13.70556],[100.69392,13.70465]]]}},{"type":"Feature","properties":{"id":"คลองจรเข้น้อย","name":"คลองจรเข้น้อย","kind":"canal"},"geometry":{"type":"MultiLineString","coordinates":[[[100.81729,13.66318],[100.8164,13.66681],[100.81403,13.6706],[100.81319,13.67228],[100.81238,13.67519],[100.81047,13.67884]]]}},{"type":"Feature","properties":{"id":"คลองจรเข้โพรง","name":"คลองจรเข้โพรง","kind":"canal"},"geometry":{"type":"MultiLineString","coordinates":[[[100.67177,13.9012],[100.6728,13.90027],[100.67387,13.89973],[100.67557,13.90022],[100.67668,13.9001],[100.68254,13.89792],[100.68394,13.8978],[100.687,13.89805],[100.68718,13.89876],[100.68841,13.89877],[100.68851,13.89999],[100.68884,13.90035],[100.68946,13.90062],[100.69043,13.90061]]]}},{"type":"Feature","properties":{"id":"คลองจวน","name":"คลองจวน","kind":"canal"},"geometry":{"type":"MultiLineString","coordinates":[[[100.63416,13.72313],[100.63338,13.72276],[100.63311,13.72205],[100.63317,13.72177],[100.63361,13.72148],[100.63346,13.72095],[100.63461,13.71476]]]}},{"type":"Feature","properties":{"id":"คลองจักร","name":"คลองจักร","kind":"canal"},"geometry":{"type":"MultiLineString","coordinates":[[[100.88912,13.90773],[100.87203,13.91052],[100.87164,13.91073],[100.87157,13.91138],[100.86364,13.91166]],[[100.8894,13.90769],[100.88921,13.90772]],[[100.88921,13.90772],[100.88912,13.90773]]]}},{"type":"Feature","properties":{"id":"คลองจันทร์เก็จ","name":"คลองจันทร์เก็จ","kind":"canal"},"geometry":{"type":"MultiLineString","coordinates":[[[100.69316,13.65123],[100.69285,13.65147],[100.69279,13.6519],[100.69348,13.6571],[100.68812,13.65829]]]}},{"type":"Feature","properties":{"id":"คลองจั่น","name":"คลองจั่น","kind":"canal"},"geometry":{"type":"MultiLineString","coordinates":[[[100.62105,13.81205],[100.62066,13.81013],[100.62071,13.80941],[100.62104,13.80841],[100.62244,13.80685],[100.62363,13.8002]],[[100.62437,13.81733],[100.62354,13.81766],[100.62321,13.81717],[100.62102,13.81688],[100.62064,13.81591],[100.62105,13.81205]],[[100.62363,13.8002],[100.6259,13.78804]],[[100.6259,13.78804],[100.62818,13.77562]],[[100.62818,13.77562],[100.6289,13.77254],[100.6288,13.77215],[100.63047,13.76311]],[[100.6255,13.81747],[100.62437,13.81733]]]}},{"type":"Feature","properties":{"id":"คลองจิก","name":"คลองจิก","kind":"canal"},"geometry":{"type":"MultiLineString","coordinates":[[[100.63578,13.75006],[100.63919,13.7491],[100.64079,13.74784],[100.64336,13.74657],[100.64535,13.74651],[100.64806,13.74449]],[[100.63285,13.76113],[100.63359,13.75541],[100.63306,13.75302],[100.63276,13.75245],[100.63477,13.75106],[100.63578,13.75006]]]}},{"type":"Feature","properties":{"id":"คลองจิตรมิตรมหาดไทย","name":"คลองจิตรมิตรมหาดไทย","kind":"canal"},"geometry":{"type":"MultiLineString","coordinates":[[[100.62836,13.77475],[100.62069,13.77296],[100.62088,13.77128],[100.62154,13.76966],[100.6221,13.76667],[100.62251,13.76561],[100.62272,13.76224]]]}},{"type":"Feature","properties":{"id":"คลองจินดา","name":"คลองจินดา","kind":"canal"},"geometry":{"type":"MultiLineString","coordinates":[[[100.09025,13.6845],[100.09758,13.6858],[100.12323,13.68975],[100.1579,13.69479],[100.16144,13.69551],[100.17403,13.69728],[100.18054,13.69799],[100.18169,13.69806],[100.18354,13.69769],[100.18372,13.69802],[100.18325,13.69902],[100.18349,13.6995],[100.18386,13.69956],[100.18454,13.69893],[100.18528,13.69882],[100.18686,13.70016],[100.18789,13.70134],[100.18823,13.70217],[100.18795,13.70488],[100.18798,13.70523],[100.18825,13.70551],[100.18969,13.70547],[100.19146,13.70483],[100.19197,13.70433],[100.19282,13.70287],[100.19318,13.70262],[100.19356,13.7026],[100.19406,13.70298],[100.19459,13.70382],[100.1947,13.70438],[100.19466,13.70571],[100.19418,13.70798],[100.19548,13.70805],[100.19658,13.70648],[100.19842,13.70614],[100.20312,13.70668],[100.20755,13.70659],[100.20894,13.70707]]]}},{"type":"Feature","properties":{"id":"คลองจีน","name":"คลองจีน","kind":"canal"},"geometry":{"type":"MultiLineString","coordinates":[[[100.47074,13.70885],[100.46658,13.71094]]]}},{"type":"Feature","properties":{"id":"คลองจีนบ่าย","name":"คลองจีนบ่าย","kind":"canal"},"geometry":{"type":"MultiLineString","coordinates":[[[100.34831,13.84038],[100.34857,13.83978],[100.34848,13.83565],[100.34893,13.82949],[100.34881,13.82737],[100.3481,13.82469]],[[100.34996,13.81411],[100.35025,13.80325]],[[100.34953,13.81748],[100.34997,13.81519],[100.34996,13.81411]],[[100.3481,13.82469],[100.34865,13.82172]],[[100.34865,13.82172],[100.34953,13.81748]]]}},{"type":"Feature","properties":{"id":"คลองจ้าหล่าใหญ่","name":"คลองจ้าหล่าใหญ่","kind":"canal"},"geometry":{"type":"MultiLineString","coordinates":[[[100.67247,13.89089],[100.67456,13.89067],[100.67553,13.89195],[100.67758,13.89229],[100.68179,13.89228],[100.68305,13.89186],[100.68455,13.89208],[100.68545,13.89141],[100.68567,13.89106],[100.68572,13.89029],[100.68533,13.88954],[100.68453,13.889],[100.68433,13.88845],[100.68493,13.88846],[100.68631,13.8889],[100.68676,13.88873],[100.68908,13.8873],[100.69065,13.88563]]]}},{"type":"Feature","properties":{"id":"คลองจ้าหล้า 1","name":"คลองจ้าหล้า 1","kind":"canal"},"geometry":{"type":"MultiLineString","coordinates":[[[100.68006,13.89881],[100.67989,13.89639],[100.68077,13.89512],[100.68172,13.89425],[100.68179,13.89228]]]}},{"type":"Feature","properties":{"id":"คลองจ้าหล้า 2","name":"คลองจ้าหล้า 2","kind":"canal"},"geometry":{"type":"MultiLineString","coordinates":[[[100.687,13.89805],[100.68696,13.89731],[100.68608,13.8971],[100.68467,13.89204]]]}},{"type":"Feature","properties":{"id":"คลองฉะบัง","name":"คลองฉะบัง","kind":"canal"},"geometry":{"type":"MultiLineString","coordinates":[[[100.90717,13.59205],[100.90941,13.59278],[100.91097,13.59271],[100.91331,13.59227],[100.91449,13.59252],[100.91863,13.59472],[100.92013,13.59478],[100.9217,13.59435],[100.92339,13.59353]]]}},{"type":"Feature","properties":{"id":"คลองฉาง 1","name":"คลองฉาง 1","kind":"canal"},"geometry":{"type":"MultiLineString","coordinates":[[[100.28249,13.75997],[100.28558,13.7586],[100.28609,13.75819],[100.28667,13.75731],[100.28753,13.7566],[100.29023,13.75621],[100.29106,13.75428],[100.29268,13.75246],[100.29378,13.75197],[100.29518,13.75029],[100.29601,13.74846],[100.2977,13.7472],[100.29857,13.7462],[100.29965,13.74418],[100.30117,13.73906],[100.30287,13.73444],[100.30395,13.72758],[100.30375,13.7242],[100.30504,13.71952]]]}},{"type":"Feature","properties":{"id":"คลองฉาง 2","name":"คลองฉาง 2","kind":"canal"},"geometry":{"type":"MultiLineString","coordinates":[[[100.29929,13.7449],[100.3007,13.74523],[100.30241,13.74456],[100.30518,13.742],[100.30813,13.74023],[100.30967,13.73957],[100.31096,13.73945],[100.31694,13.74143],[100.32031,13.74387],[100.32227,13.7457],[100.32346,13.74628]]]}},{"type":"Feature","properties":{"id":"คลองชมพูเดช","name":"คลองชมพูเดช","kind":"canal"},"geometry":{"type":"MultiLineString","coordinates":[[[100.48219,13.9742],[100.4807,13.97283],[100.47966,13.97109],[100.47828,13.97],[100.47745,13.97029],[100.47664,13.96999]]]}},{"type":"Feature","properties":{"id":"คลองชลประทาน","name":"คลองชลประทาน","kind":"canal"},"geometry":{"type":"MultiLineString","coordinates":[[[100.5003,14.11247],[100.5046,14.1043],[100.50628,14.10163],[100.51118,14.09085],[100.51197,14.08887],[100.51202,14.08709],[100.51177,14.08411]]]}},{"type":"Feature","properties":{"id":"คลองชวดงูเห่า","name":"คลองชวดงูเห่า","kind":"canal"},"geometry":{"type":"MultiLineString","coordinates":[[[100.82487,13.64369],[100.82646,13.64376],[100.82751,13.64359],[100.83071,13.64168],[100.83235,13.64123],[100.83388,13.64153],[100.83563,13.64091],[100.8359,13.64066],[100.83604,13.63966],[100.83726,13.63854],[100.84061,13.63709],[100.84148,13.63724]]]}},{"type":"Feature","properties":{"id":"คลองชวดบางจาก","name":"คลองชวดบางจาก","kind":"canal"},"geometry":{"type":"MultiLineString","coordinates":[[[100.58121,13.78769],[100.58116,13.78625],[100.58037,13.78346],[100.5824,13.78272]],[[100.57999,13.76163],[100.57958,13.76121]],[[100.58025,13.76263],[100.58015,13.76214]],[[100.5804,13.78956],[100.58048,13.78817],[100.58118,13.78803],[100.58121,13.78769]],[[100.58345,13.78158],[100.58334,13.78076],[100.58304,13.78059],[100.5818,13.77761],[100.58151,13.77733],[100.57954,13.77007],[100.58013,13.76704],[100.58027,13.7647]],[[100.5824,13.78272],[100.58356,13.78229],[100.58345,13.78158]],[[100.5758,13.79027],[100.58035,13.79008],[100.5804,13.78956]],[[100.58027,13.7647],[100.58031,13.76311]],[[100.58031,13.76311],[100.5803,13.76301]],[[100.5803,13.76301],[100.58027,13.76273]],[[100.58027,13.76273],[100.58025,13.76263]],[[100.58013,13.76203],[100.57999,13.76163]],[[100.58015,13.76214],[100.58013,13.76203]]]}},{"type":"Feature","properties":{"id":"คลองชวดพร้าว","name":"คลองชวดพร้าว","kind":"canal"},"geometry":{"type":"MultiLineString","coordinates":[[[100.87596,13.61123],[100.87515,13.61076],[100.87325,13.60881],[100.87187,13.60621],[100.87108,13.60588],[100.87055,13.60527],[100.8692,13.60457],[100.86866,13.60139],[100.86809,13.60015],[100.86584,13.59719],[100.86359,13.59518],[100.86246,13.59369],[100.86186,13.5925],[100.8594,13.59033],[100.85889,13.59029],[100.85707,13.59071],[100.85636,13.5906],[100.85358,13.58933]],[[100.88602,13.62288],[100.88542,13.62199],[100.88349,13.62093],[100.88268,13.62023],[100.88187,13.61854],[100.88083,13.61725],[100.8807,13.61623],[100.88107,13.61454],[100.88083,13.61385],[100.87596,13.61123]],[[100.90715,13.59884],[100.90668,13.59985],[100.9062,13.60336],[100.90627,13.60387],[100.90799,13.60678],[100.90804,13.6078],[100.90729,13.60858],[100.90655,13.61009],[100.90496,13.6145],[100.90436,13.61552],[100.90315,13.6167],[100.90011,13.61775],[100.89902,13.61865]]]}},{"type":"Feature","properties":{"id":"คลองชวดลากข้าว","name":"คลองชวดลากข้าว","kind":"canal"},"geometry":{"type":"MultiLineString","coordinates":[[[100.71748,13.67546],[100.71712,13.67448],[100.71603,13.67298],[100.71367,13.66729],[100.71359,13.6664],[100.71321,13.66559],[100.71297,13.66345],[100.71119,13.65895],[100.71026,13.65091],[100.71022,13.64778],[100.70994,13.64492],[100.71049,13.64164],[100.71044,13.63971],[100.70795,13.63294],[100.70927,13.63109]],[[100.72107,13.68648],[100.72041,13.68472],[100.71955,13.68134],[100.7186,13.67918],[100.71748,13.67546]]]}},{"type":"Feature","properties":{"id":"คลองชวดลาน","name":"คลองชวดลาน","kind":"canal"},"geometry":{"type":"MultiLineString","coordinates":[[[100.82225,13.61046],[100.82183,13.61179],[100.81978,13.61238],[100.81951,13.61263],[100.81889,13.61409],[100.81806,13.61513],[100.81687,13.61516],[100.81546,13.61584]]]}},{"type":"Feature","properties":{"id":"คลองชวดใหญ่","name":"คลองชวดใหญ่","kind":"canal"},"geometry":{"type":"MultiLineString","coordinates":[[[100.59407,13.76361],[100.59171,13.76304],[100.58926,13.76285],[100.58792,13.76309],[100.58606,13.76187],[100.58386,13.76181],[100.58277,13.76136],[100.58198,13.76058],[100.58134,13.75956],[100.58077,13.75641],[100.58098,13.75522]],[[100.84831,13.64718],[100.85229,13.64522]],[[100.85229,13.64522],[100.85279,13.64507],[100.8546,13.64519],[100.85615,13.64492],[100.86223,13.64324]],[[100.59461,13.7639],[100.59407,13.76361]],[[100.58098,13.75522],[100.58113,13.75467],[100.58084,13.75381]]]}},{"type":"Feature","properties":{"id":"คลองชวนชื่น","name":"คลองชวนชื่น","kind":"canal"},"geometry":{"type":"MultiLineString","coordinates":[[[100.40652,13.79291],[100.40489,13.79574],[100.40395,13.79589],[100.40342,13.79661],[100.40229,13.79742],[100.40098,13.7996]]]}},{"type":"Feature","properties":{"id":"คลองชะอำ","name":"คลองชะอำ","kind":"canal"},"geometry":{"type":"MultiLineString","coordinates":[[[100.8539,13.77922],[100.85194,13.77887],[100.85033,13.77884],[100.84838,13.77839]],[[100.84194,13.78059],[100.84423,13.77919],[100.8483,13.77835]]]}},{"type":"Feature","properties":{"id":"คลองชักพระ","name":"คลองชักพระ","kind":"canal"},"geometry":{"type":"MultiLineString","coordinates":[[[100.46753,13.77972],[100.46657,13.77908],[100.46548,13.77881],[100.46257,13.77931],[100.4616,13.77925],[100.45933,13.77836],[100.4577,13.7774],[100.4572,13.77693],[100.45469,13.77279],[100.45354,13.76871],[100.45337,13.76646],[100.45401,13.763],[100.45743,13.75936],[100.46172,13.75199],[100.46242,13.7492],[100.46197,13.74439]]]}},{"type":"Feature","properties":{"id":"คลองชัยขันธ์","name":"คลองชัยขันธ์","kind":"canal"},"geometry":{"type":"MultiLineString","coordinates":[[[100.2536,13.92771],[100.25341,13.92505],[100.25282,13.92164],[100.25303,13.91974],[100.25712,13.89987],[100.26346,13.8771],[100.2673,13.86476],[100.2669,13.85814],[100.26499,13.83905],[100.26437,13.82931]]]}},{"type":"Feature","properties":{"id":"คลองชาวเหนือ","name":"คลองชาวเหนือ","kind":"canal"},"geometry":{"type":"MultiLineString","coordinates":[[[100.54678,14.03497],[100.54529,14.03604],[100.54405,14.03632],[100.5423,14.03626],[100.53985,14.03712]]]}},{"type":"Feature","properties":{"id":"คลองช่องนนทรี","name":"คลองช่องนนทรี","kind":"canal"},"geometry":{"type":"MultiLineString","coordinates":[[[100.54614,13.69579],[100.54723,13.69532]],[[100.54723,13.69532],[100.54843,13.69509],[100.55188,13.6951]],[[100.52702,13.72837],[100.52717,13.7281]],[[100.54402,13.69756],[100.54463,13.69699]],[[100.54463,13.69699],[100.54614,13.69579]],[[100.53112,13.72019],[100.5376,13.70725],[100.54017,13.70255],[100.54138,13.70084]],[[100.54138,13.70084],[100.54172,13.70035]],[[100.54172,13.70035],[100.54402,13.69756]],[[100.52697,13.72845],[100.52702,13.72837]],[[100.52814,13.72616],[100.53014,13.72214]],[[100.53014,13.72214],[100.5308,13.72084]],[[100.53106,13.72031],[100.53112,13.72019]],[[100.5308,13.72084],[100.53106,13.72031]],[[100.52717,13.7281],[100.52742,13.72761]],[[100.52742,13.72761],[100.52762,13.7272]],[[100.52762,13.7272],[100.528,13.72644]],[[100.528,13.72644],[100.52814,13.72616]]]}},{"type":"Feature","properties":{"id":"คลองช้างตาย","name":"คลองช้างตาย","kind":"canal"},"geometry":{"type":"MultiLineString","coordinates":[[[100.86487,13.66108],[100.86461,13.65987],[100.86395,13.65902],[100.86335,13.65864],[100.86272,13.65761],[100.86209,13.65729],[100.86109,13.65625],[100.85922,13.65541],[100.85784,13.65404],[100.85703,13.65262],[100.85699,13.65148],[100.85669,13.65063]],[[100.85669,13.65063],[100.85296,13.65161],[100.85208,13.65195],[100.85039,13.65306],[100.8492,13.65315],[100.84826,13.65348],[100.84781,13.65398]]]}},{"type":"Feature","properties":{"id":"คลองช้างตายล่าง","name":"คลองช้างตายล่าง","kind":"canal"},"geometry":{"type":"MultiLineString","coordinates":[[[100.85669,13.65063],[100.85689,13.65005],[100.85756,13.64948],[100.86225,13.64768]]]}},{"type":"Feature","properties":{"id":"คลองซอย","name":"คลองซอย","kind":"canal"},"geometry":{"type":"MultiLineString","coordinates":[[[100.34918,13.79784],[100.34857,13.80071],[100.34855,13.80329]],[[100.35568,13.78034],[100.35484,13.78218],[100.3539,13.78361],[100.35331,13.78623],[100.35299,13.7869],[100.35273,13.78891],[100.3521,13.79081],[100.3517,13.79074],[100.35158,13.79114],[100.35166,13.79217],[100.35204,13.7923],[100.35206,13.79294],[100.3514,13.79459],[100.35086,13.79821]]]}},{"type":"Feature","properties":{"id":"คลองซอยตากสิน 18","name":"คลองซอยตากสิน 18","kind":"canal"},"geometry":{"type":"MultiLineString","coordinates":[[[100.48634,13.71506],[100.48739,13.71553]]]}},{"type":"Feature","properties":{"id":"คลองญี่ปุ่น","name":"คลองญี่ปุ่น","kind":"canal"},"geometry":{"type":"MultiLineString","coordinates":[[[100.24619,14.17375],[100.24648,14.17189],[100.24768,14.16715],[100.25171,14.1531],[100.25332,14.1482],[100.25424,14.14385],[100.25431,14.14239]],[[100.27094,14.06666],[100.26303,14.07455],[100.25902,14.07886],[100.2572,14.08182],[100.25582,14.08545],[100.25545,14.08846],[100.25499,14.09041],[100.255,14.09259],[100.25362,14.10489],[100.25431,14.14239]]]}},{"type":"Feature","properties":{"id":"คลองญี่ปุ่นเหนือ","name":"คลองญี่ปุ่นเหนือ","kind":"canal"},"geometry":{"type":"MultiLineString","coordinates":[[[100.24315,14.24201],[100.24352,14.20493],[100.24399,14.18711],[100.24435,14.18101],[100.24595,14.17381]]]}},{"type":"Feature","properties":{"id":"คลองดอนอีกา","name":"คลองดอนอีกา","kind":"canal"},"geometry":{"type":"MultiLineString","coordinates":[[[100.64814,13.82251],[100.65167,13.82292],[100.65205,13.8232],[100.66014,13.82375]]]}},{"type":"Feature","properties":{"id":"คลองดาวคะนอง","name":"คลองดาวคะนอง","kind":"canal"},"geometry":{"type":"MultiLineString","coordinates":[[[100.46862,13.68952],[100.47169,13.6905],[100.47272,13.68876],[100.47316,13.68832],[100.47362,13.68824],[100.47485,13.68896],[100.47943,13.69241],[100.48053,13.69294],[100.48207,13.69323],[100.48227,13.69346],[100.4825,13.69467],[100.49,13.69497]]]}},{"type":"Feature","properties":{"id":"คลองดำเนินสะดวก","name":"คลองดำเนินสะดวก","kind":"canal"},"geometry":{"type":"MultiLineString","coordinates":[[[100.21256,13.64414],[100.2076,13.64272],[100.20608,13.64203],[100.1982,13.63758],[100.12086,13.59678],[100.09666,13.5845],[100.03954,13.55615],[100.02704,13.55062],[99.97339,13.52854]]]}},{"type":"Feature","properties":{"id":"คลองดุสิต","name":"คลองดุสิต","kind":"canal"},"geometry":{"type":"MultiLineString","coordinates":[[[100.48459,13.76366],[100.48435,13.7629],[100.48706,13.76288],[100.48996,13.76095]]]}},{"type":"Feature","properties":{"id":"คลองด่าน","name":"คลองด่าน","kind":"canal"},"geometry":{"type":"MultiLineString","coordinates":[[[100.82795,13.52317],[100.82532,13.52507],[100.82464,13.52519],[100.82386,13.52496],[100.82315,13.52395],[100.8228,13.52228],[100.82159,13.51955]],[[100.47154,13.72258],[100.47151,13.7214],[100.47126,13.72082],[100.46914,13.71774],[100.46907,13.71487],[100.46859,13.71256],[100.46809,13.712],[100.4669,13.71135],[100.46621,13.71015],[100.46604,13.70916],[100.46627,13.70718],[100.46591,13.7044],[100.4655,13.70308]],[[100.82159,13.51955],[100.82115,13.51797],[100.82142,13.51763],[100.82127,13.51704],[100.82087,13.51659],[100.82054,13.51548]],[[100.83593,13.5711],[100.8345,13.57084],[100.83409,13.57031],[100.83439,13.56944],[100.83658,13.56809],[100.83695,13.56756],[100.83705,13.56659],[100.83687,13.566],[100.83607,13.56563],[100.83552,13.5656],[100.83434,13.56583],[100.83293,13.5658],[100.83243,13.5655],[100.83204,13.56492],[100.83217,13.56429],[100.83256,13.56382],[100.83395,13.56296],[100.83447,13.56241],[100.83486,13.56102],[100.83472,13.5604],[100.8344,13.55998],[100.83392,13.55976],[100.83107,13.55958],[100.8303,13.55914],[100.82996,13.55857],[100.82985,13.55803],[100.83004,13.55749],[100.83206,13.55573],[100.83224,13.55489],[100.83199,13.5542],[100.83143,13.55361],[100.83068,13.55327],[100.8273,13.55221],[100.82669,13.55171],[100.82632,13.55079],[100.82659,13.54941],[100.82652,13.54878],[100.8263,13.54848],[100.82586,13.54832],[100.82466,13.54842],[100.82406,13.54822],[100.82357,13.5477],[100.82335,13.54643],[100.8244,13.54438],[100.82426,13.5434],[100.8239,13.54276],[100.82329,13.54239],[100.82162,13.54318],[100.82099,13.54324],[100.82032,13.54281],[100.81963,13.5416],[100.81951,13.54034],[100.81972,13.53982],[100.82012,13.53948],[100.82228,13.5388],[100.82292,13.53829],[100.8233,13.5377],[100.82335,13.53698],[100.823,13.53555],[100.82262,13.5351],[100.82131,13.53486],[100.81973,13.53511],[100.81933,13.53472],[100.81935,13.53447],[100.82308,13.53055]],[[100.4655,13.70308],[100.46505,13.70141],[100.46371,13.69843]],[[100.82054,13.51548],[100.81985,13.51509],[100.81959,13.51436],[100.81947,13.5128],[100.82004,13.50987],[100.8198,13.50877],[100.81888,13.50726],[100.8172,13.50343],[100.81539,13.50075],[100.81504,13.49987],[100.81473,13.49808],[100.81507,13.49314],[100.81493,13.49205],[100.81395,13.48869]],[[100.82308,13.53055],[100.82362,13.53],[100.8262,13.52841],[100.82811,13.52795]],[[100.82811,13.52795],[100.83012,13.52763],[100.83123,13.52701],[100.83178,13.5261],[100.83176,13.52534]],[[100.83559,13.57333],[100.83622,13.5718],[100.83593,13.5711]],[[100.83176,13.52534],[100.83151,13.52468],[100.83098,13.52406],[100.83032,13.52366],[100.82795,13.52317]]]}},{"type":"Feature","properties":{"id":"คลองด่าน 2","name":"คลองด่าน 2","kind":"canal"},"geometry":{"type":"MultiLineString","coordinates":[[[100.81897,13.50741],[100.81716,13.50832],[100.8158,13.50846],[100.81471,13.50767],[100.81443,13.50682],[100.81377,13.5064],[100.8125,13.50647],[100.81076,13.50745],[100.81048,13.50732],[100.80987,13.50644],[100.80874,13.50685],[100.80772,13.50635],[100.80743,13.50583],[100.80721,13.50577],[100.80568,13.50662],[100.80524,13.50668],[100.80456,13.50724],[100.80411,13.50698],[100.80378,13.50633],[100.80325,13.50608],[100.80282,13.50625],[100.80255,13.50661],[100.80244,13.50725],[100.80171,13.50771],[100.80095,13.50703],[100.79798,13.50691],[100.79682,13.5075],[100.79526,13.50686],[100.79445,13.50725],[100.79224,13.50783],[100.7909,13.50793],[100.78884,13.50775],[100.78567,13.50881],[100.78517,13.50877]],[[100.78301,13.51079],[100.78517,13.50877]]]}},{"type":"Feature","properties":{"id":"คลองด่านเหนือ","name":"คลองด่านเหนือ","kind":"canal"},"geometry":{"type":"MultiLineString","coordinates":[[[100.53822,13.675],[100.53808,13.67421],[100.53714,13.67206],[100.53661,13.66935]]]}},{"type":"Feature","properties":{"id":"คลองตรง","name":"คลองตรง","kind":"canal"},"geometry":{"type":"MultiLineString","coordinates":[[[100.4179,13.62515],[100.41936,13.62148],[100.42039,13.61974],[100.41997,13.61928],[100.42005,13.61914],[100.42403,13.61492],[100.42441,13.61474],[100.4248,13.61401]]]}},{"type":"Feature","properties":{"id":"คลองตลาดสมเด็จ","name":"คลองตลาดสมเด็จ","kind":"canal"},"geometry":{"type":"MultiLineString","coordinates":[[[100.49921,13.73889],[100.49711,13.73384]]]}},{"type":"Feature","properties":{"id":"คลองตะวันออกน้อย","name":"คลองตะวันออกน้อย","kind":"canal"},"geometry":{"type":"MultiLineString","coordinates":[[[100.38884,13.5594],[100.38666,13.55934],[100.38523,13.55957],[100.37884,13.55781],[100.37279,13.55648],[100.37067,13.5562],[100.36869,13.55564],[100.36718,13.55551],[100.36668,13.55523],[100.36595,13.55527],[100.36456,13.55481],[100.36322,13.5548]]]}},{"type":"Feature","properties":{"id":"คลองตะโก","name":"คลองตะโก","kind":"canal"},"geometry":{"type":"MultiLineString","coordinates":[[[100.27606,13.64503],[100.27415,13.64372],[100.27207,13.64077],[100.2717,13.63943],[100.27048,13.63696],[100.27004,13.63688],[100.2693,13.63473],[100.26939,13.63435],[100.26906,13.63334],[100.26841,13.6325],[100.26734,13.62966],[100.26716,13.62794],[100.26641,13.62702],[100.26631,13.62458],[100.26581,13.62347],[100.2658,13.61964],[100.26542,13.61682],[100.26536,13.61475],[100.26512,13.61435],[100.26526,13.61214],[100.26507,13.61035],[100.26515,13.61013],[100.26571,13.60991],[100.26584,13.60894],[100.26682,13.6089],[100.2669,13.60904],[100.26664,13.61254],[100.26697,13.61261],[100.26696,13.61296],[100.26679,13.6139],[100.26642,13.61397]]]}},{"type":"Feature","properties":{"id":"คลองตะโหนด","name":"คลองตะโหนด","kind":"canal"},"geometry":{"type":"MultiLineString","coordinates":[[[100.76104,13.80434],[100.75828,13.80921],[100.7586,13.81164],[100.75917,13.81326],[100.75837,13.81785],[100.75795,13.81828],[100.75616,13.81903],[100.75505,13.81985],[100.75454,13.82074],[100.75428,13.82232],[100.75304,13.82403]],[[100.75173,13.81786],[100.75442,13.82117]],[[100.75173,13.81128],[100.75207,13.81225],[100.7518,13.81511]],[[100.7518,13.81511],[100.75173,13.81786]]]}},{"type":"Feature","properties":{"id":"คลองตัน","name":"คลองตัน","kind":"canal"},"geometry":{"type":"MultiLineString","coordinates":[[[100.59789,13.74107],[100.59869,13.74075],[100.5988,13.74052],[100.59826,13.73873],[100.59834,13.73821],[100.59986,13.73801],[100.60079,13.7381],[100.60477,13.73757],[100.60451,13.73491],[100.60454,13.73177],[100.60481,13.72871],[100.60527,13.7269],[100.60532,13.72498],[100.60586,13.72103]],[[100.13049,13.66623],[100.1361,13.66788],[100.13876,13.66839],[100.14681,13.67093],[100.14796,13.67078],[100.1509,13.66959],[100.17032,13.65922],[100.1854,13.65082],[100.18624,13.6501],[100.188,13.64913],[100.18932,13.64804],[100.19155,13.64676],[100.19222,13.64619],[100.19289,13.64582],[100.19384,13.64561],[100.19391,13.64504],[100.19465,13.6446],[100.19724,13.64214],[100.1976,13.64222],[100.19791,13.64305],[100.20059,13.64389],[100.20184,13.64461],[100.20363,13.64357],[100.20571,13.64357],[100.20721,13.64257]],[[100.44893,14.0079],[100.45953,14.00395],[100.46636,14.00224],[100.469,14.00131],[100.47034,14.00062]],[[100.60586,13.72103],[100.60522,13.72004],[100.60631,13.71945],[100.60669,13.71899],[100.60669,13.71872],[100.60614,13.71831],[100.60657,13.71634],[100.60628,13.71516]],[[100.29068,13.71201],[100.29817,13.7142],[100.30181,13.71487]]]}},{"type":"Feature","properties":{"id":"คลองตับผักชี","name":"คลองตับผักชี","kind":"canal"},"geometry":{"type":"MultiLineString","coordinates":[[[100.34159,14.10102],[100.34625,14.09921]],[[100.34625,14.09921],[100.34999,14.09798],[100.35024,14.09762],[100.35215,14.09726],[100.35246,14.09791],[100.3527,14.09799],[100.35416,14.09756],[100.36053,14.09668],[100.36073,14.09673],[100.3609,14.09713],[100.36155,14.09708],[100.3645,14.09634],[100.36458,14.09588],[100.36985,14.09401],[100.37147,14.09394],[100.37327,14.09313],[100.38164,14.09059]]]}},{"type":"Feature","properties":{"id":"คลองตาก้อง","name":"คลองตาก้อง","kind":"canal"},"geometry":{"type":"MultiLineString","coordinates":[[[100.02169,13.8775],[100.022,13.87728],[100.02224,13.87543],[100.02258,13.87503],[100.0236,13.87485],[100.02458,13.87495],[100.02535,13.87562],[100.02576,13.87729],[100.02557,13.87925],[100.02576,13.88],[100.02556,13.88124],[100.02588,13.88325],[100.02573,13.88526],[100.02591,13.88612],[100.02626,13.88681],[100.02725,13.8875],[100.0278,13.88883],[100.02956,13.88954],[100.02985,13.88983],[100.03065,13.8932],[100.03078,13.89446],[100.03101,13.89483],[100.03274,13.89539],[100.03551,13.89537],[100.03765,13.89375],[100.03881,13.89249],[100.03998,13.8922],[100.04174,13.89247],[100.04282,13.89408],[100.04432,13.89507],[100.0449,13.89516],[100.04558,13.89466],[100.04587,13.89382],[100.04553,13.89294],[100.04424,13.89159],[100.04419,13.89094],[100.04461,13.89029],[100.04621,13.88931],[100.0483,13.88893],[100.05074,13.88781],[100.05259,13.88748],[100.05591,13.88559],[100.05616,13.88497],[100.05596,13.88419],[100.05377,13.88219],[100.05367,13.88121],[100.05407,13.88061],[100.05453,13.88038],[100.05571,13.88034],[100.05735,13.88071],[100.06078,13.88252],[100.06242,13.88361],[100.06311,13.88352],[100.0641,13.88303],[100.06496,13.88207],[100.06554,13.88015],[100.06604,13.87545],[100.06718,13.87435],[100.07008,13.87366],[100.07077,13.87332],[100.07102,13.87298],[100.07122,13.87091],[100.07115,13.86892],[100.07158,13.86808],[100.07289,13.86709],[100.07481,13.8664],[100.07545,13.86596],[100.07675,13.86444],[100.07769,13.86293],[100.07862,13.86214],[100.07985,13.86163],[100.08245,13.8613],[100.08366,13.86094],[100.08421,13.86048],[100.08587,13.85815],[100.08758,13.85721],[100.09168,13.85612],[100.09225,13.85607],[100.09305,13.85638],[100.09374,13.85728],[100.09527,13.86173],[100.09619,13.86287],[100.09706,13.86307],[100.10025,13.86243],[100.10128,13.86292],[100.10152,13.86396],[100.10129,13.86678],[100.10154,13.86732],[100.10197,13.86764],[100.10292,13.86767],[100.10542,13.86641],[100.1092,13.86602],[100.11015,13.86637],[100.11087,13.86796],[100.11136,13.86818],[100.11188,13.86809],[100.11315,13.86712],[100.1139,13.86683],[100.11461,13.86686],[100.11736,13.8676],[100.11823,13.86736],[100.11964,13.86527],[100.11985,13.86463],[100.11992,13.86261],[100.12017,13.86198],[100.12138,13.86098],[100.12254,13.86038],[100.12537,13.86042],[100.1278,13.86009],[100.12957,13.85968],[100.13158,13.85855],[100.13311,13.85851],[100.1336,13.8587],[100.13447,13.85967],[100.13683,13.86116],[100.13726,13.86209],[100.13788,13.86453],[100.13834,13.86507],[100.13979,13.86529],[100.14266,13.86484],[100.14375,13.86541],[100.14427,13.86618],[100.14512,13.86948],[100.1456,13.8702],[100.14617,13.87048],[100.14719,13.87058],[100.14833,13.8703],[100.14889,13.86994],[100.14932,13.86926],[100.14992,13.86688],[100.15044,13.86608],[100.15294,13.86505],[100.1547,13.86475],[100.15698,13.86529],[100.15998,13.86728],[100.16397,13.86817],[100.16629,13.86829],[100.16973,13.86803],[100.17054,13.86815],[100.17152,13.86869],[100.17286,13.87041],[100.17381,13.87089],[100.17531,13.87069],[100.17821,13.86897],[100.17933,13.86901],[100.18445,13.87285],[100.18558,13.87397],[100.18683,13.87487],[100.19073,13.87613],[100.19197,13.8776],[100.19295,13.88002],[100.19546,13.88408],[100.19645,13.88688],[100.19831,13.89005],[100.19942,13.89018],[100.20005,13.89068],[100.20062,13.89086],[100.20104,13.8916],[100.20163,13.89181],[100.20223,13.89462],[100.2022,13.89545],[100.20285,13.89694],[100.20467,13.89848],[100.20506,13.89839],[100.20538,13.89766],[100.20606,13.89784],[100.20673,13.89738],[100.20836,13.89786],[100.20939,13.89863],[100.2101,13.89963],[100.21049,13.90057]]]}},{"type":"Feature","properties":{"id":"คลองตาคล้าย","name":"คลองตาคล้าย","kind":"canal"},"geometry":{"type":"MultiLineString","coordinates":[[[100.35103,13.99392],[100.35516,13.98552],[100.35557,13.98411],[100.35608,13.97472],[100.35507,13.96211]],[[100.35507,13.96211],[100.35002,13.95387]],[[100.33492,14.01517],[100.34412,14.00602],[100.34676,14.00239],[100.34968,13.99663]],[[100.34968,13.99663],[100.35103,13.99392]]]}},{"type":"Feature","properties":{"id":"คลองตาฉาย","name":"คลองตาฉาย","kind":"canal"},"geometry":{"type":"MultiLineString","coordinates":[[[100.59774,14.00055],[100.59916,14.00108],[100.6007,14.00129]],[[100.6007,14.00129],[100.60103,14.0013]],[[100.60103,14.0013],[100.60112,14.0013]]]}},{"type":"Feature","properties":{"id":"คลองตาฉุย","name":"คลองตาฉุย","kind":"canal"},"geometry":{"type":"MultiLineString","coordinates":[[[100.46807,13.66815],[100.47117,13.66883]]]}},{"type":"Feature","properties":{"id":"คลองตาชม","name":"คลองตาชม","kind":"canal"},"geometry":{"type":"MultiLineString","coordinates":[[[100.33005,13.92114],[100.32863,13.9206],[100.32572,13.92023]],[[100.33842,13.92809],[100.33301,13.92344]],[[100.35048,13.94236],[100.3448,13.93507],[100.34145,13.93109],[100.33842,13.92809]],[[100.35625,13.94988],[100.35048,13.94236]],[[100.33139,13.88774],[100.33106,13.89021],[100.33043,13.89284],[100.33031,13.89317],[100.32957,13.8936],[100.32936,13.89398],[100.32899,13.89843],[100.32815,13.90139],[100.3279,13.90441],[100.32719,13.9069],[100.32697,13.9102],[100.32645,13.9127],[100.32685,13.91441],[100.3266,13.91692],[100.32572,13.92023]],[[100.33301,13.92344],[100.33005,13.92114]],[[100.32678,13.90919],[100.32329,13.90835],[100.31179,13.90616],[100.30758,13.9061],[100.30578,13.90485],[100.29972,13.90325],[100.29771,13.90178],[100.29362,13.90022],[100.28435,13.8959]],[[100.327,13.90924],[100.32688,13.90921]],[[100.32688,13.90921],[100.32678,13.90919]]]}},{"type":"Feature","properties":{"id":"คลองตาช้าง","name":"คลองตาช้าง","kind":"canal"},"geometry":{"type":"MultiLineString","coordinates":[[[100.65397,13.68592],[100.65012,13.68469],[100.6478,13.68371],[100.63917,13.68291]],[[100.29729,14.17794],[100.29796,14.18],[100.29769,14.18018],[100.2962,14.18017],[100.29376,14.18291],[100.29361,14.18349],[100.29377,14.18596],[100.29462,14.18884],[100.29556,14.19326],[100.29723,14.19702],[100.29716,14.19882],[100.29763,14.19938],[100.29849,14.20405]],[[100.29208,14.16857],[100.2925,14.16963],[100.29453,14.17248],[100.29569,14.17531],[100.29717,14.17741],[100.29729,14.17794]]]}},{"type":"Feature","properties":{"id":"คลองตาด่อน","name":"คลองตาด่อน","kind":"canal"},"geometry":{"type":"MultiLineString","coordinates":[[[100.36825,13.86405],[100.36783,13.86186],[100.36771,13.86009],[100.36819,13.85917],[100.3685,13.85585],[100.36815,13.85109],[100.36788,13.85037],[100.36718,13.85012],[100.3671,13.84845],[100.36681,13.84823],[100.36687,13.84661],[100.36721,13.84563],[100.36751,13.8432]]]}},{"type":"Feature","properties":{"id":"คลองตานาม","name":"คลองตานาม","kind":"canal"},"geometry":{"type":"MultiLineString","coordinates":[[[100.4578,13.8037],[100.45338,13.79864]]]}},{"type":"Feature","properties":{"id":"คลองตาบัว","name":"คลองตาบัว","kind":"canal"},"geometry":{"type":"MultiLineString","coordinates":[[[100.47572,13.65961],[100.47583,13.65856],[100.47049,13.658]]]}},{"type":"Feature","properties":{"id":"คลองตาปลั่ง","name":"คลองตาปลั่ง","kind":"canal"},"geometry":{"type":"MultiLineString","coordinates":[[[100.35287,13.68211],[100.35389,13.67944],[100.35324,13.67563],[100.35246,13.67528],[100.35202,13.67398],[100.35207,13.6723],[100.35175,13.67145],[100.35153,13.66974],[100.35198,13.66793],[100.353,13.66707],[100.35329,13.66628],[100.35371,13.66285],[100.35357,13.66241],[100.35327,13.66224],[100.35412,13.65867]]]}},{"type":"Feature","properties":{"id":"คลองตาพอน","name":"คลองตาพอน","kind":"canal"},"geometry":{"type":"MultiLineString","coordinates":[[[100.59409,13.57487],[100.59268,13.57599],[100.59032,13.57647],[100.5886,13.5772],[100.58748,13.57734],[100.58378,13.58063]]]}},{"type":"Feature","properties":{"id":"คลองตาพุก","name":"คลองตาพุก","kind":"canal"},"geometry":{"type":"MultiLineString","coordinates":[[[100.70994,13.71678],[100.71236,13.70127],[100.71105,13.70122],[100.70987,13.69513]],[[100.70887,13.72396],[100.70994,13.71678]]]}},{"type":"Feature","properties":{"id":"คลองตาพุฒ","name":"คลองตาพุฒ","kind":"canal"},"geometry":{"type":"MultiLineString","coordinates":[[[100.70832,13.73249],[100.70828,13.73106]]]}},{"type":"Feature","properties":{"id":"คลองตาภู่","name":"คลองตาภู่","kind":"canal"},"geometry":{"type":"MultiLineString","coordinates":[[[100.55056,13.576],[100.55071,13.57505],[100.55054,13.57433],[100.55082,13.5734],[100.55233,13.573],[100.55366,13.57237],[100.55436,13.57367],[100.55424,13.57387],[100.55464,13.5746],[100.5545,13.57485],[100.55483,13.57497],[100.55589,13.57609],[100.556,13.5767],[100.55579,13.5769],[100.55576,13.57731]],[[100.55056,13.576],[100.55042,13.57709],[100.54886,13.57825],[100.54832,13.57978],[100.54675,13.58064]]]}},{"type":"Feature","properties":{"id":"คลองตามั่ง","name":"คลองตามั่ง","kind":"canal"},"geometry":{"type":"MultiLineString","coordinates":[[[100.50036,13.66715],[100.5024,13.66671],[100.50443,13.66597],[100.50499,13.66573],[100.50494,13.66551],[100.50876,13.66356]]]}},{"type":"Feature","properties":{"id":"คลองตามาก","name":"คลองตามาก","kind":"canal"},"geometry":{"type":"MultiLineString","coordinates":[[[100.93149,13.53374],[100.93117,13.53093],[100.93126,13.52802],[100.93095,13.52706],[100.93099,13.52643]]]}},{"type":"Feature","properties":{"id":"คลองตาม่วง","name":"คลองตาม่วง","kind":"canal"},"geometry":{"type":"MultiLineString","coordinates":[[[100.46277,13.71788],[100.46334,13.71475]]]}},{"type":"Feature","properties":{"id":"คลองตายวง","name":"คลองตายวง","kind":"canal"},"geometry":{"type":"MultiLineString","coordinates":[[[100.54119,13.62885],[100.53902,13.6274],[100.53719,13.62686],[100.53713,13.62645],[100.53671,13.62639],[100.53526,13.62443],[100.53521,13.62395],[100.53442,13.62301],[100.53403,13.62214],[100.53087,13.61975]],[[100.53087,13.61975],[100.52844,13.61839],[100.52798,13.61841],[100.52691,13.61772],[100.52582,13.61769],[100.52408,13.61647],[100.52308,13.61516]]]}},{"type":"Feature","properties":{"id":"คลองตารุ่ง","name":"คลองตารุ่ง","kind":"canal"},"geometry":{"type":"MultiLineString","coordinates":[[[100.46025,13.66594],[100.45688,13.66519]],[[100.4523,13.66631],[100.45612,13.66503],[100.45688,13.66519]]]}},{"type":"Feature","properties":{"id":"คลองตาล","name":"คลองตาล","kind":"canal"},"geometry":{"type":"MultiLineString","coordinates":[[[100.51768,13.91939],[100.51389,13.92013],[100.50945,13.92073],[100.50888,13.92019],[100.50787,13.92001]],[[100.5242,13.9182],[100.52251,13.91856],[100.52024,13.9187],[100.51799,13.91933]],[[100.51785,13.91936],[100.51768,13.91939]],[[100.51799,13.91933],[100.51785,13.91936]],[[100.526,13.91775],[100.5244,13.91819]],[[100.52428,13.91819],[100.5242,13.9182]],[[100.52432,13.91819],[100.52428,13.91819]],[[100.5244,13.91819],[100.52432,13.91819]]]}},{"type":"Feature","properties":{"id":"คลองตาวง","name":"คลองตาวง","kind":"canal"},"geometry":{"type":"MultiLineString","coordinates":[[[100.91015,13.83627],[100.9055,13.83058],[100.90569,13.82976],[100.90643,13.82839],[100.90957,13.82564],[100.91156,13.82458],[100.91264,13.82341],[100.9134,13.82301],[100.91746,13.82209],[100.91825,13.82209],[100.92317,13.82038],[100.92518,13.82008],[100.92626,13.82031],[100.92691,13.82057],[100.9285,13.82211]]]}},{"type":"Feature","properties":{"id":"คลองตาสอน","name":"คลองตาสอน","kind":"canal"},"geometry":{"type":"MultiLineString","coordinates":[[[100.84543,13.7033],[100.84806,13.71013],[100.85167,13.71857],[100.85312,13.72636],[100.85405,13.73023]]]}},{"type":"Feature","properties":{"id":"คลองตาสา","name":"คลองตาสา","kind":"canal"},"geometry":{"type":"MultiLineString","coordinates":[[[100.76898,13.54078],[100.76788,13.53943],[100.76771,13.53742],[100.76732,13.5361],[100.76747,13.53534],[100.76692,13.53492],[100.76618,13.53373],[100.76567,13.53325],[100.76473,13.5315],[100.7647,13.53067],[100.76441,13.53027],[100.76433,13.52892]],[[100.76948,13.54291],[100.76939,13.54134],[100.76898,13.54078]]]}},{"type":"Feature","properties":{"id":"คลองตาสาด","name":"คลองตาสาด","kind":"canal"},"geometry":{"type":"MultiLineString","coordinates":[[[100.63404,13.70068],[100.64208,13.70255],[100.64444,13.70242],[100.64681,13.70261],[100.6482,13.70307],[100.64992,13.70327],[100.65094,13.70283]]]}},{"type":"Feature","properties":{"id":"คลองตาสุก","name":"คลองตาสุก","kind":"canal"},"geometry":{"type":"MultiLineString","coordinates":[[[100.52085,13.87759],[100.52126,13.87913],[100.52129,13.88003],[100.52158,13.88073],[100.52135,13.88165],[100.52088,13.88167],[100.5204,13.88269],[100.52039,13.88354],[100.52087,13.88486],[100.52083,13.88526]],[[100.52085,13.88535],[100.52132,13.88567],[100.52169,13.88692]],[[100.52083,13.88526],[100.52085,13.88535]]]}},{"type":"Feature","properties":{"id":"คลองตาหนวด","name":"คลองตาหนวด","kind":"canal"},"geometry":{"type":"MultiLineString","coordinates":[[[100.76506,13.86894],[100.76467,13.86527],[100.76411,13.86386],[100.76438,13.8618],[100.7641,13.85791],[100.76451,13.85694],[100.76459,13.85533],[100.76496,13.85487],[100.76489,13.85427],[100.76109,13.85228],[100.75852,13.85054],[100.75801,13.84971],[100.75587,13.84916],[100.75477,13.84972],[100.75396,13.84973],[100.75367,13.84942],[100.75349,13.84803],[100.75321,13.84766],[100.75209,13.84738],[100.7503,13.84637],[100.7485,13.84452],[100.74851,13.84351],[100.74912,13.84081],[100.74924,13.83909],[100.75193,13.83421],[100.75199,13.83357]]]}},{"type":"Feature","properties":{"id":"คลองตาหนัง","name":"คลองตาหนัง","kind":"canal"},"geometry":{"type":"MultiLineString","coordinates":[[[100.63346,13.811],[100.63404,13.80942],[100.63499,13.80839],[100.63637,13.80734],[100.63844,13.80468],[100.63907,13.80435],[100.63938,13.80355],[100.63954,13.80144],[100.64009,13.79893],[100.64015,13.79639],[100.63997,13.79518],[100.64048,13.792],[100.64072,13.79137],[100.64156,13.79046],[100.6426,13.78749],[100.64227,13.77962],[100.64343,13.76719]],[[100.63131,13.81912],[100.631,13.81543],[100.63175,13.81534],[100.63255,13.81275],[100.63347,13.81134],[100.63346,13.811]],[[100.64343,13.76719],[100.64345,13.76688]],[[100.64345,13.76688],[100.64373,13.76455]]]}},{"type":"Feature","properties":{"id":"คลองตาหนัน","name":"คลองตาหนัน","kind":"canal"},"geometry":{"type":"MultiLineString","coordinates":[[[100.46817,13.5437],[100.46812,13.54495],[100.46961,13.54839],[100.46774,13.55078],[100.46774,13.55134],[100.468,13.5517],[100.46771,13.55218],[100.46642,13.55241],[100.4659,13.55213],[100.4657,13.55063],[100.46547,13.5505],[100.4652,13.5507],[100.46507,13.55053],[100.46498,13.54938],[100.46468,13.54942],[100.46444,13.5499],[100.46407,13.55012],[100.46318,13.5502],[100.46288,13.55007],[100.4626,13.54945],[100.46181,13.54941]]]}},{"type":"Feature","properties":{"id":"คลองตาหลอม","name":"คลองตาหลอม","kind":"canal"},"geometry":{"type":"MultiLineString","coordinates":[[[100.92573,13.53193],[100.9264,13.53128],[100.92751,13.52956],[100.92721,13.52722]]]}},{"type":"Feature","properties":{"id":"คลองตาหลี","name":"คลองตาหลี","kind":"canal"},"geometry":{"type":"MultiLineString","coordinates":[[[100.29406,13.83218],[100.28874,13.80655]]]}},{"type":"Feature","properties":{"id":"คลองตาห่วง","name":"คลองตาห่วง","kind":"canal"},"geometry":{"type":"MultiLineString","coordinates":[[[100.54753,13.68691],[100.54484,13.68735],[100.54474,13.68724],[100.54322,13.68769],[100.54067,13.689]],[[100.55255,13.687],[100.55067,13.68701],[100.54868,13.68673],[100.54804,13.68691]],[[100.54804,13.68691],[100.54753,13.68691]]]}},{"type":"Feature","properties":{"id":"คลองตาอูฐ","name":"คลองตาอูฐ","kind":"canal"},"geometry":{"type":"MultiLineString","coordinates":[[[100.56159,13.9138],[100.56308,13.91333],[100.56402,13.91272],[100.56585,13.91139],[100.56847,13.90893],[100.57499,13.9051],[100.57935,13.90381],[100.58753,13.89932]],[[100.55943,13.91432],[100.56159,13.9138]]]}},{"type":"Feature","properties":{"id":"คลองตาอู๊","name":"คลองตาอู๊","kind":"canal"},"geometry":{"type":"MultiLineString","coordinates":[[[100.2258,13.66487],[100.22516,13.66514],[100.22488,13.66549],[100.22396,13.66816],[100.22292,13.67041],[100.21998,13.67577]]]}},{"type":"Feature","properties":{"id":"คลองตาเกษม","name":"คลองตาเกษม","kind":"canal"},"geometry":{"type":"MultiLineString","coordinates":[[[100.8375,13.76745],[100.83757,13.76484],[100.83807,13.76412],[100.83958,13.76314],[100.83967,13.76283]]]}},{"type":"Feature","properties":{"id":"คลองตาเค็ด","name":"คลองตาเค็ด","kind":"canal"},"geometry":{"type":"MultiLineString","coordinates":[[[100.60247,13.59186],[100.60124,13.59035],[100.60123,13.58887],[100.60062,13.58842],[100.59986,13.58664],[100.60003,13.58645],[100.60109,13.58663],[100.60133,13.58647],[100.60127,13.58598],[100.60076,13.58508],[100.60104,13.58436],[100.60177,13.58434],[100.60239,13.58469],[100.60315,13.5862],[100.60349,13.58615],[100.60457,13.58525],[100.60459,13.58447],[100.60412,13.58418],[100.604,13.58374],[100.6043,13.58338],[100.60516,13.58347],[100.60532,13.58319],[100.60487,13.58259],[100.60476,13.58177],[100.60388,13.58045],[100.60382,13.57982],[100.60339,13.5798],[100.60317,13.57945],[100.6036,13.57837],[100.6041,13.57774],[100.60391,13.57723],[100.60409,13.57696],[100.60406,13.57651]],[[100.60406,13.57651],[100.60382,13.57638]],[[100.60382,13.57638],[100.6033,13.576],[100.60296,13.57601],[100.60235,13.57526],[100.60203,13.57518],[100.60084,13.57364]]]}},{"type":"Feature","properties":{"id":"คลองตาเซียะ","name":"คลองตาเซียะ","kind":"canal"},"geometry":{"type":"MultiLineString","coordinates":[[[100.56487,13.64083],[100.56017,13.63781]]]}},{"type":"Feature","properties":{"id":"คลองตาเปล่ง","name":"คลองตาเปล่ง","kind":"canal"},"geometry":{"type":"MultiLineString","coordinates":[[[100.45455,13.66754],[100.45422,13.66662],[100.4552,13.66621],[100.4552,13.66534]]]}},{"type":"Feature","properties":{"id":"คลองตาเปีย","name":"คลองตาเปีย","kind":"canal"},"geometry":{"type":"MultiLineString","coordinates":[[[100.68784,13.70492],[100.68396,13.69285],[100.68327,13.69251],[100.68087,13.6931],[100.68035,13.69263],[100.67741,13.69379],[100.67701,13.69372]]]}},{"type":"Feature","properties":{"id":"คลองตาเพชร","name":"คลองตาเพชร","kind":"canal"},"geometry":{"type":"MultiLineString","coordinates":[[[100.85692,13.51152],[100.86111,13.50981]]]}},{"type":"Feature","properties":{"id":"คลองตาเมือง","name":"คลองตาเมือง","kind":"canal"},"geometry":{"type":"MultiLineString","coordinates":[[[100.34738,13.86525],[100.34758,13.86097],[100.34749,13.85723],[100.34838,13.85225],[100.3487,13.84815],[100.35054,13.84073]]]}},{"type":"Feature","properties":{"id":"คลองตาเม้ง","name":"คลองตาเม้ง","kind":"canal"},"geometry":{"type":"MultiLineString","coordinates":[[[100.47865,13.65684],[100.47736,13.65328],[100.47527,13.6538],[100.47134,13.6535]]]}},{"type":"Feature","properties":{"id":"คลองตาเริก","name":"คลองตาเริก","kind":"canal"},"geometry":{"type":"MultiLineString","coordinates":[[[100.54592,13.69075],[100.54312,13.69171]],[[100.55235,13.69073],[100.54932,13.691],[100.54805,13.69096],[100.54777,13.69077]],[[100.54754,13.69071],[100.54747,13.6907]],[[100.54747,13.6907],[100.54727,13.69068]],[[100.54777,13.69077],[100.54754,13.69071]],[[100.54727,13.69068],[100.54602,13.6907]],[[100.54602,13.6907],[100.54592,13.69075]],[[100.54301,13.69177],[100.54173,13.69226]],[[100.54312,13.69171],[100.54301,13.69177]]]}},{"type":"Feature","properties":{"id":"คลองตาเร่ง","name":"คลองตาเร่ง","kind":"canal"},"geometry":{"type":"MultiLineString","coordinates":[[[100.64604,13.8473],[100.641,13.84667],[100.63931,13.84617]],[[100.65869,13.84776],[100.65694,13.84785],[100.65319,13.84687]],[[100.63931,13.84617],[100.63722,13.8447]],[[100.64659,13.84744],[100.64604,13.8473]],[[100.64789,13.84671],[100.64815,13.84757],[100.64659,13.84744]],[[100.63722,13.8447],[100.63555,13.84161]],[[100.6531,13.84684],[100.65216,13.84694],[100.64886,13.84621]],[[100.65319,13.84687],[100.6531,13.84684]],[[100.64886,13.84621],[100.64789,13.84671]]]}},{"type":"Feature","properties":{"id":"คลองตาแดง","name":"คลองตาแดง","kind":"canal"},"geometry":{"type":"MultiLineString","coordinates":[[[100.35397,13.86622],[100.35155,13.86602],[100.34547,13.86492],[100.3347,13.86279],[100.33305,13.86228],[100.32619,13.86174],[100.32228,13.8609],[100.31201,13.85758],[100.3041,13.85439]]]}},{"type":"Feature","properties":{"id":"คลองตาแฝง","name":"คลองตาแฝง","kind":"canal"},"geometry":{"type":"MultiLineString","coordinates":[[[100.87297,13.74245],[100.87008,13.7423],[100.86897,13.74203],[100.86703,13.74205]],[[100.87297,13.74245],[100.87337,13.74191],[100.8742,13.73993],[100.87512,13.73883],[100.87579,13.73843],[100.87892,13.73778]]]}},{"type":"Feature","properties":{"id":"คลองตาแม้น","name":"คลองตาแม้น","kind":"canal"},"geometry":{"type":"MultiLineString","coordinates":[[[100.39417,13.55823],[100.39396,13.55749],[100.39421,13.55605],[100.39475,13.55555],[100.39462,13.55491],[100.39516,13.55458],[100.39514,13.5542],[100.39542,13.5537],[100.39675,13.55339],[100.39729,13.55302],[100.39818,13.55299],[100.39881,13.55323],[100.39912,13.55283],[100.39946,13.55273],[100.40033,13.55305],[100.4013,13.55285],[100.40174,13.55323],[100.4025,13.5531],[100.40333,13.55346],[100.40432,13.55506],[100.40504,13.55504],[100.40539,13.55462],[100.40653,13.55441],[100.40736,13.55482],[100.40867,13.55459],[100.40949,13.55498],[100.4106,13.55504],[100.41189,13.55547],[100.41228,13.55608],[100.41217,13.5567],[100.41244,13.55716],[100.41307,13.55711],[100.4136,13.55747],[100.41434,13.55688],[100.4152,13.55714]],[[100.39471,13.50242],[100.39523,13.50208],[100.39922,13.50261]]]}},{"type":"Feature","properties":{"id":"คลองตาแสน","name":"คลองตาแสน","kind":"canal"},"geometry":{"type":"MultiLineString","coordinates":[[[100.42091,13.51452],[100.42782,13.51503]]]}},{"type":"Feature","properties":{"id":"คลองตาโซะ","name":"คลองตาโซะ","kind":"canal"},"geometry":{"type":"MultiLineString","coordinates":[[[100.49287,13.63263],[100.49458,13.63626],[100.49558,13.63947],[100.49596,13.63993],[100.49639,13.63942]],[[100.49639,13.63942],[100.49681,13.63944],[100.49877,13.64133],[100.50379,13.64445]]]}},{"type":"Feature","properties":{"id":"คลองตาโฮ้","name":"คลองตาโฮ้","kind":"canal"},"geometry":{"type":"MultiLineString","coordinates":[[[100.45968,13.67011],[100.46437,13.67102]]]}},{"type":"Feature","properties":{"id":"คลองตำหรุ","name":"คลองตำหรุ","kind":"canal"},"geometry":{"type":"MultiLineString","coordinates":[[[100.68305,13.51686],[100.68216,13.51309],[100.68018,13.51113],[100.67926,13.50854],[100.67932,13.50772]],[[100.68641,13.53376],[100.68649,13.53303],[100.68624,13.53174],[100.68454,13.52651],[100.6844,13.52503],[100.68386,13.52329],[100.68287,13.52116],[100.68253,13.51979],[100.68198,13.51872],[100.68213,13.51833],[100.6821,13.51693]],[[100.6916,13.5542],[100.6909,13.55397],[100.69007,13.554],[100.68934,13.55364],[100.68864,13.55234],[100.68713,13.5524],[100.68657,13.55211],[100.68632,13.55178],[100.6863,13.55066],[100.68604,13.54983],[100.68546,13.54881],[100.68538,13.54762]],[[100.68501,13.54495],[100.68628,13.54315],[100.68677,13.54181],[100.68603,13.54087],[100.68594,13.53921],[100.68608,13.53867],[100.68729,13.53744],[100.68656,13.53385]],[[100.68499,13.54507],[100.68501,13.54495]],[[100.68537,13.54742],[100.68499,13.54507]],[[100.68538,13.54762],[100.68537,13.54742]],[[100.68656,13.53385],[100.68641,13.53376]]]}},{"type":"Feature","properties":{"id":"คลองต้นกล้วย","name":"คลองต้นกล้วย","kind":"canal"},"geometry":{"type":"MultiLineString","coordinates":[[[100.71479,13.6302],[100.71625,13.62822],[100.71673,13.6279],[100.71854,13.62853]],[[100.71854,13.62853],[100.7196,13.62813],[100.72164,13.6264],[100.72276,13.6258],[100.7269,13.62474]],[[100.7269,13.62474],[100.72701,13.62471]]]}},{"type":"Feature","properties":{"id":"คลองต้นตาล","name":"คลองต้นตาล","kind":"canal"},"geometry":{"type":"MultiLineString","coordinates":[[[100.66645,13.66717],[100.67218,13.66498],[100.67236,13.66454],[100.67351,13.66406],[100.67574,13.6634],[100.67691,13.66229],[100.67836,13.66142],[100.68812,13.65829]],[[100.43337,13.58278],[100.43023,13.58207],[100.42929,13.581],[100.42795,13.58054],[100.42527,13.57901],[100.42159,13.57822],[100.42059,13.57772]],[[100.4648,13.64965],[100.46642,13.64303],[100.46597,13.64292],[100.46611,13.63922],[100.46715,13.63817],[100.46751,13.63655]],[[100.46376,13.64937],[100.4652,13.64369],[100.46597,13.64292]],[[100.2055,13.68724],[100.20659,13.68651],[100.20792,13.68991],[100.20844,13.69024],[100.20899,13.6902],[100.21,13.69271],[100.21086,13.69413],[100.21137,13.69702]]]}},{"type":"Feature","properties":{"id":"คลองต้นโพธิ์","name":"คลองต้นโพธิ์","kind":"canal"},"geometry":{"type":"MultiLineString","coordinates":[[[100.92339,13.59353],[100.92537,13.59301],[100.9266,13.59229],[100.927,13.59185],[100.92801,13.58977],[100.92793,13.58928],[100.92645,13.58672],[100.92645,13.58644],[100.92704,13.58099],[100.92765,13.57995],[100.92829,13.57928],[100.92922,13.57744],[100.92944,13.57597],[100.92932,13.57501],[100.92833,13.57321],[100.92823,13.57258],[100.92862,13.57032],[100.92951,13.56872],[100.92953,13.56794],[100.93125,13.56736],[100.93162,13.56702],[100.9322,13.56642],[100.93427,13.56299],[100.93729,13.56069],[100.93778,13.55996],[100.93799,13.55849],[100.93745,13.55247],[100.93769,13.55126],[100.9381,13.55108],[100.93932,13.55107],[100.94066,13.54791],[100.94202,13.54686],[100.94219,13.54585],[100.94218,13.54286],[100.94367,13.5421],[100.94466,13.53984],[100.94901,13.53622],[100.9498,13.53528]]]}},{"type":"Feature","properties":{"id":"คลองต้นไทร","name":"คลองต้นไทร","kind":"canal"},"geometry":{"type":"MultiLineString","coordinates":[[[100.46606,13.70931],[100.46732,13.70904],[100.47184,13.70707]],[[100.51132,13.71732],[100.50238,13.7205]],[[100.50028,13.72091],[100.4929,13.72091]],[[100.80586,13.82611],[100.80389,13.82591],[100.80129,13.82027],[100.80082,13.81737],[100.80141,13.81626],[100.80127,13.8152],[100.80147,13.81012],[100.80164,13.80951],[100.80204,13.80905],[100.80347,13.8079],[100.80547,13.808],[100.80652,13.80824],[100.80737,13.80819],[100.80766,13.80797]],[[100.72352,13.63131],[100.72337,13.63246],[100.72234,13.6345],[100.72152,13.6356],[100.72091,13.63609],[100.72044,13.63746]],[[100.8188,13.66344],[100.80443,13.66171],[100.804,13.6615],[100.80159,13.6592],[100.79916,13.66014],[100.79778,13.66],[100.79684,13.66031]],[[100.4929,13.72091],[100.49288,13.72091]],[[100.72633,13.62761],[100.72511,13.62885],[100.7239,13.6296],[100.72352,13.63131]],[[100.50214,13.72058],[100.50028,13.72091]],[[100.50238,13.7205],[100.50214,13.72058]]]}},{"type":"Feature","properties":{"id":"คลองถนน","name":"คลองถนน","kind":"canal"},"geometry":{"type":"MultiLineString","coordinates":[[[100.61101,13.89978],[100.6078,13.8978],[100.60703,13.89714],[100.60569,13.8955],[100.59809,13.89056],[100.5959,13.88888],[100.59467,13.88761]],[[100.42567,13.89059],[100.4201,13.88835],[100.41612,13.88802],[100.41167,13.88838],[100.40777,13.8889],[100.40233,13.88997],[100.38053,13.89509],[100.37348,13.89086]],[[100.59467,13.88761],[100.58862,13.88072],[100.58803,13.87943],[100.58639,13.85885]],[[100.43095,13.89264],[100.42576,13.89063]],[[100.42576,13.89063],[100.42567,13.89059]]]}},{"type":"Feature","properties":{"id":"คลองทรงกระเทียม","name":"คลองทรงกระเทียม","kind":"canal"},"geometry":{"type":"MultiLineString","coordinates":[[[100.62318,13.80008],[100.61984,13.79953],[100.61595,13.7993],[100.61511,13.79967],[100.60927,13.80018],[100.60199,13.80013],[100.60153,13.8003]],[[100.59634,13.80125],[100.59166,13.80258],[100.59043,13.80279],[100.58831,13.80276]],[[100.60153,13.8003],[100.60014,13.80063],[100.59803,13.80044],[100.59634,13.80125]],[[100.62318,13.80008],[100.62352,13.80017]],[[100.62352,13.80017],[100.62363,13.8002]],[[100.25093,13.99396],[100.25164,13.99619],[100.25286,14.00191],[100.25504,14.00894],[100.25642,14.01225],[100.25648,14.01432],[100.2571,14.01668]]]}},{"type":"Feature","properties":{"id":"คลองทรัพย์","name":"คลองทรัพย์","kind":"canal"},"geometry":{"type":"MultiLineString","coordinates":[[[100.52735,13.73162],[100.5277,13.73093]],[[100.52773,13.73089],[100.52788,13.73058],[100.52809,13.73065]],[[100.5277,13.73093],[100.52773,13.73089]]]}},{"type":"Feature","properties":{"id":"คลองทวีผล","name":"คลองทวีผล","kind":"canal"},"geometry":{"type":"MultiLineString","coordinates":[[[100.21581,13.68762],[100.21541,13.68657],[100.21506,13.68437],[100.21367,13.68322],[100.21402,13.68271],[100.21028,13.68046],[100.19803,13.67196],[100.19677,13.66999],[100.19448,13.66752],[100.19274,13.66509],[100.19043,13.66251],[100.19065,13.66203],[100.1891,13.66035]]]}},{"type":"Feature","properties":{"id":"คลองทวีวัฒนา","name":"คลองทวีวัฒนา","kind":"canal"},"geometry":{"type":"MultiLineString","coordinates":[[[100.29827,13.96337],[100.28695,13.94702],[100.28374,13.94357],[100.2744,13.93438]],[[100.32745,14.00192],[100.32237,13.9962],[100.31553,13.98929],[100.31462,13.98778]],[[100.35927,13.73793],[100.36482,13.72625]],[[100.35256,13.75209],[100.35927,13.73793]],[[100.36482,13.72625],[100.38119,13.69161]],[[100.34064,13.77727],[100.34207,13.77423]],[[100.34207,13.77423],[100.35256,13.75209]],[[100.32788,13.80418],[100.34012,13.77838]],[[100.31462,13.98778],[100.31024,13.9796]],[[100.33492,14.01517],[100.32745,14.00192]],[[100.34309,14.0237],[100.3388,14.02132],[100.33492,14.01517]],[[100.3049,13.97209],[100.3028,13.96894],[100.29827,13.96337]],[[100.2744,13.93438],[100.27327,13.93316],[100.27197,13.9313],[100.2654,13.92062]],[[100.31024,13.9796],[100.3049,13.97209]],[[100.34043,13.77774],[100.34064,13.77727]],[[100.34012,13.77838],[100.34043,13.77774]]]}},{"type":"Feature","properties":{"id":"คลองทหารเรือ","name":"คลองทหารเรือ","kind":"canal"},"geometry":{"type":"MultiLineString","coordinates":[[[100.27414,13.54953],[100.27498,13.54555]],[[100.27521,13.54437],[100.27529,13.54406]],[[100.27498,13.54555],[100.27521,13.54437]]]}},{"type":"Feature","properties":{"id":"คลองทองหลาง","name":"คลองทองหลาง","kind":"canal"},"geometry":{"type":"MultiLineString","coordinates":[[[100.50511,13.91161],[100.50416,13.91303],[100.50297,13.91403],[100.50133,13.91487],[100.50104,13.9145],[100.49988,13.91491],[100.49863,13.9159],[100.49799,13.91615],[100.49626,13.91761]]]}},{"type":"Feature","properties":{"id":"คลองทับช้างบน","name":"คลองทับช้างบน","kind":"canal"},"geometry":{"type":"MultiLineString","coordinates":[[[100.70652,13.75669],[100.70608,13.7558],[100.70447,13.75379],[100.70377,13.75248],[100.70137,13.74614],[100.69996,13.7416],[100.69627,13.73534],[100.69509,13.73297],[100.69373,13.73115],[100.69224,13.72975]],[[100.69224,13.72975],[100.69141,13.72811],[100.69066,13.72498],[100.69066,13.72398]],[[100.70948,13.76169],[100.70696,13.75792],[100.70652,13.75669]]]}},{"type":"Feature","properties":{"id":"คลองทับช้างล่าง","name":"คลองทับช้างล่าง","kind":"canal"},"geometry":{"type":"MultiLineString","coordinates":[[[100.69374,13.75495],[100.69274,13.75346],[100.69197,13.7501],[100.69039,13.74824],[100.68919,13.74543],[100.68801,13.74046],[100.68808,13.73951],[100.68781,13.73883],[100.68766,13.73754],[100.6877,13.7348],[100.68737,13.73272],[100.68654,13.73175],[100.68564,13.73121]],[[100.69704,13.76052],[100.69652,13.75975],[100.6959,13.75807],[100.69519,13.75711],[100.69452,13.75574],[100.69374,13.75495]],[[100.70948,13.76169],[100.70936,13.76273],[100.70916,13.763],[100.70754,13.76342],[100.70671,13.76388],[100.70465,13.76383],[100.70311,13.76453],[100.70226,13.76469],[100.70135,13.76419],[100.69978,13.76388],[100.69923,13.76284],[100.69772,13.7618],[100.69704,13.76052]],[[100.68564,13.73121],[100.68581,13.73096],[100.68653,13.73065],[100.69224,13.72975]]]}},{"type":"Feature","properties":{"id":"คลองทับนาง","name":"คลองทับนาง","kind":"canal"},"geometry":{"type":"MultiLineString","coordinates":[[[100.66762,13.60452],[100.66935,13.60314],[100.67059,13.60183],[100.67265,13.59895],[100.67282,13.59812],[100.67265,13.59542],[100.67287,13.59489],[100.67306,13.59303],[100.67344,13.59252],[100.67554,13.59201],[100.67579,13.59062],[100.67551,13.58939],[100.67585,13.58792]],[[100.67057,13.6139],[100.66928,13.61087],[100.66842,13.60781],[100.66816,13.60585],[100.66762,13.60452]],[[100.67452,13.57897],[100.67463,13.57773],[100.67635,13.57604],[100.67648,13.57546],[100.67684,13.57527],[100.67718,13.57458]],[[100.67585,13.58792],[100.67543,13.58709],[100.67476,13.58636],[100.67472,13.58565],[100.6742,13.58487],[100.67417,13.58448]]]}},{"type":"Feature","properties":{"id":"คลองทับยาว","name":"คลองทับยาว","kind":"canal"},"geometry":{"type":"MultiLineString","coordinates":[[[100.84267,13.75329],[100.84275,13.75253],[100.84243,13.74973],[100.84107,13.7414],[100.839,13.73756],[100.83797,13.73371],[100.83877,13.73091],[100.839,13.72094],[100.83822,13.71932],[100.83596,13.71594],[100.83475,13.71294],[100.83256,13.70971],[100.83204,13.70856]]]}},{"type":"Feature","properties":{"id":"คลองทับแถบ","name":"คลองทับแถบ","kind":"canal"},"geometry":{"type":"MultiLineString","coordinates":[[[100.93093,13.51995],[100.93102,13.51875],[100.92958,13.51682],[100.92925,13.51577],[100.92895,13.51557],[100.92861,13.51491],[100.92792,13.51504]]]}},{"type":"Feature","properties":{"id":"คลองทุ่งช้าง","name":"คลองทุ่งช้าง","kind":"canal"},"geometry":{"type":"MultiLineString","coordinates":[[[100.69782,13.58652],[100.69481,13.58501],[100.6939,13.58519],[100.69302,13.58463],[100.69233,13.58454],[100.69182,13.58419],[100.69105,13.58443],[100.69054,13.58408],[100.68893,13.58489],[100.68835,13.5845],[100.68763,13.5849],[100.68667,13.58603],[100.68587,13.58623],[100.68487,13.58598],[100.68376,13.58533],[100.68193,13.58462],[100.68089,13.58483],[100.67943,13.58557],[100.67814,13.58595],[100.67718,13.58762],[100.67585,13.58792]]]}},{"type":"Feature","properties":{"id":"คลองท่อ","name":"คลองท่อ","kind":"canal"},"geometry":{"type":"MultiLineString","coordinates":[[[100.36745,13.76843],[100.36602,13.77705],[100.36607,13.7783],[100.3651,13.78082],[100.36574,13.78116],[100.36592,13.78194],[100.36715,13.78206]]]}},{"type":"Feature","properties":{"id":"คลองท่านา","name":"คลองท่านา","kind":"canal"},"geometry":{"type":"MultiLineString","coordinates":[[[100.20285,13.70038],[100.19786,13.69989],[100.19659,13.6994],[100.19581,13.69955],[100.19527,13.69931],[100.19385,13.69934],[100.19214,13.69901],[100.1913,13.69912],[100.18366,13.69776]]]}},{"type":"Feature","properties":{"id":"คลองท่าเกวียน","name":"คลองท่าเกวียน","kind":"canal"},"geometry":{"type":"MultiLineString","coordinates":[[[100.54099,13.60915],[100.53957,13.60796],[100.53912,13.60782],[100.53899,13.60738],[100.53833,13.60714],[100.53457,13.60426],[100.5345,13.60403],[100.53392,13.60387],[100.53372,13.60356],[100.53353,13.60359],[100.52629,13.59881]],[[100.55127,13.61856],[100.55051,13.61641],[100.54943,13.61576],[100.54552,13.61247],[100.54433,13.61174],[100.54432,13.61139],[100.54328,13.61096],[100.54099,13.60915]],[[100.49962,13.59563],[100.50049,13.59544],[100.5028,13.59651],[100.50444,13.59761]],[[100.50444,13.59761],[100.50559,13.59764]]]}},{"type":"Feature","properties":{"id":"คลองท่าเสา","name":"คลองท่าเสา","kind":"canal"},"geometry":{"type":"MultiLineString","coordinates":[[[100.2523,13.65131],[100.25196,13.65021],[100.25174,13.64843],[100.25131,13.64777],[100.2513,13.64733],[100.25137,13.64693],[100.25195,13.64681],[100.25216,13.64634],[100.25255,13.64635],[100.25304,13.64492],[100.253,13.64421],[100.25341,13.64311],[100.25322,13.64168],[100.25268,13.64018],[100.25284,13.63982],[100.25118,13.63807],[100.25022,13.63729],[100.24982,13.63724],[100.24935,13.63637],[100.24871,13.63686],[100.2487,13.63727],[100.24855,13.63732],[100.24784,13.63674],[100.24666,13.63664],[100.24636,13.63636],[100.24572,13.63659],[100.24512,13.6362],[100.24473,13.6365],[100.24451,13.63596],[100.2439,13.636],[100.24356,13.63551],[100.24265,13.63534],[100.24232,13.63465],[100.24165,13.63436],[100.23778,13.6347],[100.23753,13.63516],[100.23702,13.63485],[100.23607,13.63559],[100.23522,13.63553],[100.23447,13.63659],[100.23356,13.6367]],[[100.25205,13.65564],[100.25169,13.65402],[100.2518,13.65326]],[[100.2518,13.65326],[100.25225,13.6513]],[[100.25213,13.65605],[100.25205,13.65564]]]}},{"type":"Feature","properties":{"id":"คลองท่าแร้ง","name":"คลองท่าแร้ง","kind":"canal"},"geometry":{"type":"MultiLineString","coordinates":[[[100.64135,13.88607],[100.64253,13.88584],[100.64302,13.88555],[100.64311,13.88313],[100.64413,13.88272],[100.65253,13.88286]]]}},{"type":"Feature","properties":{"id":"คลองท้องคุ้ง","name":"คลองท้องคุ้ง","kind":"canal"},"geometry":{"type":"MultiLineString","coordinates":[[[100.76091,13.66204],[100.76423,13.66116],[100.7656,13.66103],[100.76633,13.66116],[100.77016,13.66074],[100.77254,13.6615],[100.77459,13.66304],[100.77629,13.66379],[100.77708,13.66447],[100.77826,13.66489],[100.77899,13.66494],[100.78245,13.66362],[100.78503,13.66215]]]}},{"type":"Feature","properties":{"id":"คลองธนู","name":"คลองธนู","kind":"canal"},"geometry":{"type":"MultiLineString","coordinates":[[[100.83929,13.59773],[100.83941,13.59711],[100.83914,13.59607],[100.84003,13.59517],[100.8401,13.59442],[100.8415,13.5936],[100.8417,13.59327],[100.84215,13.59052],[100.84295,13.58903],[100.84274,13.58817],[100.84146,13.58733],[100.84101,13.58123],[100.8403,13.57853],[100.84101,13.57677],[100.84218,13.57553]]]}},{"type":"Feature","properties":{"id":"คลองนกกระทุง","name":"คลองนกกระทุง","kind":"canal"},"geometry":{"type":"MultiLineString","coordinates":[[[100.2025,13.97386],[100.2042,13.97416],[100.20585,13.97316],[100.2072,13.97323],[100.20746,13.97352],[100.20768,13.97535],[100.20787,13.97553],[100.21249,13.97611],[100.24475,13.98607]]]}},{"type":"Feature","properties":{"id":"คลองนครหลวง","name":"คลองนครหลวง","kind":"canal"},"geometry":{"type":"MultiLineString","coordinates":[[[100.61343,14.18447],[100.61284,14.18399]],[[100.61284,14.18399],[100.61101,14.18187],[100.60954,14.18092],[100.60798,14.18055],[100.605,14.1805],[100.6046,14.18023],[100.60473,14.15853]],[[100.61926,14.18407],[100.61693,14.18404],[100.61463,14.18478],[100.61343,14.18447]],[[100.60478,14.15241],[100.6048,14.1487]],[[100.60478,14.15248],[100.60478,14.15241]],[[100.6048,14.14863],[100.60484,14.14544]],[[100.6048,14.1487],[100.6048,14.14863]],[[100.60484,14.14535],[100.60487,14.14224]],[[100.60484,14.14544],[100.60484,14.14535]],[[100.60487,14.14215],[100.60487,14.14191]],[[100.60487,14.14224],[100.60487,14.14215]],[[100.60473,14.15853],[100.60478,14.15248]],[[100.68835,14.35707],[100.68928,14.35532],[100.69022,14.35425],[100.71162,14.34001],[100.71274,14.33836],[100.7182,14.32279],[100.71841,14.3216],[100.71823,14.23765],[100.71755,14.23625],[100.7123,14.2321],[100.71044,14.23096],[100.62359,14.18471],[100.62212,14.18431],[100.61957,14.1841]],[[100.61957,14.1841],[100.61926,14.18407]]]}},{"type":"Feature","properties":{"id":"คลองนครเนื่องเขต","name":"คลองนครเนื่องเขต","kind":"canal"},"geometry":{"type":"MultiLineString","coordinates":[[[100.90772,13.83815],[100.9386,13.8143]],[[100.89143,13.85085],[100.90772,13.83815]],[[100.94435,13.80987],[101.05027,13.72813]],[[100.9386,13.8143],[100.94435,13.80987]]]}},{"type":"Feature","properties":{"id":"คลองนราภิรมย์","name":"คลองนราภิรมย์","kind":"canal"},"geometry":{"type":"MultiLineString","coordinates":[[[100.31917,13.82254],[100.32674,13.8066]],[[100.29687,13.86958],[100.31344,13.83477]],[[100.2654,13.92062],[100.2726,13.91631],[100.27511,13.91435],[100.27603,13.91301],[100.27783,13.90953],[100.28601,13.89235]],[[100.20798,13.95484],[100.2654,13.92062]],[[100.31344,13.83477],[100.31917,13.82254]],[[100.29482,13.87383],[100.29687,13.86958]],[[100.28601,13.89235],[100.29482,13.87383]],[[100.32674,13.8066],[100.32788,13.80418]]]}},{"type":"Feature","properties":{"id":"คลองนวลนิตย์","name":"คลองนวลนิตย์","kind":"canal"},"geometry":{"type":"MultiLineString","coordinates":[[[100.46644,13.98274],[100.46689,13.98141],[100.46825,13.98158],[100.46961,13.98138],[100.47189,13.98226],[100.47369,13.98131],[100.48714,13.97006],[100.48967,13.96726],[100.49074,13.96561],[100.49079,13.96511],[100.49123,13.96461],[100.49115,13.96401],[100.49293,13.96359],[100.49489,13.96282],[100.49741,13.96151],[100.49802,13.96081],[100.499,13.96118],[100.49951,13.96189],[100.49988,13.96203],[100.5018,13.96044],[100.50242,13.96103],[100.50361,13.96167],[100.50381,13.96226],[100.50432,13.96277]]]}},{"type":"Feature","properties":{"id":"คลองนา","name":"คลองนา","kind":"canal"},"geometry":{"type":"MultiLineString","coordinates":[[[100.47817,13.6058],[100.47648,13.60698],[100.47485,13.60675],[100.47427,13.60617],[100.47361,13.60592],[100.47158,13.60669],[100.47138,13.60649],[100.47187,13.60568],[100.47187,13.60518],[100.47074,13.604],[100.46984,13.60458],[100.46692,13.60548],[100.46674,13.60533],[100.46667,13.60468],[100.46579,13.604]],[[100.422,13.81454],[100.42816,13.80994],[100.43181,13.80747],[100.43841,13.80366],[100.44052,13.80276],[100.44186,13.80237],[100.44325,13.80425],[100.44446,13.80463],[100.4445,13.80494],[100.44489,13.80494]],[[100.42059,13.57772],[100.42062,13.57646],[100.42293,13.57459],[100.4244,13.574],[100.42468,13.57364],[100.42496,13.57122],[100.4243,13.57027],[100.42399,13.56892],[100.42353,13.5683]],[[100.45374,13.60599],[100.45405,13.60593],[100.45411,13.60567],[100.45443,13.60569],[100.45466,13.60506],[100.45566,13.60527],[100.45587,13.60496],[100.45723,13.60467],[100.45757,13.6044],[100.45808,13.60449],[100.45835,13.60485],[100.45939,13.60491],[100.46023,13.60537],[100.4607,13.6051],[100.46146,13.60503],[100.46202,13.60568],[100.46311,13.60615],[100.46396,13.60583],[100.46429,13.60508],[100.46491,13.60459],[100.46523,13.60388],[100.46579,13.604]],[[100.64399,13.59208],[100.64405,13.59136],[100.64346,13.59104],[100.64162,13.58903],[100.63801,13.58306],[100.63676,13.58228]],[[100.93548,13.54412],[100.93491,13.5423],[100.9349,13.54099],[100.9345,13.54061],[100.93448,13.53772],[100.93553,13.53576],[100.93771,13.53309],[100.93988,13.52944],[100.94039,13.52782],[100.94046,13.52588],[100.94025,13.52522]],[[100.32808,13.78403],[100.33083,13.78393],[100.33677,13.78466]],[[100.33677,13.78466],[100.33697,13.7847]],[[100.33697,13.7847],[100.33708,13.78472]]]}},{"type":"Feature","properties":{"id":"คลองนางทิ้ม","name":"คลองนางทิ้ม","kind":"canal"},"geometry":{"type":"MultiLineString","coordinates":[[[100.85714,13.62356],[100.85443,13.62399],[100.85169,13.62497],[100.84979,13.62657],[100.84773,13.62752]]]}},{"type":"Feature","properties":{"id":"คลองนางนม","name":"คลองนางนม","kind":"canal"},"geometry":{"type":"MultiLineString","coordinates":[[[100.21237,13.65083],[100.21024,13.65208],[100.20925,13.65235],[100.20858,13.6529],[100.20788,13.65298],[100.20753,13.65321],[100.20721,13.65288],[100.20659,13.65279],[100.20328,13.65312],[100.19637,13.65543],[100.19265,13.6571],[100.19082,13.65769],[100.18891,13.65902],[100.1891,13.66035],[100.18377,13.66207],[100.18011,13.66468],[100.17575,13.66872],[100.17456,13.67112],[100.17152,13.67364],[100.16915,13.67482],[100.16564,13.67598],[100.16548,13.67578],[100.15821,13.67943],[100.15646,13.68059],[100.15492,13.68086]]]}},{"type":"Feature","properties":{"id":"คลองนางหงษ์","name":"คลองนางหงษ์","kind":"canal"},"geometry":{"type":"MultiLineString","coordinates":[[[100.83752,13.50347],[100.83539,13.50076],[100.83481,13.50025],[100.83292,13.49936],[100.83257,13.49874],[100.83238,13.49876],[100.83198,13.49933],[100.83159,13.49943],[100.83065,13.49929],[100.83048,13.49905],[100.83095,13.49722],[100.83016,13.49716],[100.83027,13.49636],[100.83081,13.4954],[100.83243,13.49425],[100.83316,13.49406],[100.83367,13.49361],[100.83449,13.49348],[100.83492,13.49308],[100.83588,13.49127],[100.83343,13.48339]],[[100.81897,13.50741],[100.82,13.50695],[100.82036,13.50639],[100.82033,13.50592],[100.81985,13.50526],[100.82005,13.50496],[100.82135,13.50464],[100.82171,13.50429],[100.82184,13.5032],[100.82253,13.50227],[100.82312,13.50096],[100.82443,13.50077],[100.82453,13.50108],[100.82432,13.50227],[100.82484,13.50244],[100.82512,13.50217],[100.82533,13.50103],[100.82564,13.50074],[100.82633,13.50058],[100.8266,13.50084],[100.82664,13.50182],[100.82684,13.50213],[100.82735,13.50232],[100.82778,13.50223],[100.828,13.50187],[100.82777,13.50151],[100.82778,13.5007],[100.82831,13.50136],[100.8288,13.50143],[100.82872,13.50024],[100.82896,13.49996],[100.82917,13.49991],[100.83025,13.50063],[100.83056,13.50047],[100.83082,13.49934]]]}},{"type":"Feature","properties":{"id":"คลองนางหงส์","name":"คลองนางหงส์","kind":"canal"},"geometry":{"type":"MultiLineString","coordinates":[[[100.52041,13.75211],[100.51968,13.74964]]]}},{"type":"Feature","properties":{"id":"คลองนาซอง","name":"คลองนาซอง","kind":"canal"},"geometry":{"type":"MultiLineString","coordinates":[[[100.56343,13.77362],[100.56325,13.77007],[100.56402,13.76978],[100.56296,13.76674],[100.56054,13.75654]],[[100.56052,13.75627],[100.56041,13.75561]],[[100.56054,13.75654],[100.56052,13.75627]],[[100.57109,13.78015],[100.56683,13.78035],[100.56608,13.77686],[100.56531,13.77469]],[[100.56344,13.77371],[100.56343,13.77362]],[[100.56531,13.77469],[100.56356,13.77438],[100.56344,13.77371]]]}},{"type":"Feature","properties":{"id":"คลองนายฉัตร","name":"คลองนายฉัตร","kind":"canal"},"geometry":{"type":"MultiLineString","coordinates":[[[100.40585,14.172],[100.40531,14.17581],[100.40595,14.18425],[100.40596,14.18726],[100.40528,14.18948],[100.4023,14.20402]],[[100.40582,14.17163],[100.40585,14.172]],[[100.4042,14.15182],[100.4048,14.16156],[100.40582,14.17163]]]}},{"type":"Feature","properties":{"id":"คลองนายผล","name":"คลองนายผล","kind":"canal"},"geometry":{"type":"MultiLineString","coordinates":[[[100.35447,13.65884],[100.35495,13.65692],[100.35564,13.65198],[100.35562,13.64857],[100.35535,13.64569]]]}},{"type":"Feature","properties":{"id":"คลองนายย้ง","name":"คลองนายย้ง","kind":"canal"},"geometry":{"type":"MultiLineString","coordinates":[[[100.39747,13.73201],[100.39754,13.73262],[100.39811,13.73275],[100.39943,13.72956]]]}},{"type":"Feature","properties":{"id":"คลองนายสร้อย","name":"คลองนายสร้อย","kind":"canal"},"geometry":{"type":"MultiLineString","coordinates":[[[100.4043,13.7411],[100.40367,13.73761],[100.40163,13.7377],[100.4018,13.73521],[100.40349,13.73192],[100.40347,13.7299]]]}},{"type":"Feature","properties":{"id":"คลองนายโอ๋","name":"คลองนายโอ๋","kind":"canal"},"geometry":{"type":"MultiLineString","coordinates":[[[100.4458,13.66094],[100.45535,13.65745]]]}},{"type":"Feature","properties":{"id":"คลองนาหมอน","name":"คลองนาหมอน","kind":"canal"},"geometry":{"type":"MultiLineString","coordinates":[[[100.89249,13.9273],[100.88352,13.92838],[100.88209,13.92813],[100.88009,13.92839],[100.87817,13.9293],[100.87709,13.92938],[100.87636,13.92996],[100.87567,13.93021],[100.87414,13.93045],[100.87059,13.93004],[100.86834,13.92922],[100.86782,13.92885],[100.86311,13.92911]],[[100.89144,13.92288],[100.88583,13.92383],[100.88295,13.92514],[100.88064,13.92569],[100.87915,13.92646],[100.87844,13.92719],[100.87738,13.92847],[100.87709,13.92938]],[[100.89176,13.92285],[100.89155,13.92286]],[[100.89155,13.92286],[100.89144,13.92288]]]}},{"type":"Feature","properties":{"id":"คลองนาเกลือ","name":"คลองนาเกลือ","kind":"canal"},"geometry":{"type":"MultiLineString","coordinates":[[[100.52851,13.55788],[100.52886,13.55676],[100.52913,13.55645],[100.52929,13.55538],[100.52986,13.5549],[100.53003,13.55449],[100.52959,13.55373],[100.53004,13.55297],[100.53025,13.55109],[100.53081,13.54974],[100.53061,13.54896],[100.53006,13.54811],[100.53073,13.54732],[100.53008,13.54609],[100.52993,13.54506],[100.53007,13.5437],[100.53108,13.5391],[100.53097,13.53659],[100.52975,13.53356],[100.52963,13.53268],[100.52917,13.53173],[100.52852,13.52938]],[[100.52842,13.55969],[100.52775,13.55913],[100.52773,13.55888],[100.52851,13.55788]],[[100.52772,13.56078],[100.52842,13.55969]]]}},{"type":"Feature","properties":{"id":"คลองน้ำอ้อม","name":"คลองน้ำอ้อม","kind":"canal"},"geometry":{"type":"MultiLineString","coordinates":[[[100.56597,14.03802],[100.56402,14.0377],[100.56322,14.03789],[100.55668,14.04106],[100.55453,14.0419]]]}},{"type":"Feature","properties":{"id":"คลองน้ำแก้ว","name":"คลองน้ำแก้ว","kind":"canal"},"geometry":{"type":"MultiLineString","coordinates":[[[100.58826,13.80304],[100.58201,13.80275],[100.58145,13.80258],[100.58044,13.80184],[100.57694,13.80116],[100.57541,13.80131],[100.57441,13.80088],[100.57371,13.80028],[100.57268,13.80007],[100.57205,13.79965],[100.56739,13.79925]]]}},{"type":"Feature","properties":{"id":"คลองบริการกรมชลประทาน","name":"คลองบริการกรมชลประทาน","kind":"canal"},"geometry":{"type":"MultiLineString","coordinates":[[[100.50955,13.79036],[100.51148,13.78931],[100.51135,13.78891]]]}},{"type":"Feature","properties":{"id":"คลองบวบขม","name":"คลองบวบขม","kind":"canal"},"geometry":{"type":"MultiLineString","coordinates":[[[100.65937,13.8112],[100.65953,13.80585],[100.65674,13.80449],[100.65654,13.80348],[100.65439,13.80087],[100.65228,13.8017],[100.65151,13.80092]],[[100.65942,13.80739],[100.65655,13.80605],[100.65674,13.80449]]]}},{"type":"Feature","properties":{"id":"คลองบวรรังสี","name":"คลองบวรรังสี","kind":"canal"},"geometry":{"type":"MultiLineString","coordinates":[[[100.50222,13.75972],[100.50251,13.76013]]]}},{"type":"Feature","properties":{"id":"คลองบอนใหญ่","name":"คลองบอนใหญ่","kind":"canal"},"geometry":{"type":"MultiLineString","coordinates":[[[100.23461,14.17555],[100.23567,14.17072],[100.23864,14.15939],[100.23834,14.15527],[100.23772,14.15272],[100.23553,14.14692],[100.23526,14.14535],[100.23349,14.14094],[100.23268,14.13689],[100.22929,14.13532],[100.22817,14.13401],[100.22724,14.13339],[100.22693,14.13117],[100.22588,14.1299],[100.22595,14.12876],[100.22527,14.12617],[100.22536,14.12403],[100.22497,14.12266],[100.22564,14.12095],[100.22687,14.11989],[100.22795,14.11863],[100.22812,14.11819],[100.22779,14.11608],[100.22858,14.11004],[100.22771,14.10562],[100.2276,14.10198],[100.2266,14.09498]]]}},{"type":"Feature","properties":{"id":"คลองบังหลวง","name":"คลองบังหลวง","kind":"canal"},"geometry":{"type":"MultiLineString","coordinates":[[[100.89236,13.6442],[100.89446,13.64245],[100.89772,13.64082]]]}},{"type":"Feature","properties":{"id":"คลองบัว","name":"คลองบัว","kind":"canal"},"geometry":{"type":"MultiLineString","coordinates":[[[100.41545,13.80114],[100.41691,13.79844],[100.41736,13.79714],[100.4183,13.79573],[100.42586,13.78168],[100.4263,13.77998],[100.42695,13.77965],[100.42743,13.77854],[100.42788,13.77825],[100.42811,13.77718]],[[100.62169,13.87364],[100.62647,13.87319],[100.62997,13.87394],[100.63001,13.87454],[100.63471,13.87534],[100.63473,13.87555],[100.63762,13.87636],[100.6389,13.87605],[100.63929,13.87418],[100.6395,13.87162],[100.64018,13.86975],[100.6404,13.8681],[100.64089,13.86637],[100.64112,13.86271],[100.64059,13.85949],[100.64027,13.85873]]]}},{"type":"Feature","properties":{"id":"คลองบัวคลี่","name":"คลองบัวคลี่","kind":"canal"},"geometry":{"type":"MultiLineString","coordinates":[[[100.70683,13.5651],[100.70723,13.56895],[100.70557,13.57855],[100.70587,13.57998],[100.70656,13.58127],[100.7073,13.58345],[100.709,13.59],[100.70915,13.5922],[100.70997,13.59387],[100.71016,13.59694],[100.70986,13.59785],[100.70985,13.59916],[100.70958,13.60045],[100.71031,13.60332]]]}},{"type":"Feature","properties":{"id":"คลองบัวลอย","name":"คลองบัวลอย","kind":"canal"},"geometry":{"type":"MultiLineString","coordinates":[[[100.7265,13.70227],[100.72813,13.70495],[100.72902,13.70878],[100.73082,13.71265],[100.73155,13.7147],[100.73107,13.71506],[100.73086,13.71575],[100.7294,13.72402]]]}},{"type":"Feature","properties":{"id":"คลองบัวเกาะ","name":"คลองบัวเกาะ","kind":"canal"},"geometry":{"type":"MultiLineString","coordinates":[[[100.72024,13.72399],[100.72069,13.72053],[100.72003,13.71781],[100.72041,13.71613],[100.72056,13.71289],[100.72087,13.7113],[100.72081,13.70881],[100.71909,13.70301],[100.71871,13.69892],[100.71783,13.69376],[100.71797,13.69209],[100.71966,13.68932],[100.72048,13.6871],[100.72107,13.68648]]]}},{"type":"Feature","properties":{"id":"คลองบัวโรย","name":"คลองบัวโรย","kind":"canal"},"geometry":{"type":"MultiLineString","coordinates":[[[100.82882,13.65665],[100.83262,13.65628],[100.83438,13.65573],[100.83938,13.65497],[100.84015,13.65509],[100.84294,13.6547],[100.84483,13.65473],[100.84636,13.65433],[100.84713,13.65385]]]}},{"type":"Feature","properties":{"id":"คลองบางกรวย","name":"คลองบางกรวย","kind":"canal"},"geometry":{"type":"MultiLineString","coordinates":[[[100.48513,13.80626],[100.48784,13.80677],[100.48858,13.80708],[100.48989,13.80796],[100.49134,13.80961]],[[100.49134,13.80961],[100.49594,13.81463],[100.49791,13.81649],[100.49959,13.81787],[100.50214,13.81953]],[[100.47655,13.8077],[100.47832,13.8068],[100.47976,13.80651],[100.48328,13.80616],[100.48513,13.80626]]]}},{"type":"Feature","properties":{"id":"คลองบางกระดี่","name":"คลองบางกระดี่","kind":"canal"},"geometry":{"type":"MultiLineString","coordinates":[[[100.41792,13.58848],[100.41922,13.58836]],[[100.42024,13.58942],[100.41922,13.58836]],[[100.41222,13.58814],[100.41485,13.58932],[100.41567,13.58855],[100.41732,13.58864],[100.41792,13.58848]],[[100.42374,13.59159],[100.42024,13.58942]]]}},{"type":"Feature","properties":{"id":"คลองบางกระทึก","name":"คลองบางกระทึก","kind":"canal"},"geometry":{"type":"MultiLineString","coordinates":[[[100.32508,13.76801],[100.32428,13.76753],[100.32267,13.76713],[100.30459,13.76761],[100.30199,13.76692],[100.29608,13.76463],[100.29369,13.76404],[100.29196,13.76503],[100.29155,13.76447],[100.28956,13.76374],[100.28905,13.76408],[100.28834,13.76392],[100.28792,13.7641],[100.28724,13.76405],[100.28525,13.76488],[100.2848,13.76463],[100.28408,13.76377],[100.28361,13.76364]],[[100.33026,13.773],[100.33081,13.77318],[100.33462,13.77325],[100.33692,13.77375],[100.3403,13.77389],[100.34207,13.77423]]]}},{"type":"Feature","properties":{"id":"คลองบางกระนก","name":"คลองบางกระนก","kind":"canal"},"geometry":{"type":"MultiLineString","coordinates":[[[100.46972,13.59268],[100.46977,13.59162],[100.47018,13.59103],[100.47013,13.59042],[100.47038,13.58935],[100.47145,13.58708],[100.47123,13.58615],[100.47088,13.58562],[100.47019,13.58491],[100.46967,13.58482],[100.46915,13.58396],[100.46904,13.58311],[100.46936,13.58094],[100.47028,13.58016],[100.47029,13.57854],[100.47009,13.57779],[100.47022,13.57643],[100.47059,13.57586],[100.47142,13.57518],[100.47111,13.57435],[100.47072,13.57426],[100.47021,13.57366],[100.47056,13.57289],[100.47018,13.57152],[100.4695,13.57021],[100.4693,13.56927],[100.47026,13.5676],[100.47022,13.56603],[100.47081,13.56423]],[[100.46579,13.604],[100.46591,13.60363],[100.46571,13.60287],[100.46573,13.60169],[100.46611,13.60029],[100.46705,13.59885],[100.46705,13.59829],[100.46669,13.59792],[100.46686,13.59693],[100.46876,13.59475],[100.46972,13.59268]]]}},{"type":"Feature","properties":{"id":"คลองบางกระบือ","name":"คลองบางกระบือ","kind":"canal"},"geometry":{"type":"MultiLineString","coordinates":[[[100.69441,13.59368],[100.69451,13.59136],[100.69575,13.58992],[100.69665,13.58943],[100.69758,13.58674],[100.69752,13.58644]],[[100.69903,13.60668],[100.69871,13.60611],[100.69801,13.60563],[100.69763,13.60509],[100.6971,13.60492],[100.69578,13.60311],[100.69513,13.60253],[100.6949,13.60142],[100.6953,13.6004],[100.6947,13.59925],[100.6948,13.59818],[100.69439,13.59631],[100.6944,13.59442]],[[100.6944,13.59442],[100.69441,13.59368]],[[100.39167,13.8669],[100.39686,13.86775],[100.40059,13.86749],[100.40264,13.8662],[100.4073,13.86447],[100.40774,13.86388],[100.4092,13.86272],[100.41353,13.86053],[100.41363,13.85949],[100.41426,13.85872],[100.4143,13.85797],[100.41505,13.85776],[100.41588,13.85665],[100.41585,13.85572],[100.41643,13.85487],[100.41612,13.85446],[100.41635,13.85397],[100.41632,13.85334],[100.41671,13.85288],[100.41641,13.85151]],[[100.69776,13.58619],[100.69813,13.58595],[100.699,13.58471],[100.69893,13.58411],[100.69815,13.58254],[100.69828,13.58086],[100.69896,13.5803],[100.69905,13.57964],[100.69955,13.57855]],[[100.69934,13.57562],[100.69978,13.57494],[100.69979,13.57372],[100.70011,13.57227],[100.70114,13.57053],[100.70146,13.56943],[100.70138,13.56828],[100.70244,13.56527]],[[100.3809,13.86744],[100.38302,13.86745],[100.38467,13.86669],[100.38538,13.86661],[100.38959,13.86662],[100.39167,13.8669]],[[100.69955,13.57855],[100.69919,13.57665],[100.69934,13.57562]],[[100.70244,13.56527],[100.70247,13.56489],[100.70275,13.56463],[100.70265,13.56412]],[[100.51962,13.79131],[100.51931,13.79065]],[[100.51715,13.79248],[100.51962,13.79131],[100.52027,13.7923],[100.52299,13.79202],[100.52284,13.79067],[100.52437,13.79046]],[[100.5155,13.7921],[100.5167,13.79147],[100.51702,13.7921]],[[100.51262,13.79374],[100.51385,13.79298]],[[100.51385,13.79298],[100.5155,13.7921]],[[100.51705,13.79219],[100.51718,13.79247]],[[100.51702,13.7921],[100.51705,13.79219]]]}},{"type":"Feature","properties":{"id":"คลองบางกระพัด","name":"คลองบางกระพัด","kind":"canal"},"geometry":{"type":"MultiLineString","coordinates":[[[100.24153,13.6986],[100.24211,13.69888],[100.24251,13.69955],[100.24836,13.70384],[100.24972,13.70535]],[[100.25544,13.70721],[100.25754,13.70467]],[[100.25536,13.70729],[100.25544,13.70721]],[[100.25478,13.70787],[100.25536,13.70729]],[[100.25462,13.70804],[100.25478,13.70787]],[[100.25438,13.70828],[100.25462,13.70804]],[[100.2542,13.70846],[100.25438,13.70828]],[[100.25355,13.70803],[100.2542,13.70846]],[[100.25333,13.70787],[100.25355,13.70803]],[[100.25218,13.70706],[100.25333,13.70787]],[[100.25212,13.70702],[100.25218,13.70706]],[[100.25021,13.70568],[100.25212,13.70702]],[[100.25015,13.70564],[100.25021,13.70568]],[[100.24974,13.70536],[100.25015,13.70564]],[[100.24972,13.70535],[100.24974,13.70536]]]}},{"type":"Feature","properties":{"id":"คลองบางกระยาง","name":"คลองบางกระยาง","kind":"canal"},"geometry":{"type":"MultiLineString","coordinates":[[[100.87351,13.58037],[100.87375,13.58072],[100.87377,13.58144],[100.87576,13.58459],[100.87633,13.58495],[100.87674,13.5857],[100.87825,13.58658],[100.87925,13.58751],[100.87985,13.59021],[100.88062,13.59144],[100.88136,13.59194],[100.88475,13.59742],[100.88626,13.59946],[100.88676,13.60056],[100.88718,13.60099]],[[100.8868,13.58118],[100.8852,13.5822],[100.88323,13.58215],[100.8824,13.58235],[100.88208,13.58264],[100.88161,13.58365],[100.88157,13.5846],[100.88103,13.5858],[100.88073,13.58616],[100.87881,13.58719]],[[100.87975,13.57407],[100.87732,13.57586],[100.87676,13.57605],[100.87456,13.57554],[100.87351,13.57576],[100.87339,13.57622],[100.87408,13.57775],[100.87493,13.57832],[100.87503,13.57882],[100.87463,13.5791],[100.87381,13.57927],[100.87339,13.57992]],[[100.87339,13.57992],[100.87351,13.58037]]]}},{"type":"Feature","properties":{"id":"คลองบางกระยางล่าง","name":"คลองบางกระยางล่าง","kind":"canal"},"geometry":{"type":"MultiLineString","coordinates":[[[100.8744,13.57554],[100.87363,13.57425],[100.8736,13.5737],[100.87473,13.57198]]]}},{"type":"Feature","properties":{"id":"คลองบางกระยี่","name":"คลองบางกระยี่","kind":"canal"},"geometry":{"type":"MultiLineString","coordinates":[[[100.40619,13.85583],[100.40542,13.85472],[100.40518,13.85383],[100.4054,13.85113],[100.40582,13.85092],[100.40593,13.85054]]]}},{"type":"Feature","properties":{"id":"คลองบางกระสอ","name":"คลองบางกระสอ","kind":"canal"},"geometry":{"type":"MultiLineString","coordinates":[[[100.49485,13.86789],[100.48862,13.86919],[100.48824,13.86956],[100.48787,13.86959],[100.48773,13.87016],[100.48746,13.87036],[100.48698,13.87031],[100.48539,13.87117],[100.48458,13.8712],[100.48433,13.87167],[100.48369,13.87155],[100.48304,13.87197],[100.48265,13.87138],[100.48226,13.8718],[100.48145,13.87121],[100.48104,13.87138],[100.48089,13.8717],[100.48048,13.87122],[100.47989,13.871],[100.4783,13.87129],[100.47635,13.87118]],[[100.50228,13.86603],[100.50058,13.86623],[100.4975,13.86708],[100.497,13.86752],[100.49565,13.86772]],[[100.49565,13.86772],[100.49485,13.86789]]]}},{"type":"Feature","properties":{"id":"คลองบางกระออม","name":"คลองบางกระออม","kind":"canal"},"geometry":{"type":"MultiLineString","coordinates":[[[100.24912,13.72437],[100.25133,13.72536],[100.25341,13.72709],[100.2562,13.72998],[100.25593,13.73082]]]}},{"type":"Feature","properties":{"id":"คลองบางกระเทียม","name":"คลองบางกระเทียม","kind":"canal"},"geometry":{"type":"MultiLineString","coordinates":[[[100.81376,13.61483],[100.81427,13.61437],[100.81357,13.61298],[100.81427,13.61055],[100.81407,13.60986],[100.81416,13.60926],[100.81385,13.60858],[100.813,13.60785],[100.81284,13.60739],[100.81266,13.60639],[100.81287,13.6056],[100.81265,13.60479],[100.81188,13.60429],[100.81224,13.60249],[100.81145,13.60192],[100.81156,13.60127],[100.81217,13.6007],[100.8117,13.6],[100.81169,13.59868],[100.81075,13.59764],[100.81117,13.59701],[100.81158,13.59532],[100.81069,13.59454],[100.81049,13.59403],[100.80979,13.59327],[100.80931,13.59213],[100.80888,13.58981],[100.80847,13.58921],[100.80943,13.58699],[100.80875,13.58643],[100.80783,13.58623],[100.80824,13.58474],[100.80821,13.58405],[100.80702,13.58209]],[[100.81546,13.61584],[100.81581,13.61759],[100.81561,13.61848],[100.81606,13.62013],[100.81673,13.6216],[100.817,13.62285],[100.81655,13.62395],[100.81654,13.62456],[100.81738,13.62586],[100.81687,13.62706],[100.8179,13.62895],[100.81919,13.63023],[100.81997,13.63059],[100.82117,13.63181],[100.8215,13.63349],[100.82265,13.63429]],[[100.81546,13.61584],[100.81486,13.61585],[100.81376,13.61483]]]}},{"type":"Feature","properties":{"id":"คลองบางกร่าง","name":"คลองบางกร่าง","kind":"canal"},"geometry":{"type":"MultiLineString","coordinates":[[[100.46555,13.84855],[100.46555,13.84736],[100.46593,13.84662],[100.4658,13.84574],[100.4652,13.84501],[100.46416,13.84261],[100.46171,13.83625],[100.46188,13.83601],[100.46135,13.83526],[100.46146,13.83491],[100.46104,13.83441],[100.46045,13.83296],[100.46057,13.83268],[100.45922,13.83003]]]}},{"type":"Feature","properties":{"id":"คลองบางกอกน้อย","name":"คลองบางกอกน้อย","kind":"canal"},"geometry":{"type":"MultiLineString","coordinates":[[[100.47655,13.8077],[100.47412,13.80496],[100.4729,13.80309],[100.4713,13.79856],[100.46972,13.79476]],[[100.46622,13.78893],[100.46599,13.78798],[100.46598,13.78639],[100.46672,13.78134]],[[100.46753,13.77972],[100.46859,13.77902],[100.46995,13.77745],[100.47185,13.77064],[100.47263,13.76898],[100.47577,13.7653],[100.47877,13.76293],[100.48029,13.76207],[100.48298,13.7612],[100.48717,13.76097],[100.48918,13.75991]],[[100.46672,13.78134],[100.46699,13.78051],[100.46753,13.77972]],[[100.46972,13.79476],[100.46714,13.79091],[100.46622,13.78893]]]}},{"type":"Feature","properties":{"id":"คลองบางกอกใหญ่","name":"คลองบางกอกใหญ่","kind":"canal"},"geometry":{"type":"MultiLineString","coordinates":[[[100.46197,13.74439],[100.46157,13.74189],[100.46154,13.73943],[100.46216,13.73496],[100.46281,13.73236],[100.46344,13.73124]],[[100.46344,13.73124],[100.46529,13.72786],[100.46736,13.725],[100.46895,13.72382],[100.47154,13.72258]],[[100.47854,13.72277],[100.48208,13.72377],[100.48344,13.7243],[100.48436,13.72491],[100.48548,13.72763]],[[100.47154,13.72258],[100.47627,13.72238],[100.47854,13.72277]],[[100.48548,13.72763],[100.4863,13.73249],[100.48769,13.73607]],[[100.48769,13.73607],[100.48892,13.73886],[100.4898,13.74029],[100.4919,13.74244]]]}},{"type":"Feature","properties":{"id":"คลองบางกะจีน","name":"คลองบางกะจีน","kind":"canal"},"geometry":{"type":"MultiLineString","coordinates":[[[100.52374,13.95793],[100.52396,13.95749],[100.52508,13.95689],[100.52467,13.95591],[100.52488,13.95556],[100.52422,13.95466],[100.52345,13.9527],[100.52304,13.94909],[100.5236,13.94631],[100.5224,13.94506],[100.52226,13.94347]],[[100.52241,13.95945],[100.52246,13.95941]],[[100.52206,13.95969],[100.52241,13.95945]],[[100.52272,13.95906],[100.52274,13.95899]],[[100.52246,13.95941],[100.52272,13.95906]],[[100.52338,13.95832],[100.52374,13.95793]],[[100.52274,13.95899],[100.5228,13.95866],[100.52338,13.95832]]]}},{"type":"Feature","properties":{"id":"คลองบางกะปิ","name":"คลองบางกะปิ","kind":"canal"},"geometry":{"type":"MultiLineString","coordinates":[[[100.5716,13.75454],[100.57139,13.75302],[100.57039,13.75166],[100.56883,13.74674]]]}},{"type":"Feature","properties":{"id":"คลองบางกะผึ้ง","name":"คลองบางกะผึ้ง","kind":"canal"},"geometry":{"type":"MultiLineString","coordinates":[[[100.56406,14.03143],[100.56542,14.03171],[100.56955,14.03122]]]}},{"type":"Feature","properties":{"id":"คลองบางกะสี","name":"คลองบางกะสี","kind":"canal"},"geometry":{"type":"MultiLineString","coordinates":[[[100.76034,13.58823],[100.76159,13.58767],[100.76258,13.5887],[100.76339,13.59087],[100.76363,13.59211],[100.76353,13.59295],[100.76376,13.59342]]]}},{"type":"Feature","properties":{"id":"คลองบางกะเจ้า","name":"คลองบางกะเจ้า","kind":"canal"},"geometry":{"type":"MultiLineString","coordinates":[[[100.57132,13.68348],[100.56573,13.68397]],[[100.5524,13.69012],[100.55444,13.68993],[100.55659,13.68852],[100.55699,13.68866],[100.55804,13.6879],[100.55861,13.68778],[100.55867,13.68736],[100.55911,13.68741],[100.55922,13.68706],[100.55974,13.68663],[100.56019,13.68672],[100.56113,13.68605],[100.56187,13.68578],[100.56346,13.68449]],[[100.56346,13.68449],[100.56471,13.68399],[100.56573,13.68397]],[[100.57192,13.68344],[100.57132,13.68348]]]}},{"type":"Feature","properties":{"id":"คลองบางกูด","name":"คลองบางกูด","kind":"canal"},"geometry":{"type":"MultiLineString","coordinates":[[[100.22813,13.61676],[100.23286,13.61644],[100.23717,13.61552],[100.24299,13.61512],[100.24744,13.61449],[100.24824,13.61449],[100.24957,13.61489],[100.25086,13.61502],[100.25116,13.61546],[100.2557,13.61548]]]}},{"type":"Feature","properties":{"id":"คลองบางขนุน","name":"คลองบางขนุน","kind":"canal"},"geometry":{"type":"MultiLineString","coordinates":[[[100.46373,13.82703],[100.46344,13.82626],[100.46362,13.82548],[100.46273,13.82447],[100.46213,13.82413],[100.46203,13.82322],[100.46176,13.82286],[100.46064,13.82218],[100.45922,13.82086],[100.45871,13.82064],[100.45852,13.8202],[100.45749,13.81934],[100.4547,13.81623]]]}},{"type":"Feature","properties":{"id":"คลองบางขวด","name":"คลองบางขวด","kind":"canal"},"geometry":{"type":"MultiLineString","coordinates":[[[100.63555,13.84161],[100.63565,13.84122],[100.63641,13.8409],[100.6364,13.84046],[100.637,13.83894],[100.63918,13.83606],[100.64293,13.83212],[100.6442,13.83105]],[[100.6442,13.83105],[100.64607,13.82888],[100.64651,13.8267],[100.64765,13.82409],[100.64872,13.82054],[100.64874,13.81965],[100.64824,13.81741],[100.64825,13.81641],[100.64903,13.81388],[100.64902,13.81317],[100.64818,13.8119],[100.64599,13.80954]]]}},{"type":"Feature","properties":{"id":"คลองบางขวาง","name":"คลองบางขวาง","kind":"canal"},"geometry":{"type":"MultiLineString","coordinates":[[[100.4957,13.84187],[100.49552,13.84135],[100.49508,13.84143],[100.49225,13.84025]],[[100.49619,13.8418],[100.49656,13.84203],[100.49951,13.84247]],[[100.50793,13.8433],[100.50533,13.84333],[100.49951,13.84247]],[[100.44504,13.8086],[100.44658,13.80771]],[[100.44658,13.80771],[100.44977,13.80588]],[[100.4554,13.80259],[100.46312,13.79811],[100.46395,13.79752],[100.464,13.79721]],[[100.44977,13.80588],[100.45155,13.80486]],[[100.45155,13.80486],[100.4554,13.80259]]]}},{"type":"Feature","properties":{"id":"คลองบางขวางเล็ก","name":"คลองบางขวางเล็ก","kind":"canal"},"geometry":{"type":"MultiLineString","coordinates":[[[100.71372,13.60536],[100.71347,13.60438],[100.71297,13.60389],[100.71292,13.6032]],[[100.72267,13.61679],[100.71997,13.61486],[100.71828,13.61533],[100.7169,13.61534],[100.71635,13.61503],[100.71573,13.61409],[100.71502,13.61201],[100.71464,13.60791],[100.71372,13.60536]],[[100.7244,13.61659],[100.72267,13.61679]],[[100.72634,13.61668],[100.72509,13.61649],[100.7244,13.61659]]]}},{"type":"Feature","properties":{"id":"คลองบางขี้แก้ง","name":"คลองบางขี้แก้ง","kind":"canal"},"geometry":{"type":"MultiLineString","coordinates":[[[100.4322,13.72121],[100.4242,13.72334],[100.41308,13.72466],[100.40792,13.72385],[100.39936,13.72327],[100.38691,13.7217],[100.38576,13.72203],[100.38027,13.72233],[100.37878,13.72193],[100.37663,13.72172],[100.37451,13.72039],[100.36771,13.72051]]]}},{"type":"Feature","properties":{"id":"คลองบางขุนกอง","name":"คลองบางขุนกอง","kind":"canal"},"geometry":{"type":"MultiLineString","coordinates":[[[100.45088,13.8165],[100.45342,13.82023],[100.45416,13.8224],[100.45445,13.82275],[100.4544,13.82326],[100.45471,13.8236],[100.45554,13.82675],[100.45563,13.82888],[100.45536,13.82923],[100.45413,13.82989],[100.4537,13.8303],[100.45352,13.83083]]]}},{"type":"Feature","properties":{"id":"คลองบางขุนนนท์","name":"คลองบางขุนนนท์","kind":"canal"},"geometry":{"type":"MultiLineString","coordinates":[[[100.46815,13.76735],[100.46891,13.76772],[100.46977,13.76916],[100.47113,13.77049],[100.47181,13.77079]],[[100.46815,13.76735],[100.46892,13.7662],[100.46871,13.76594],[100.46924,13.76552],[100.47001,13.7642],[100.47541,13.75665]]]}},{"type":"Feature","properties":{"id":"คลองบางขุนเทียน","name":"คลองบางขุนเทียน","kind":"canal"},"geometry":{"type":"MultiLineString","coordinates":[[[100.4666,13.67364],[100.46801,13.67403],[100.47034,13.67503],[100.46898,13.67844],[100.4702,13.67866],[100.47076,13.67911],[100.47024,13.68118],[100.47012,13.68256],[100.47036,13.68274]],[[100.46914,13.68677],[100.46927,13.68777],[100.46834,13.69031],[100.46826,13.692],[100.46663,13.69772],[100.46636,13.69809],[100.46563,13.69807],[100.46497,13.69858],[100.46371,13.69843]],[[100.47036,13.68274],[100.4706,13.68306],[100.47002,13.68436],[100.46973,13.68607],[100.46914,13.68677]],[[100.4666,13.67364],[100.4672,13.67166]]]}},{"type":"Feature","properties":{"id":"คลองบางขโมย","name":"คลองบางขโมย","kind":"canal"},"geometry":{"type":"MultiLineString","coordinates":[[[100.43555,13.62089],[100.43576,13.61912],[100.43647,13.61755],[100.43655,13.61643],[100.43898,13.61589],[100.43812,13.61336],[100.4387,13.61266],[100.43965,13.61219],[100.44166,13.61203],[100.44246,13.61225],[100.44562,13.61246],[100.44747,13.61235],[100.44804,13.61194],[100.44833,13.61138],[100.44881,13.61114],[100.45055,13.61145],[100.45132,13.61184]]]}},{"type":"Feature","properties":{"id":"คลองบางคล้า","name":"คลองบางคล้า","kind":"canal"},"geometry":{"type":"MultiLineString","coordinates":[[[100.90085,13.58943],[100.89823,13.59061],[100.8956,13.58466],[100.89485,13.58404],[100.89295,13.58136],[100.89088,13.58198],[100.88877,13.58332]],[[100.88646,13.568],[100.88793,13.56983],[100.88833,13.57062],[100.8888,13.57082],[100.89015,13.57278],[100.89122,13.57377],[100.89162,13.57648]],[[100.89165,13.57666],[100.89245,13.57903],[100.89271,13.57934],[100.89299,13.58043],[100.89295,13.58136]],[[100.89164,13.57659],[100.89165,13.57666]],[[100.89163,13.57655],[100.89164,13.57659]],[[100.89162,13.57648],[100.89163,13.57655]]]}},{"type":"Feature","properties":{"id":"คลองบางคอแหลม","name":"คลองบางคอแหลม","kind":"canal"},"geometry":{"type":"MultiLineString","coordinates":[[[100.50196,13.69862],[100.5009,13.69762],[100.49929,13.69511]],[[100.4991,13.69462],[100.49823,13.69294],[100.49814,13.69216],[100.49758,13.69201],[100.49631,13.69097],[100.49519,13.68898]],[[100.49929,13.69511],[100.4991,13.69462]]]}},{"type":"Feature","properties":{"id":"คลองบางคา","name":"คลองบางคา","kind":"canal"},"geometry":{"type":"MultiLineString","coordinates":[[[100.89473,13.62943],[100.89371,13.62883],[100.89309,13.62786],[100.89259,13.62648],[100.89207,13.62637],[100.89101,13.6264],[100.88962,13.62691],[100.88537,13.62749]],[[100.9041,13.62711],[100.90184,13.62853],[100.90021,13.62901]],[[100.91674,13.6117],[100.91399,13.61561],[100.90964,13.6206],[100.90816,13.62186],[100.90671,13.6238],[100.9053,13.62518],[100.9041,13.62711]],[[100.90021,13.62901],[100.89821,13.62946],[100.89545,13.62924],[100.89473,13.62943]],[[100.91674,13.6117],[100.91782,13.61052],[100.91916,13.60955],[100.92035,13.60831],[100.92334,13.60596],[100.92941,13.5998]]]}},{"type":"Feature","properties":{"id":"คลองบางคูลัด","name":"คลองบางคูลัด","kind":"canal"},"geometry":{"type":"MultiLineString","coordinates":[[[100.36446,13.87621],[100.36472,13.87325],[100.36223,13.85737],[100.361,13.84807]],[[100.361,13.84807],[100.36072,13.84642],[100.36078,13.84329],[100.36118,13.84229]]]}},{"type":"Feature","properties":{"id":"คลองบางคูวัด","name":"คลองบางคูวัด","kind":"canal"},"geometry":{"type":"MultiLineString","coordinates":[[[100.47703,13.99157],[100.47777,13.99199],[100.47882,13.99041],[100.47979,13.98962],[100.48026,13.98887],[100.48127,13.98786],[100.48858,13.98224],[100.49384,13.97716],[100.49545,13.97458],[100.49846,13.97194],[100.49912,13.97115],[100.50075,13.96851],[100.50103,13.96727],[100.50162,13.96613]],[[100.50162,13.96613],[100.50277,13.96535],[100.50394,13.96313],[100.50496,13.96221],[100.50642,13.9597],[100.50637,13.95899],[100.50669,13.95701],[100.50734,13.95565],[100.50738,13.95481],[100.50769,13.95423],[100.50792,13.95299],[100.50759,13.95203],[100.50765,13.95165],[100.50695,13.95051],[100.507,13.94947],[100.50727,13.94896],[100.50837,13.94906],[100.50853,13.94893],[100.50921,13.94667],[100.50986,13.94352]]]}},{"type":"Feature","properties":{"id":"คลองบางคูเวียง","name":"คลองบางคูเวียง","kind":"canal"},"geometry":{"type":"MultiLineString","coordinates":[[[100.37078,13.80262],[100.37057,13.80234],[100.36991,13.80234],[100.36556,13.80133],[100.36462,13.80135],[100.36441,13.80093],[100.36363,13.80094],[100.34642,13.79731],[100.3329,13.79348]],[[100.43013,13.83224],[100.42935,13.83158],[100.42858,13.83045],[100.42676,13.82986],[100.42575,13.82867],[100.4237,13.82793],[100.42167,13.8263],[100.4202,13.82573],[100.41956,13.82528]],[[100.41956,13.82528],[100.41644,13.82166],[100.41563,13.8211],[100.41408,13.8192],[100.41326,13.81871],[100.41108,13.81676],[100.40806,13.81493]]]}},{"type":"Feature","properties":{"id":"คลองบางค้อ","name":"คลองบางค้อ","kind":"canal"},"geometry":{"type":"MultiLineString","coordinates":[[[100.47911,13.69987],[100.47683,13.69896],[100.47531,13.69767],[100.46963,13.70092],[100.46915,13.70101],[100.46842,13.70159]],[[100.42547,13.83664],[100.42519,13.8364],[100.42504,13.83568],[100.42477,13.83549],[100.42403,13.83631],[100.42324,13.83595],[100.42301,13.83538],[100.42226,13.83537],[100.42234,13.8347],[100.42161,13.83446],[100.42177,13.83417],[100.42162,13.83398],[100.42085,13.8343],[100.42059,13.83395],[100.4201,13.83395],[100.41916,13.83332],[100.4189,13.83253],[100.41819,13.83204],[100.41753,13.83198],[100.41732,13.83138],[100.41664,13.83114],[100.41641,13.83073],[100.41541,13.83019],[100.41499,13.82941],[100.41447,13.82907],[100.41289,13.82872],[100.41201,13.8281]],[[100.40303,13.824],[100.41173,13.82878]],[[100.46694,13.7024],[100.46545,13.70291]],[[100.46842,13.70159],[100.46694,13.7024]]]}},{"type":"Feature","properties":{"id":"คลองบางจาก","name":"คลองบางจาก","kind":"canal"},"geometry":{"type":"MultiLineString","coordinates":[[[100.54967,13.62009],[100.54764,13.61815],[100.54716,13.61702],[100.5465,13.61692],[100.54617,13.61716],[100.5441,13.61683],[100.54309,13.61698],[100.54278,13.61685],[100.54228,13.61708],[100.54185,13.6167],[100.54188,13.61603],[100.54147,13.61523],[100.53885,13.61505],[100.53855,13.61484],[100.53723,13.61491],[100.53638,13.61529],[100.53507,13.61454],[100.53512,13.61406],[100.53491,13.61398]],[[100.46344,13.73124],[100.46289,13.73082],[100.46273,13.73037],[100.46229,13.73012],[100.46183,13.72945],[100.46062,13.72895],[100.46016,13.72787],[100.4601,13.72666],[100.45949,13.72563],[100.45874,13.72575],[100.4584,13.72541],[100.45849,13.72415],[100.4583,13.72395],[100.45522,13.72328],[100.45405,13.7235],[100.45301,13.72236],[100.45221,13.7235],[100.45139,13.72307],[100.45079,13.72243],[100.45026,13.72244],[100.4498,13.7221],[100.44925,13.72249],[100.4487,13.72237],[100.44661,13.72114],[100.44361,13.7204],[100.44243,13.71946],[100.4415,13.71837],[100.44103,13.7182],[100.44086,13.71786],[100.43851,13.7165],[100.43597,13.7162],[100.43462,13.71577],[100.43132,13.71597],[100.42814,13.71506],[100.42572,13.71524]],[[100.58892,13.68894],[100.59067,13.68925],[100.59114,13.68908],[100.59262,13.68936],[100.59574,13.6895],[100.59774,13.6899],[100.59887,13.69048],[100.59967,13.69136],[100.60071,13.69028],[100.60163,13.68879]],[[100.58947,13.70541],[100.58936,13.70467],[100.59023,13.70355],[100.5904,13.70293],[100.59137,13.70221],[100.59277,13.70065],[100.59351,13.69925],[100.59449,13.69842],[100.59506,13.69747]],[[100.52102,13.60514],[100.51951,13.60485],[100.51382,13.60262],[100.51293,13.60133],[100.51149,13.59685]],[[100.42572,13.71524],[100.42289,13.71554],[100.41992,13.71553],[100.41701,13.71588],[100.41619,13.71572],[100.40562,13.71639],[100.37205,13.71101]],[[100.36429,13.70877],[100.36486,13.70884],[100.36479,13.70989],[100.37205,13.71101]],[[100.52102,13.60514],[100.52403,13.60556]],[[100.52403,13.60556],[100.52864,13.60884],[100.53226,13.61208],[100.53491,13.61398]],[[100.35739,13.708],[100.35964,13.70763],[100.35983,13.70776],[100.36006,13.70868],[100.36381,13.70876]],[[100.36381,13.70876],[100.36429,13.70877]]]}},{"type":"Feature","properties":{"id":"คลองบางฉมาน","name":"คลองบางฉมาน","kind":"canal"},"geometry":{"type":"MultiLineString","coordinates":[[[100.80324,13.6505],[100.80204,13.64858],[100.80189,13.64784],[100.80116,13.64624],[100.8007,13.64554],[100.79954,13.64445],[100.79961,13.64341],[100.79994,13.64237],[100.79942,13.64192],[100.79896,13.64112],[100.79837,13.64066],[100.79811,13.63997],[100.79739,13.63992],[100.79702,13.63943],[100.79581,13.63891]]]}},{"type":"Feature","properties":{"id":"คลองบางชัน","name":"คลองบางชัน","kind":"canal"},"geometry":{"type":"MultiLineString","coordinates":[[[100.68373,13.84809],[100.68586,13.84435],[100.68629,13.84195],[100.68693,13.83988],[100.68774,13.83856],[100.68824,13.83598],[100.68778,13.83497],[100.68782,13.83468],[100.69036,13.83254],[100.69097,13.83078],[100.6919,13.83009],[100.69498,13.82443],[100.69532,13.82367],[100.69551,13.82167],[100.69622,13.82063],[100.69696,13.82028],[100.69652,13.81726],[100.69668,13.8154]],[[100.69668,13.8154],[100.69705,13.81379],[100.69762,13.81237],[100.69818,13.81166],[100.6992,13.8108],[100.7015,13.80943],[100.7019,13.80884],[100.70198,13.80684],[100.70111,13.8054],[100.70039,13.80465]],[[100.67395,13.85212],[100.67653,13.85164],[100.67884,13.85037],[100.68023,13.85019],[100.68373,13.84809]],[[100.70039,13.80465],[100.70496,13.7975]],[[100.67079,13.85276],[100.67101,13.85247],[100.67395,13.85212]]]}},{"type":"Feature","properties":{"id":"คลองบางช้าง","name":"คลองบางช้าง","kind":"canal"},"geometry":{"type":"MultiLineString","coordinates":[[[100.19418,13.70798],[100.19382,13.71078],[100.19345,13.7114],[100.19203,13.71254],[100.19048,13.71285],[100.19,13.71354],[100.19008,13.71473],[100.19098,13.71549],[100.19156,13.71567],[100.19223,13.71554],[100.19385,13.71573],[100.19515,13.71545],[100.19936,13.71399],[100.201,13.71302],[100.20143,13.71209],[100.20147,13.7103],[100.20193,13.70988],[100.20312,13.71037],[100.20345,13.71069],[100.20426,13.71324],[100.2044,13.71498],[100.20368,13.71637],[100.20316,13.71686],[100.20322,13.71728],[100.20358,13.71772],[100.20425,13.71803],[100.20708,13.71881]],[[100.48082,13.657],[100.4709,13.65611]],[[100.48386,13.66002],[100.48221,13.65915],[100.48114,13.65892],[100.48025,13.65842],[100.47842,13.65966],[100.47657,13.65997]]]}},{"type":"Feature","properties":{"id":"คลองบางซื่อ","name":"คลองบางซื่อ","kind":"canal"},"geometry":{"type":"MultiLineString","coordinates":[[[100.56135,13.79496],[100.5588,13.79535],[100.5573,13.79528],[100.55518,13.79552],[100.55358,13.79589],[100.55065,13.79607],[100.54906,13.79645],[100.5405,13.7974]],[[100.52046,13.85716],[100.51345,13.8581],[100.49751,13.85927],[100.49352,13.85979],[100.49049,13.85994],[100.48954,13.86027],[100.48827,13.8602],[100.48766,13.86041],[100.48347,13.86058]],[[100.51647,13.80033],[100.52229,13.79992],[100.52507,13.79917],[100.5258,13.79919],[100.52687,13.79862],[100.52895,13.79881],[100.53,13.7985],[100.53235,13.79821]],[[100.48347,13.86058],[100.48044,13.86066],[100.47802,13.85967]],[[100.56699,13.79491],[100.56601,13.79453],[100.56135,13.79496]],[[100.5868,13.79883],[100.57914,13.79712],[100.57123,13.79583],[100.56699,13.79491]],[[100.54003,13.79746],[100.53715,13.79785],[100.5332,13.79982]],[[100.5405,13.7974],[100.54003,13.79746]],[[100.58902,13.79929],[100.5868,13.79883]]]}},{"type":"Feature","properties":{"id":"คลองบางซื่อเก่า","name":"คลองบางซื่อเก่า","kind":"canal"},"geometry":{"type":"MultiLineString","coordinates":[[[100.535,13.79787],[100.53265,13.79823]],[[100.53265,13.79823],[100.53245,13.79829]],[[100.53245,13.79829],[100.5324,13.7983]]]}},{"type":"Feature","properties":{"id":"คลองบางซ่อน","name":"คลองบางซ่อน","kind":"canal"},"geometry":{"type":"MultiLineString","coordinates":[[[100.51662,13.81139],[100.51768,13.81197],[100.5243,13.81397],[100.52471,13.81426],[100.5254,13.81425],[100.52576,13.81453],[100.52768,13.81499],[100.53592,13.8167]],[[100.53592,13.8167],[100.53606,13.81669]]]}},{"type":"Feature","properties":{"id":"คลองบางซ้าย","name":"คลองบางซ้าย","kind":"canal"},"geometry":{"type":"MultiLineString","coordinates":[[[100.29875,14.21927],[100.29868,14.19517],[100.29891,14.17995]],[[100.29893,14.17791],[100.29883,14.16691]],[[100.29891,14.17995],[100.29894,14.17899]],[[100.29893,14.17791],[100.29894,14.17899]]]}},{"type":"Feature","properties":{"id":"คลองบางด้วน","name":"คลองบางด้วน","kind":"canal"},"geometry":{"type":"MultiLineString","coordinates":[[[100.44107,13.71821],[100.44046,13.71981],[100.43956,13.72119],[100.43838,13.72146],[100.43641,13.72285],[100.43182,13.72448],[100.43099,13.72434],[100.43048,13.72446],[100.4283,13.72559],[100.42512,13.72633]],[[100.58254,13.62479],[100.58193,13.6243],[100.58193,13.62398],[100.58008,13.62148],[100.57968,13.62129],[100.57951,13.62071],[100.57831,13.6202],[100.57861,13.6199],[100.57855,13.6196],[100.57793,13.61963],[100.5776,13.61909],[100.57728,13.61898],[100.57728,13.6185],[100.57694,13.61829],[100.57587,13.6186],[100.57551,13.61811],[100.57487,13.61815],[100.57366,13.61678],[100.57387,13.61638],[100.57298,13.61538],[100.57284,13.61486],[100.57292,13.61452],[100.57386,13.61341],[100.57419,13.61049]],[[100.47693,13.60297],[100.47642,13.60237],[100.47521,13.60188],[100.4731,13.59911],[100.4729,13.59731],[100.47359,13.59386],[100.46972,13.59268]]]}},{"type":"Feature","properties":{"id":"คลองบางตลาด","name":"คลองบางตลาด","kind":"canal"},"geometry":{"type":"MultiLineString","coordinates":[[[100.5501,13.8777],[100.54873,13.87798],[100.54799,13.87912],[100.54653,13.88028],[100.53998,13.88154],[100.53567,13.88325],[100.52995,13.88492],[100.52814,13.88496],[100.52624,13.88545],[100.51872,13.88779],[100.51358,13.88892],[100.51318,13.88929],[100.51194,13.88947],[100.50519,13.89133]],[[100.57451,13.87548],[100.5724,13.87595],[100.57075,13.87655],[100.56876,13.87681],[100.56723,13.87739],[100.5637,13.87754],[100.56322,13.87688],[100.55934,13.87693]],[[100.55058,13.8776],[100.5501,13.8777]],[[100.50519,13.89133],[100.50431,13.89234],[100.50396,13.89253],[100.50299,13.89253],[100.50248,13.89291],[100.50227,13.89336],[100.50167,13.89355],[100.50105,13.89421],[100.50035,13.89413],[100.49948,13.89465],[100.49737,13.8952],[100.49602,13.89471],[100.49066,13.89432]],[[100.55926,13.87693],[100.55862,13.87688],[100.55811,13.87557],[100.55318,13.87714],[100.55058,13.8776]],[[100.55934,13.87693],[100.55926,13.87693]]]}},{"type":"Feature","properties":{"id":"คลองบางตลาดน้อย","name":"คลองบางตลาดน้อย","kind":"canal"},"geometry":{"type":"MultiLineString","coordinates":[[[100.49774,13.90408],[100.4963,13.90359],[100.49266,13.90442],[100.49208,13.90403],[100.49095,13.90409]],[[100.501,13.90447],[100.49925,13.90485],[100.49774,13.90408]],[[100.50222,13.90412],[100.501,13.90447]]]}},{"type":"Feature","properties":{"id":"คลองบางตะนาวศรี","name":"คลองบางตะนาวศรี","kind":"canal"},"geometry":{"type":"MultiLineString","coordinates":[[[100.49691,13.83605],[100.49504,13.8352],[100.49381,13.83434]],[[100.51124,13.84144],[100.50954,13.84135],[100.50879,13.84112],[100.50191,13.83823],[100.50101,13.83764],[100.50032,13.8376],[100.49691,13.83605]],[[100.51479,13.84171],[100.51124,13.84144]]]}},{"type":"Feature","properties":{"id":"คลองบางตะไนย์","name":"คลองบางตะไนย์","kind":"canal"},"geometry":{"type":"MultiLineString","coordinates":[[[100.50181,13.93626],[100.49997,13.93718],[100.49939,13.93778],[100.49835,13.93828],[100.49781,13.93907],[100.49722,13.93893],[100.49696,13.93925],[100.49632,13.9395],[100.49544,13.93958],[100.49518,13.94024],[100.49458,13.9403],[100.49416,13.94069],[100.49377,13.94065],[100.49353,13.94036],[100.49291,13.9405],[100.4924,13.9411],[100.49196,13.94091],[100.49134,13.94097],[100.49048,13.94197],[100.4891,13.94242],[100.48899,13.94277],[100.48791,13.94394],[100.48784,13.94454],[100.48748,13.94516]],[[100.47515,13.96115],[100.47626,13.96046],[100.47859,13.95802],[100.48462,13.95114],[100.48618,13.95018],[100.48667,13.94948],[100.48733,13.94755],[100.48794,13.9471],[100.48875,13.94607],[100.4881,13.94541],[100.48748,13.94516]],[[100.46693,13.9705],[100.46687,13.96872],[100.47085,13.96527],[100.47381,13.96225],[100.47515,13.96115]],[[100.46721,13.9729],[100.46693,13.9705]]]}},{"type":"Feature","properties":{"id":"คลองบางตาล","name":"คลองบางตาล","kind":"canal"},"geometry":{"type":"MultiLineString","coordinates":[[[100.38351,13.78926],[100.38481,13.78882],[100.38771,13.78898],[100.39015,13.78888],[100.39484,13.78939],[100.4026,13.79158],[100.41781,13.79641]]]}},{"type":"Feature","properties":{"id":"คลองบางธรณี","name":"คลองบางธรณี","kind":"canal"},"geometry":{"type":"MultiLineString","coordinates":[[[100.48499,13.88567],[100.48695,13.88492],[100.48808,13.88387],[100.48803,13.88365],[100.48883,13.88346],[100.48968,13.88244],[100.49005,13.88264],[100.48996,13.88226],[100.49051,13.88144],[100.49044,13.88095],[100.4909,13.88048],[100.49085,13.88018],[100.49115,13.87982],[100.49119,13.87935],[100.49192,13.87906],[100.49242,13.87909],[100.49369,13.87846]],[[100.49369,13.87846],[100.49471,13.8776],[100.49538,13.8773],[100.49552,13.87685]],[[100.50584,13.87095],[100.50561,13.87109],[100.5059,13.87169],[100.50573,13.87175],[100.50583,13.8721],[100.50407,13.87297],[100.50043,13.87422],[100.49802,13.87534],[100.49701,13.87536],[100.49584,13.87632]],[[100.49552,13.87685],[100.49584,13.87632]]]}},{"type":"Feature","properties":{"id":"คลองบางนา","name":"คลองบางนา","kind":"canal"},"geometry":{"type":"MultiLineString","coordinates":[[[100.65378,13.66892],[100.65224,13.66381],[100.6509,13.66066],[100.65066,13.65925],[100.6504,13.65916],[100.64706,13.65984],[100.64381,13.65989],[100.64127,13.66069],[100.63841,13.66114],[100.63628,13.66176],[100.63581,13.6618],[100.63516,13.66156],[100.63415,13.66214],[100.63075,13.66287],[100.63041,13.66308],[100.62948,13.66307],[100.627,13.66409],[100.62138,13.66529],[100.62074,13.66575],[100.61846,13.66573],[100.6177,13.66646],[100.61697,13.66649],[100.61567,13.66697],[100.61517,13.66673],[100.61464,13.66725],[100.61254,13.66754],[100.61111,13.66813],[100.60945,13.66827],[100.60882,13.66865],[100.60834,13.66855],[100.6051,13.66963],[100.60365,13.66977],[100.6027,13.67026],[100.60099,13.67035],[100.599,13.67124],[100.59841,13.67118],[100.59807,13.67156],[100.59769,13.67152],[100.59519,13.67237],[100.59472,13.67281],[100.59407,13.6728],[100.59177,13.6734],[100.58861,13.67446],[100.58487,13.67603]],[[100.34996,13.81411],[100.35978,13.81307],[100.37229,13.81275],[100.37504,13.81394],[100.37767,13.81473],[100.38816,13.81728]],[[100.79195,13.67771],[100.78831,13.6761],[100.78725,13.67589],[100.78462,13.67614],[100.78032,13.67558],[100.77847,13.67504],[100.775,13.67447],[100.77364,13.67386],[100.77198,13.67342],[100.76831,13.67404],[100.7672,13.67448],[100.76316,13.67475]],[[100.54246,14.03404],[100.54121,14.03399],[100.53417,14.03616],[100.52951,14.03703],[100.52848,14.03701]],[[100.80198,13.67542],[100.79583,13.67719],[100.79195,13.67771]],[[100.5451,14.03307],[100.54358,14.03391],[100.54306,14.03382],[100.54246,14.03404]],[[100.38816,13.81728],[100.38853,13.81734]],[[100.38853,13.81734],[100.3939,13.81936],[100.39777,13.82124],[100.3987,13.82149],[100.39891,13.82177],[100.39952,13.82195],[100.40303,13.824]]]}},{"type":"Feature","properties":{"id":"คลองบางนางจีน","name":"คลองบางนางจีน","kind":"canal"},"geometry":{"type":"MultiLineString","coordinates":[[[100.60639,13.70529],[100.60737,13.70381],[100.61072,13.69695]],[[100.60573,13.70651],[100.60623,13.70584],[100.60639,13.70529]],[[100.60173,13.712],[100.60263,13.71205],[100.60367,13.70953],[100.60458,13.70837],[100.60479,13.70766],[100.60514,13.70746],[100.60515,13.70713],[100.60573,13.70651]]]}},{"type":"Feature","properties":{"id":"คลองบางนางเกรง","name":"คลองบางนางเกรง","kind":"canal"},"geometry":{"type":"MultiLineString","coordinates":[[[100.57464,13.63208],[100.57674,13.63006],[100.57784,13.62929],[100.57807,13.62889],[100.57858,13.62873],[100.57865,13.62838],[100.57927,13.62807],[100.57953,13.62757],[100.5803,13.62716],[100.58254,13.62479],[100.58383,13.6239],[100.58413,13.62339],[100.58465,13.62317],[100.58523,13.62232],[100.5876,13.62061]],[[100.56875,13.6373],[100.57275,13.63373]],[[100.55394,13.65084],[100.55396,13.65039],[100.55442,13.64956],[100.55434,13.64906],[100.55454,13.64859],[100.55548,13.64823],[100.55802,13.64663],[100.55996,13.64508],[100.56119,13.64353],[100.56307,13.64238]],[[100.55469,13.65626],[100.55407,13.65307],[100.55394,13.65084]],[[100.56307,13.64238],[100.56487,13.64083],[100.56573,13.63983],[100.56664,13.63929],[100.56814,13.63783],[100.56845,13.63777],[100.56875,13.6373]],[[100.5876,13.62061],[100.58789,13.6202]],[[100.58789,13.6202],[100.58929,13.61914],[100.59063,13.61781],[100.59141,13.61614],[100.59148,13.61518],[100.59,13.61489],[100.58864,13.61436],[100.58757,13.61426],[100.58694,13.61376],[100.58639,13.61258],[100.58582,13.61002]],[[100.57275,13.63373],[100.57464,13.63208]]]}},{"type":"Feature","properties":{"id":"คลองบางนางเกริก","name":"คลองบางนางเกริก","kind":"canal"},"geometry":{"type":"MultiLineString","coordinates":[[[100.44585,13.83972],[100.44552,13.83757],[100.44522,13.83674],[100.44372,13.83571],[100.44259,13.83007],[100.44252,13.82926],[100.44281,13.82812]]]}},{"type":"Feature","properties":{"id":"คลองบางนางเพ็ง","name":"คลองบางนางเพ็ง","kind":"canal"},"geometry":{"type":"MultiLineString","coordinates":[[[100.8575,13.54627],[100.8564,13.54703],[100.85515,13.54742],[100.85396,13.54841],[100.84757,13.55047]],[[100.87872,13.57136],[100.87824,13.57013],[100.87678,13.56868],[100.87547,13.56657],[100.875,13.56398],[100.87384,13.56198],[100.87354,13.55969],[100.87205,13.55777],[100.87097,13.55674]],[[100.87097,13.55674],[100.8701,13.55573],[100.86915,13.55356],[100.86616,13.55153],[100.86401,13.54776],[100.86342,13.54724],[100.86264,13.54671],[100.86142,13.54695],[100.85847,13.54632]],[[100.85847,13.54632],[100.8575,13.54627]]]}},{"type":"Feature","properties":{"id":"คลองบางน้อย","name":"คลองบางน้อย","kind":"canal"},"geometry":{"type":"MultiLineString","coordinates":[[[100.45675,13.74351],[100.45567,13.7432],[100.4548,13.74332],[100.45415,13.74315],[100.45281,13.74372],[100.45168,13.74355],[100.45033,13.74431],[100.44918,13.74408],[100.44798,13.74432],[100.44721,13.7448],[100.44614,13.74486],[100.44564,13.74517],[100.44528,13.74572],[100.4453,13.74622],[100.4438,13.74697],[100.44313,13.74672],[100.44192,13.7469],[100.44119,13.7465],[100.44005,13.74692],[100.43934,13.7468],[100.4374,13.74771],[100.43545,13.74804],[100.4343,13.74847],[100.43165,13.74826],[100.43042,13.74838],[100.42776,13.74999],[100.42612,13.75198],[100.42518,13.75255],[100.42146,13.75323],[100.41945,13.75473],[100.41813,13.75515],[100.41673,13.75533],[100.4145,13.75623]],[[100.45928,13.91119],[100.45897,13.9106],[100.45769,13.91023],[100.45574,13.91082],[100.45456,13.9106],[100.45405,13.91078],[100.4529,13.9106],[100.45246,13.9107]],[[100.46631,13.91317],[100.46533,13.91331],[100.46514,13.91319],[100.46521,13.91284],[100.46475,13.91281],[100.46461,13.91344],[100.4644,13.91353],[100.46359,13.91294],[100.46335,13.91307],[100.46322,13.91351],[100.46275,13.91349],[100.46253,13.91316],[100.46307,13.91263],[100.46277,13.91236],[100.46176,13.91266],[100.46127,13.91211],[100.46136,13.91173],[100.46116,13.91183],[100.46071,13.91162],[100.46049,13.91123],[100.45992,13.91116],[100.45946,13.91133],[100.45928,13.91119]],[[100.37872,13.76092],[100.37321,13.76083],[100.359,13.76135]],[[100.4145,13.75623],[100.4109,13.75791],[100.40918,13.75844],[100.40658,13.75872]],[[100.40658,13.75872],[100.39725,13.76092],[100.37872,13.76092]]]}},{"type":"Feature","properties":{"id":"คลองบางน้ำขาว","name":"คลองบางน้ำขาว","kind":"canal"},"geometry":{"type":"MultiLineString","coordinates":[[[100.8188,13.66344],[100.81587,13.66107],[100.8152,13.66031],[100.81302,13.6556],[100.81163,13.64866],[100.81166,13.64788],[100.81103,13.64709],[100.81027,13.64449],[100.809,13.64224],[100.80742,13.64027],[100.80757,13.63734],[100.80737,13.63483],[100.80675,13.63238],[100.80659,13.62998],[100.80565,13.6289]],[[100.8236,13.66722],[100.8188,13.66344]],[[100.80755,13.62436],[100.80856,13.62371]],[[100.80565,13.6289],[100.80628,13.62802],[100.8068,13.62523],[100.80755,13.62436]],[[100.80856,13.62371],[100.80858,13.62301],[100.80904,13.62256],[100.80972,13.62081],[100.8097,13.62014],[100.81008,13.61947],[100.81013,13.61879],[100.81059,13.61859],[100.81072,13.61794],[100.81115,13.6176],[100.8112,13.61713],[100.8116,13.61649],[100.81157,13.61594],[100.81214,13.61567],[100.81182,13.61486]]]}},{"type":"Feature","properties":{"id":"คลองบางน้ำจืด","name":"คลองบางน้ำจืด","kind":"canal"},"geometry":{"type":"MultiLineString","coordinates":[[[100.35284,13.622],[100.35741,13.61062],[100.36062,13.60145],[100.36278,13.59723],[100.36358,13.58096]],[[100.75363,13.622],[100.75337,13.62028],[100.75264,13.61853],[100.75179,13.61537],[100.75113,13.614],[100.75,13.61254],[100.74935,13.61219],[100.74715,13.61254],[100.74411,13.61175],[100.74208,13.61158]],[[100.78491,13.66197],[100.78372,13.66019],[100.78254,13.65895],[100.78106,13.65801],[100.77842,13.65459],[100.777,13.65315],[100.77562,13.65214],[100.77392,13.65014],[100.77257,13.64923],[100.77184,13.64899],[100.77032,13.64772],[100.76805,13.64509],[100.76777,13.64398],[100.76794,13.64255],[100.76846,13.64124],[100.76934,13.64019],[100.76952,13.63921],[100.76932,13.63772],[100.76863,13.63642],[100.76465,13.63354],[100.76251,13.63044],[100.7617,13.62963],[100.75501,13.62481],[100.7541,13.62363],[100.75363,13.622]],[[100.78491,13.66197],[100.78638,13.66401]],[[100.78638,13.66401],[100.7869,13.66486],[100.78897,13.66716]],[[100.78897,13.66716],[100.7906,13.66892],[100.79092,13.66898],[100.79231,13.66851]],[[100.79231,13.66851],[100.79324,13.66841],[100.79636,13.66913],[100.79801,13.66856],[100.79935,13.66774]]]}},{"type":"Feature","properties":{"id":"คลองบางน้ำชน","name":"คลองบางน้ำชน","kind":"canal"},"geometry":{"type":"MultiLineString","coordinates":[[[100.48008,13.7168],[100.48347,13.70606],[100.48547,13.70575],[100.48589,13.70591]],[[100.48717,13.69916],[100.48826,13.69908],[100.4893,13.69928],[100.49065,13.69883]],[[100.47854,13.72277],[100.47897,13.72046],[100.48008,13.7168]],[[100.48347,13.70606],[100.48443,13.70267]],[[100.4858,13.70155],[100.48698,13.69962]],[[100.48698,13.69962],[100.48717,13.69916]],[[100.48635,13.70585],[100.48933,13.70502],[100.49033,13.70497],[100.49397,13.70247]],[[100.48589,13.70591],[100.48635,13.70585]]]}},{"type":"Feature","properties":{"id":"คลองบางน้ำผึ้ง","name":"คลองบางน้ำผึ้ง","kind":"canal"},"geometry":{"type":"MultiLineString","coordinates":[[[100.57162,13.68222],[100.57335,13.68177],[100.57456,13.68089],[100.57556,13.68058],[100.57735,13.67879],[100.57914,13.67739],[100.57935,13.67737],[100.57967,13.67771],[100.5809,13.67727],[100.5813,13.67684],[100.58221,13.67653],[100.58425,13.67526]]]}},{"type":"Feature","properties":{"id":"คลองบางบอน","name":"คลองบางบอน","kind":"canal"},"geometry":{"type":"MultiLineString","coordinates":[[[100.37191,13.63708],[100.37979,13.64283],[100.38315,13.64493],[100.39388,13.65124],[100.39619,13.65247],[100.39733,13.65285],[100.39849,13.65387],[100.41213,13.6617],[100.42087,13.66699],[100.4235,13.66832],[100.43123,13.67285],[100.43246,13.67374],[100.43863,13.67686],[100.43946,13.67755],[100.43989,13.67755],[100.44056,13.67807],[100.4421,13.67865],[100.4434,13.67958]],[[100.44756,13.68141],[100.44863,13.68163]],[[100.4434,13.67958],[100.44414,13.67944],[100.44455,13.67966],[100.44486,13.68019],[100.44549,13.67992],[100.44573,13.68084],[100.44591,13.68096],[100.44649,13.68061],[100.4469,13.68095],[100.44767,13.68064],[100.4478,13.68092],[100.44756,13.68141]]]}},{"type":"Feature","properties":{"id":"คลองบางบัว","name":"คลองบางบัว","kind":"canal"},"geometry":{"type":"MultiLineString","coordinates":[[[100.58639,13.85885],[100.58734,13.85645],[100.58757,13.85225],[100.58878,13.84643],[100.58974,13.84383]]]}},{"type":"Feature","properties":{"id":"คลองบางบัวทอง","name":"คลองบางบัวทอง","kind":"canal"},"geometry":{"type":"MultiLineString","coordinates":[[[100.44786,13.8979],[100.45021,13.89782],[100.45526,13.89999],[100.45599,13.90113],[100.45769,13.90288],[100.4602,13.90386],[100.46202,13.90498],[100.46209,13.90614],[100.46366,13.90754],[100.46367,13.90854],[100.46382,13.90874],[100.46507,13.9094],[100.46654,13.90903],[100.46725,13.90927]],[[100.42838,13.90826],[100.43148,13.9035],[100.43398,13.90238],[100.43936,13.89942]],[[100.44339,13.89803],[100.44437,13.89785],[100.44786,13.8979]],[[100.43936,13.89942],[100.44222,13.8983],[100.44339,13.89803]],[[100.42766,13.90943],[100.42814,13.90864]],[[100.42486,13.91769],[100.42545,13.91435],[100.42659,13.91132],[100.42766,13.90943]],[[100.42814,13.90864],[100.42838,13.90826]]]}},{"type":"Feature","properties":{"id":"คลองบางบำหรุ","name":"คลองบางบำหรุ","kind":"canal"},"geometry":{"type":"MultiLineString","coordinates":[[[100.48519,13.80032],[100.48516,13.79447],[100.48296,13.79155],[100.48093,13.78725],[100.47831,13.78338],[100.47523,13.77825],[100.47476,13.7768],[100.47376,13.77527],[100.47234,13.77407],[100.47103,13.77345]],[[100.48519,13.80122],[100.48519,13.80032]]]}},{"type":"Feature","properties":{"id":"คลองบางปรอก","name":"คลองบางปรอก","kind":"canal"},"geometry":{"type":"MultiLineString","coordinates":[[[100.50633,14.02925],[100.50776,14.02785],[100.5089,14.0271],[100.51113,14.02622]],[[100.53665,14.0233],[100.53548,14.02354],[100.53491,14.02323],[100.53415,14.02335]],[[100.53415,14.02335],[100.53345,14.02339],[100.53272,14.02384],[100.53031,14.0246],[100.52982,14.0233],[100.52934,14.0231],[100.52879,14.02375],[100.52837,14.02396],[100.52562,14.02442]],[[100.51731,14.0252],[100.52142,14.02479],[100.52291,14.02514],[100.52369,14.02506],[100.52455,14.02458]],[[100.51113,14.02622],[100.51267,14.02574]],[[100.52562,14.02442],[100.52485,14.0244],[100.52455,14.02458]],[[100.51267,14.02574],[100.51731,14.0252]]]}},{"type":"Feature","properties":{"id":"คลองบางประทุน","name":"คลองบางประทุน","kind":"canal"},"geometry":{"type":"MultiLineString","coordinates":[[[100.46067,13.69405],[100.45984,13.69482],[100.45742,13.6962],[100.45629,13.69637],[100.45586,13.69685],[100.45409,13.69778],[100.44581,13.70187],[100.43661,13.70496]],[[100.43638,13.70501],[100.42999,13.70643]],[[100.43661,13.70496],[100.43638,13.70501]]]}},{"type":"Feature","properties":{"id":"คลองบางปลา","name":"คลองบางปลา","kind":"canal"},"geometry":{"type":"MultiLineString","coordinates":[[[100.74791,13.5993],[100.74861,13.58867],[100.74818,13.58522],[100.74764,13.58266],[100.74474,13.57882],[100.74104,13.57657],[100.73959,13.57537],[100.73839,13.57375],[100.73731,13.57098],[100.7351,13.54578],[100.7339,13.54191],[100.73005,13.50708]]]}},{"type":"Feature","properties":{"id":"คลองบางปลากด","name":"คลองบางปลากด","kind":"canal"},"geometry":{"type":"MultiLineString","coordinates":[[[100.56113,13.59954],[100.55883,13.59747],[100.55806,13.59476],[100.55816,13.59355],[100.55845,13.59312],[100.55884,13.59296],[100.55971,13.59307],[100.56113,13.5947],[100.56214,13.5949],[100.56317,13.59424],[100.56344,13.59388],[100.56354,13.59309],[100.56284,13.59222],[100.56099,13.59199],[100.56024,13.5916],[100.55999,13.59064],[100.56055,13.58814],[100.5603,13.58727],[100.55916,13.58731],[100.55711,13.58901],[100.55722,13.58958],[100.55821,13.59023],[100.55835,13.59063],[100.55799,13.59153],[100.55745,13.59184],[100.55599,13.59206],[100.55504,13.59171],[100.55483,13.5914],[100.55489,13.59033],[100.55544,13.58975],[100.5561,13.58951],[100.55643,13.58894],[100.55616,13.58787],[100.55552,13.58755],[100.55462,13.58763],[100.55421,13.58819],[100.55416,13.58857],[100.55458,13.58993],[100.55451,13.59045],[100.55429,13.59065],[100.55355,13.59067],[100.55138,13.58971],[100.54968,13.58947],[100.5482,13.5886],[100.54784,13.58799],[100.54778,13.58694],[100.54853,13.58607],[100.54848,13.58591],[100.54751,13.58595],[100.54715,13.58577],[100.54642,13.58483],[100.54635,13.58417],[100.54654,13.58363],[100.54789,13.58273],[100.5481,13.58212],[100.54675,13.58064],[100.54553,13.57837],[100.54461,13.57826],[100.54386,13.57891],[100.54373,13.5798],[100.54449,13.581],[100.54455,13.58154],[100.54416,13.58207],[100.54344,13.58221],[100.54236,13.582],[100.54135,13.58129],[100.54112,13.5806],[100.5418,13.57933],[100.54176,13.5788],[100.54067,13.57755],[100.53997,13.57631],[100.53943,13.57596],[100.53871,13.57604],[100.53838,13.57654],[100.53847,13.57844],[100.5383,13.57901],[100.53776,13.57918],[100.53628,13.57891],[100.53392,13.57898],[100.53379,13.57845],[100.53424,13.57735],[100.53442,13.57599],[100.53399,13.57555],[100.53304,13.57544],[100.53275,13.57515],[100.53384,13.57144],[100.53372,13.5709],[100.53344,13.57059],[100.53256,13.57045],[100.53186,13.57174],[100.53066,13.57245],[100.52891,13.5723],[100.52645,13.57289],[100.52609,13.57265],[100.52596,13.57206],[100.5265,13.57098],[100.52654,13.57014],[100.52642,13.56988],[100.52592,13.56981]],[[100.52592,13.56981],[100.52443,13.57092],[100.5235,13.57232],[100.52317,13.57249],[100.52192,13.57244],[100.52141,13.57176]],[[100.51662,13.56831],[100.51715,13.56647],[100.51679,13.566],[100.51595,13.56547],[100.51527,13.56394],[100.5147,13.5639],[100.51415,13.56462],[100.51351,13.56473],[100.51262,13.56371],[100.51121,13.56298],[100.51122,13.56275],[100.5127,13.56165],[100.5122,13.56079],[100.51174,13.56075],[100.51065,13.56199],[100.51034,13.562],[100.50847,13.55865],[100.50797,13.55827],[100.50746,13.55857],[100.50719,13.5598],[100.50674,13.56031]],[[100.56136,13.59998],[100.56113,13.59954]],[[100.56531,13.61136],[100.56449,13.60821],[100.56261,13.60731],[100.56196,13.60666],[100.56205,13.60579],[100.56233,13.60537],[100.56306,13.60496],[100.56321,13.60428],[100.56297,13.60396],[100.56197,13.60369],[100.56154,13.6033],[100.5613,13.6026],[100.56136,13.59998]],[[100.51771,13.56909],[100.51714,13.56901],[100.51662,13.56831]],[[100.52141,13.57176],[100.52168,13.57132],[100.52229,13.5709],[100.52253,13.57034],[100.52349,13.56984],[100.52364,13.56933],[100.52332,13.56886],[100.52269,13.56859],[100.52202,13.56791],[100.5215,13.56769],[100.52086,13.5678],[100.51926,13.56952],[100.51771,13.56909]]]}},{"type":"Feature","properties":{"id":"คลองบางปลาร้า","name":"คลองบางปลาร้า","kind":"canal"},"geometry":{"type":"MultiLineString","coordinates":[[[100.70365,13.51113],[100.70257,13.50682]]]}},{"type":"Feature","properties":{"id":"คลองบางปะกอก","name":"คลองบางปะกอก","kind":"canal"},"geometry":{"type":"MultiLineString","coordinates":[[[100.49832,13.68737],[100.49766,13.68592],[100.49721,13.68567],[100.49696,13.68465],[100.49718,13.68412],[100.49644,13.68279],[100.49433,13.67676],[100.49371,13.67549],[100.49003,13.67394],[100.48783,13.67326]]]}},{"type":"Feature","properties":{"id":"คลองบางปะแก้ว","name":"คลองบางปะแก้ว","kind":"canal"},"geometry":{"type":"MultiLineString","coordinates":[[[100.48888,13.68468],[100.48805,13.68248],[100.48728,13.68255],[100.48814,13.67989],[100.48844,13.67943],[100.48805,13.67921],[100.48007,13.66926]],[[100.49127,13.69193],[100.49055,13.69052],[100.49012,13.68772],[100.48979,13.68724],[100.48888,13.68468]]]}},{"type":"Feature","properties":{"id":"คลองบางปิ้ง","name":"คลองบางปิ้ง","kind":"canal"},"geometry":{"type":"MultiLineString","coordinates":[[[100.63591,13.62522],[100.63512,13.62285],[100.63497,13.62113],[100.63416,13.61917],[100.63345,13.61626],[100.63286,13.61531],[100.62759,13.61098],[100.62292,13.6064],[100.61921,13.60208],[100.61735,13.60125],[100.61646,13.60127],[100.61496,13.60071]],[[100.61496,13.60071],[100.61404,13.59819],[100.61239,13.59644],[100.61227,13.59606],[100.61097,13.59543],[100.6106,13.59479],[100.61069,13.59441],[100.61037,13.5939],[100.61077,13.59287]]]}},{"type":"Feature","properties":{"id":"คลองบางฝาง","name":"คลองบางฝาง","kind":"canal"},"geometry":{"type":"MultiLineString","coordinates":[[[100.72624,13.61539],[100.72527,13.61318],[100.72462,13.6105],[100.7243,13.60268]],[[100.72634,13.62764],[100.72746,13.6229],[100.72665,13.62059],[100.72633,13.6168]],[[100.72634,13.61673],[100.72624,13.61539]]]}},{"type":"Feature","properties":{"id":"คลองบางฝ้าย","name":"คลองบางฝ้าย","kind":"canal"},"geometry":{"type":"MultiLineString","coordinates":[[[100.56875,13.6373],[100.56634,13.6357],[100.56534,13.63482],[100.56434,13.63378],[100.56148,13.62986]],[[100.55127,13.61856],[100.55206,13.62074],[100.55241,13.62102],[100.55407,13.62121],[100.55471,13.62095],[100.55577,13.62201],[100.55686,13.62254],[100.55737,13.62303],[100.5578,13.62309],[100.55931,13.62612],[100.55939,13.62663],[100.55977,13.62676],[100.56113,13.62953],[100.56148,13.62986]]]}},{"type":"Feature","properties":{"id":"คลองบางพรม","name":"คลองบางพรม","kind":"canal"},"geometry":{"type":"MultiLineString","coordinates":[[[100.37513,13.76682],[100.39654,13.76256],[100.40684,13.75999],[100.4189,13.75784],[100.42082,13.7579],[100.42236,13.75769],[100.43173,13.7573],[100.4337,13.757],[100.43448,13.75719],[100.43549,13.75684],[100.43688,13.75713],[100.43738,13.75672],[100.43816,13.75698],[100.43846,13.75664],[100.43967,13.75694],[100.4409,13.75667],[100.44426,13.75704],[100.4451,13.7567],[100.44632,13.75719],[100.44709,13.75686],[100.44801,13.75725],[100.44812,13.75807],[100.44835,13.75821],[100.44968,13.75852],[100.45047,13.7585],[100.45091,13.75872],[100.45094,13.75956],[100.45162,13.75934],[100.4529,13.75966],[100.45442,13.75934],[100.45681,13.76007]],[[100.35919,13.76886],[100.36745,13.76843],[100.37513,13.76682]],[[100.34565,13.7666],[100.35284,13.76815],[100.35387,13.7692],[100.35919,13.76886]]]}},{"type":"Feature","properties":{"id":"คลองบางพระครู","name":"คลองบางพระครู","kind":"canal"},"geometry":{"type":"MultiLineString","coordinates":[[[100.50081,13.79993],[100.49976,13.79714],[100.50156,13.79658],[100.5036,13.79555],[100.50614,13.79321],[100.50767,13.79257],[100.50993,13.79077]]]}},{"type":"Feature","properties":{"id":"คลองบางพราน","name":"คลองบางพราน","kind":"canal"},"geometry":{"type":"MultiLineString","coordinates":[[[100.44251,13.68785],[100.44215,13.68711],[100.44162,13.68712],[100.44055,13.68662],[100.44007,13.68611],[100.42942,13.67997],[100.39905,13.66315]],[[100.3922,13.65873],[100.39253,13.65948],[100.39905,13.66315]]]}},{"type":"Feature","properties":{"id":"คลองบางพร้าว","name":"คลองบางพร้าว","kind":"canal"},"geometry":{"type":"MultiLineString","coordinates":[[[100.26667,13.74401],[100.26654,13.74335],[100.2661,13.74296],[100.26614,13.74244],[100.26659,13.74248],[100.26667,13.74196],[100.26705,13.74197],[100.26738,13.74107],[100.26811,13.74079],[100.27009,13.73792],[100.27049,13.73657],[100.27048,13.73337],[100.27237,13.7266],[100.27296,13.72321],[100.2726,13.72142],[100.27296,13.7204],[100.27266,13.71782],[100.27302,13.71776],[100.27301,13.71735]]]}},{"type":"Feature","properties":{"id":"คลองบางพลัด","name":"คลองบางพลัด","kind":"canal"},"geometry":{"type":"MultiLineString","coordinates":[[[100.49329,13.79942],[100.49371,13.7985],[100.49758,13.79558],[100.49876,13.79489],[100.49905,13.79446],[100.5031,13.7923],[100.50369,13.79181],[100.50387,13.79137],[100.50481,13.79097],[100.50599,13.79088],[100.50832,13.78908]]]}},{"type":"Feature","properties":{"id":"คลองบางพลับน้อย","name":"คลองบางพลับน้อย","kind":"canal"},"geometry":{"type":"MultiLineString","coordinates":[[[100.4652,13.91886],[100.46557,13.91947],[100.46523,13.91959],[100.46531,13.91978],[100.46505,13.92018],[100.46432,13.92046],[100.4644,13.92064],[100.46397,13.92132],[100.46303,13.92134],[100.46284,13.92244],[100.46211,13.9224],[100.46184,13.923],[100.46132,13.92315],[100.46027,13.92285]],[[100.45406,13.92598],[100.4544,13.92587]],[[100.45336,13.92614],[100.45406,13.92598]],[[100.44775,13.92899],[100.4483,13.92855]],[[100.45266,13.9264],[100.45336,13.92614]],[[100.4483,13.92855],[100.45026,13.9272],[100.45266,13.9264]],[[100.4544,13.92587],[100.45832,13.92438],[100.45973,13.92345],[100.46027,13.92285]]]}},{"type":"Feature","properties":{"id":"คลองบางพลับใหญ่","name":"คลองบางพลับใหญ่","kind":"canal"},"geometry":{"type":"MultiLineString","coordinates":[[[100.46846,13.91755],[100.46811,13.91807],[100.46778,13.91811],[100.46655,13.91757],[100.46632,13.91774],[100.46609,13.91843],[100.46554,13.91845],[100.4652,13.91886],[100.4641,13.91903],[100.4638,13.91927],[100.46339,13.9191],[100.46208,13.91915],[100.46183,13.91828],[100.46168,13.91825],[100.46088,13.91899],[100.46039,13.91894],[100.45996,13.91954],[100.45964,13.91947],[100.45907,13.91971],[100.45868,13.91955],[100.45816,13.91975],[100.45764,13.91945],[100.45635,13.91967],[100.45606,13.91992],[100.45566,13.91971],[100.45522,13.91985],[100.45502,13.9202],[100.45449,13.92032]],[[100.45171,13.92008],[100.4523,13.92014]],[[100.4459,13.91993],[100.44958,13.9199],[100.45171,13.92008]],[[100.45449,13.92032],[100.4523,13.92014]]]}},{"type":"Feature","properties":{"id":"คลองบางพลี","name":"คลองบางพลี","kind":"canal"},"geometry":{"type":"MultiLineString","coordinates":[[[100.71022,13.62949],[100.70969,13.6268],[100.70989,13.62429],[100.70835,13.61744],[100.70808,13.61472],[100.70806,13.61409],[100.7096,13.60544],[100.70939,13.60451]],[[100.85341,13.66683],[100.8499,13.66827],[100.84683,13.67009],[100.8462,13.67068],[100.84375,13.6742],[100.83928,13.67597],[100.83735,13.67597],[100.83392,13.67553],[100.83198,13.67434],[100.83089,13.67319],[100.82355,13.66733]]]}},{"type":"Feature","properties":{"id":"คลองบางพลีน้อย","name":"คลองบางพลีน้อย","kind":"canal"},"geometry":{"type":"MultiLineString","coordinates":[[[100.90715,13.59884],[100.90648,13.59531],[100.90717,13.59205]],[[100.90717,13.59205],[100.90662,13.5866],[100.90703,13.5833],[100.90691,13.58057]],[[100.90691,13.58057],[100.90644,13.57918],[100.90474,13.57745],[100.90325,13.57443],[100.90204,13.573],[100.8997,13.57132],[100.89804,13.56968],[100.8958,13.56868],[100.89437,13.56769],[100.89302,13.56712],[100.89008,13.56463]]]}},{"type":"Feature","properties":{"id":"คลองบางพลู","name":"คลองบางพลู","kind":"canal"},"geometry":{"type":"MultiLineString","coordinates":[[[100.50529,13.78579],[100.50363,13.78699],[100.50126,13.78712],[100.49985,13.78761],[100.49793,13.78789],[100.49722,13.78819],[100.49708,13.78807],[100.49658,13.7883],[100.49646,13.78863],[100.49563,13.78878],[100.49557,13.78865],[100.49488,13.78914],[100.49368,13.78937],[100.49379,13.78979],[100.49355,13.79062]],[[100.44114,13.88612],[100.44058,13.8838],[100.43881,13.88055],[100.43759,13.8771],[100.43756,13.87577],[100.43774,13.87499],[100.43705,13.87467],[100.43676,13.8742],[100.43696,13.87382],[100.43674,13.87351],[100.43721,13.87285],[100.43769,13.87256],[100.43752,13.87217],[100.43794,13.8715]]]}},{"type":"Feature","properties":{"id":"คลองบางพัง","name":"คลองบางพัง","kind":"canal"},"geometry":{"type":"MultiLineString","coordinates":[[[100.52422,13.94349],[100.52453,13.94202],[100.52514,13.94105],[100.52528,13.94042],[100.52557,13.94018],[100.52581,13.93928],[100.52633,13.93864],[100.52635,13.93815],[100.5267,13.93805],[100.52684,13.93765],[100.52667,13.93751],[100.527,13.93692],[100.5277,13.93607],[100.52742,13.93597],[100.52717,13.93526],[100.52681,13.93538],[100.52631,13.93508],[100.52633,13.93473],[100.526,13.93441],[100.52598,13.93388],[100.52564,13.93364],[100.52565,13.93304]],[[100.52916,13.91747],[100.53191,13.91032]],[[100.52546,13.92554],[100.52636,13.92456],[100.52916,13.91747]],[[100.52565,13.93304],[100.52555,13.93012],[100.52498,13.92722],[100.52509,13.92629]],[[100.52509,13.92629],[100.52525,13.92574]],[[100.52525,13.92574],[100.52546,13.92554]]]}},{"type":"Feature","properties":{"id":"คลองบางพุทรา","name":"คลองบางพุทรา","kind":"canal"},"geometry":{"type":"MultiLineString","coordinates":[[[100.40848,13.87193],[100.40767,13.86946],[100.40769,13.86907],[100.40793,13.86878],[100.40666,13.86466]]]}},{"type":"Feature","properties":{"id":"คลองบางพูด","name":"คลองบางพูด","kind":"canal"},"geometry":{"type":"MultiLineString","coordinates":[[[100.54401,13.90741],[100.54586,13.90735],[100.55107,13.90619],[100.55679,13.90635]],[[100.49936,13.92513],[100.50188,13.92466],[100.50316,13.92377]],[[100.52608,13.90939],[100.53694,13.90749],[100.5396,13.90739],[100.54067,13.90707],[100.54352,13.90733]],[[100.50316,13.92377],[100.5031,13.92206],[100.50386,13.92204],[100.50428,13.92146],[100.50456,13.92138],[100.50475,13.92137],[100.50495,13.92168],[100.50584,13.92139],[100.50594,13.921],[100.50681,13.92093],[100.50696,13.92052],[100.50738,13.92049],[100.50778,13.92019],[100.5079,13.91925],[100.50864,13.91889],[100.5085,13.91842],[100.50887,13.91783],[100.50884,13.91733],[100.50925,13.91706],[100.50918,13.91669],[100.5105,13.91352],[100.51081,13.91318],[100.51092,13.91283],[100.51072,13.91257],[100.51094,13.91229]],[[100.24028,13.68612],[100.23983,13.68434],[100.24006,13.68374],[100.23974,13.68254],[100.23722,13.68049],[100.23669,13.67978]],[[100.51094,13.91229],[100.51323,13.91147],[100.51501,13.91107],[100.52608,13.90939]],[[100.54352,13.90733],[100.54401,13.90741]],[[100.56011,13.90617],[100.56055,13.90605]],[[100.55714,13.90639],[100.5573,13.90638]],[[100.5573,13.90638],[100.55749,13.90636]],[[100.55749,13.90636],[100.5579,13.90634]],[[100.5579,13.90634],[100.558,13.90634]],[[100.558,13.90634],[100.55847,13.90631]],[[100.55847,13.90631],[100.55854,13.90631]],[[100.55854,13.90631],[100.559,13.90631]],[[100.559,13.90631],[100.55906,13.90631]],[[100.55906,13.90631],[100.55953,13.90628]],[[100.55953,13.90628],[100.55961,13.90627]],[[100.55961,13.90627],[100.56005,13.90618]],[[100.56005,13.90618],[100.56011,13.90617]],[[100.56085,13.90593],[100.56112,13.90583]],[[100.56055,13.90605],[100.56085,13.90593]]]}},{"type":"Feature","properties":{"id":"คลองบางพูด 1","name":"คลองบางพูด 1","kind":"canal"},"geometry":{"type":"MultiLineString","coordinates":[[[100.58194,14.03179],[100.58359,14.03117],[100.58531,14.03005],[100.5863,14.03002],[100.58735,14.02941]],[[100.59379,14.02793],[100.59393,14.02788]],[[100.59369,14.02795],[100.59379,14.02793]],[[100.5874,14.02938],[100.58919,14.02845],[100.59187,14.02845],[100.59369,14.02795]],[[100.58735,14.02941],[100.5874,14.02938]],[[100.58188,14.03181],[100.58194,14.03179]],[[100.57998,14.03266],[100.58188,14.03181]]]}},{"type":"Feature","properties":{"id":"คลองบางพูด 2","name":"คลองบางพูด 2","kind":"canal"},"geometry":{"type":"MultiLineString","coordinates":[[[100.56699,13.90248],[100.57054,13.90235]],[[100.56215,13.90362],[100.56286,13.90342]],[[100.56541,13.90281],[100.56586,13.90271]],[[100.56638,13.9026],[100.56699,13.90248]],[[100.56286,13.90342],[100.56401,13.90312]],[[100.56401,13.90312],[100.56429,13.90305]],[[100.56429,13.90305],[100.5644,13.90302]],[[100.5644,13.90302],[100.56484,13.90293]],[[100.56484,13.90293],[100.56489,13.90292]],[[100.56489,13.90292],[100.56534,13.90283]],[[100.56534,13.90283],[100.56541,13.90281]],[[100.56594,13.9027],[100.56638,13.9026]],[[100.56586,13.90271],[100.56594,13.9027]]]}},{"type":"Feature","properties":{"id":"คลองบางภาษี","name":"คลองบางภาษี","kind":"canal"},"geometry":{"type":"MultiLineString","coordinates":[[[100.26412,14.06013],[100.26282,14.05886],[100.26127,14.05644],[100.2584,14.05415],[100.25619,14.05175],[100.25549,14.05026],[100.2546,14.04733],[100.25368,14.04592],[100.25194,14.04397],[100.24991,14.04285],[100.24706,14.04242],[100.24502,14.04049],[100.2383,14.03731],[100.23694,14.0363],[100.23381,14.03311],[100.23168,14.03153],[100.23006,14.03096],[100.22773,14.02951],[100.22712,14.02817],[100.22635,14.02411],[100.22432,14.02056],[100.22323,14.01822],[100.22275,14.01773],[100.22096,14.01685],[100.21907,14.01675],[100.21799,14.01591],[100.21755,14.01383],[100.2168,14.01267],[100.21697,14.01125],[100.2162,14.00925],[100.21593,14.00902],[100.21525,14.00921],[100.21481,14.0091],[100.21451,14.00814],[100.212,14.00692],[100.21105,14.00571],[100.21071,14.00448],[100.21097,14.00348],[100.21063,14.00255],[100.21134,14.00186],[100.21145,14.0015],[100.21116,14.00083],[100.21086,13.99902],[100.21107,13.99879],[100.21211,13.99874],[100.21229,13.99849],[100.21147,13.99769],[100.21158,13.99599],[100.21111,13.99564],[100.20847,13.99508],[100.20829,13.99441],[100.20864,13.99281],[100.20832,13.9926],[100.20712,13.99264],[100.2069,13.99238],[100.20707,13.99202],[100.20774,13.9916],[100.20775,13.99117],[100.20758,13.991],[100.20638,13.99088],[100.20539,13.99043],[100.20482,13.9906],[100.20434,13.99151],[100.20391,13.99129],[100.20398,13.99019],[100.20486,13.98928],[100.2049,13.98812],[100.20397,13.98703],[100.20326,13.98663],[100.20276,13.98591],[100.20194,13.98581],[100.20058,13.98344],[100.19985,13.98285],[100.19944,13.98185],[100.20001,13.98127],[100.20013,13.98084],[100.19879,13.98069],[100.19841,13.98046],[100.19845,13.97999],[100.19916,13.97899],[100.20109,13.9771],[100.20097,13.9765],[100.20061,13.97603],[100.20056,13.97549]],[[100.27094,14.06666],[100.26984,14.06519],[100.26772,14.06362],[100.2654,14.06106],[100.26412,14.06013]]]}},{"type":"Feature","properties":{"id":"คลองบางมด","name":"คลองบางมด","kind":"canal"},"geometry":{"type":"MultiLineString","coordinates":[[[100.46437,13.67102],[100.4642,13.67263],[100.46432,13.67665],[100.46379,13.68041]],[[100.46258,13.68536],[100.46183,13.68701],[100.45829,13.6895]],[[100.47029,13.65899],[100.4728,13.6459],[100.4734,13.63985],[100.47475,13.63528]],[[100.47001,13.66019],[100.47029,13.65899]],[[100.4672,13.67166],[100.47001,13.66019]],[[100.46379,13.68041],[100.46375,13.68226],[100.46258,13.68536]]]}},{"type":"Feature","properties":{"id":"คลองบางมด 1","name":"คลองบางมด 1","kind":"canal"},"geometry":{"type":"MultiLineString","coordinates":[[[100.46481,13.66645],[100.46834,13.66695]]]}},{"type":"Feature","properties":{"id":"คลองบางมด 2","name":"คลองบางมด 2","kind":"canal"},"geometry":{"type":"MultiLineString","coordinates":[[[100.46862,13.66579],[100.46491,13.6651]]]}},{"type":"Feature","properties":{"id":"คลองบางมะนาว","name":"คลองบางมะนาว","kind":"canal"},"geometry":{"type":"MultiLineString","coordinates":[[[100.51398,13.69825],[100.51164,13.69945]],[[100.51437,13.69806],[100.5221,13.69523],[100.52549,13.69334]],[[100.51398,13.69825],[100.51437,13.69806]],[[100.51164,13.69945],[100.51129,13.69937]]]}},{"type":"Feature","properties":{"id":"คลองบางมะเขือ","name":"คลองบางมะเขือ","kind":"canal"},"geometry":{"type":"MultiLineString","coordinates":[[[100.59308,13.71882],[100.59429,13.71714],[100.59537,13.71697]],[[100.59537,13.71697],[100.59559,13.71693]],[[100.59559,13.71693],[100.59781,13.71637],[100.59754,13.71611],[100.59759,13.71576],[100.59895,13.71471],[100.59853,13.71216]]]}},{"type":"Feature","properties":{"id":"คลองบางม่วง","name":"คลองบางม่วง","kind":"canal"},"geometry":{"type":"MultiLineString","coordinates":[[[100.39901,13.83129],[100.40711,13.83597],[100.41208,13.83965],[100.4135,13.84041]],[[100.42321,13.84337],[100.42012,13.8418],[100.41961,13.8418]],[[100.41961,13.8418],[100.41698,13.84044],[100.41495,13.84102],[100.41394,13.8409],[100.4135,13.84041]],[[100.216,13.69639],[100.21615,13.69563],[100.21658,13.69516],[100.21671,13.69438],[100.21571,13.69396],[100.21551,13.69287],[100.21523,13.69244],[100.21527,13.69223],[100.21562,13.69212],[100.21535,13.69177],[100.21521,13.69096],[100.21552,13.69063],[100.21575,13.68992],[100.21568,13.68928],[100.21529,13.6891],[100.21557,13.68872],[100.21538,13.68827],[100.22179,13.68005],[100.22276,13.67654],[100.22625,13.66848],[100.22605,13.66798],[100.22672,13.66634],[100.22648,13.66616],[100.22647,13.6657],[100.22621,13.66555],[100.22641,13.6651],[100.2258,13.66487],[100.22608,13.66434],[100.22564,13.66347],[100.22533,13.66332],[100.22579,13.66234]]]}},{"type":"Feature","properties":{"id":"คลองบางยอ","name":"คลองบางยอ","kind":"canal"},"geometry":{"type":"MultiLineString","coordinates":[[[100.56322,13.67775],[100.56475,13.67677],[100.56462,13.67647]],[[100.56462,13.67647],[100.56709,13.67536]],[[100.56709,13.67536],[100.56901,13.67447],[100.56832,13.6728],[100.56825,13.67192],[100.56856,13.67191],[100.57262,13.6693],[100.57673,13.66634]]]}},{"type":"Feature","properties":{"id":"คลองบางยาง","name":"คลองบางยาง","kind":"canal"},"geometry":{"type":"MultiLineString","coordinates":[[[100.2992,13.73384],[100.29905,13.73425],[100.29564,13.73832],[100.29499,13.73986],[100.29432,13.74029],[100.28945,13.74884],[100.28765,13.75],[100.28657,13.75104],[100.28539,13.75143],[100.28417,13.75223],[100.28376,13.75282],[100.28222,13.75286]],[[100.2994,13.73375],[100.29938,13.73377]],[[100.29938,13.73377],[100.2992,13.73384]]]}},{"type":"Feature","properties":{"id":"คลองบางยี่ขัน","name":"คลองบางยี่ขัน","kind":"canal"},"geometry":{"type":"MultiLineString","coordinates":[[[100.49512,13.76616],[100.49287,13.76799],[100.4918,13.76949],[100.49129,13.76973],[100.49002,13.77126],[100.48482,13.77465],[100.48197,13.77737],[100.47824,13.77934],[100.47722,13.77964],[100.47652,13.78018]]]}},{"type":"Feature","properties":{"id":"คลองบางระมาด","name":"คลองบางระมาด","kind":"canal"},"geometry":{"type":"MultiLineString","coordinates":[[[100.43633,13.77444],[100.43622,13.77417],[100.43651,13.77318],[100.43629,13.77293],[100.43587,13.77293],[100.43542,13.77333],[100.43484,13.77289],[100.43434,13.77326],[100.43349,13.77297],[100.43313,13.77334],[100.43257,13.77308],[100.43287,13.77199],[100.43252,13.77],[100.4327,13.7696],[100.43253,13.76924],[100.43165,13.76942],[100.42797,13.76922],[100.42201,13.76931],[100.42092,13.76903],[100.40706,13.76885],[100.38716,13.77027],[100.37719,13.77131],[100.37486,13.77124]],[[100.45442,13.77215],[100.45337,13.77232],[100.4523,13.77214]],[[100.4523,13.77214],[100.44997,13.77185],[100.44957,13.77199],[100.44901,13.77259],[100.44697,13.77336],[100.44567,13.77287],[100.44464,13.77291],[100.4439,13.77327],[100.44293,13.77322],[100.44219,13.77345],[100.44032,13.7733],[100.4384,13.77422],[100.43765,13.77416],[100.43633,13.77444]]]}},{"type":"Feature","properties":{"id":"คลองบางระแนะ","name":"คลองบางระแนะ","kind":"canal"},"geometry":{"type":"MultiLineString","coordinates":[[[100.45537,13.68721],[100.44924,13.69164],[100.44472,13.69427],[100.43472,13.69892]],[[100.43472,13.69892],[100.43424,13.69957]],[[100.43424,13.69957],[100.42887,13.7083]]]}},{"type":"Feature","properties":{"id":"คลองบางรัก","name":"คลองบางรัก","kind":"canal"},"geometry":{"type":"MultiLineString","coordinates":[[[100.51203,13.793],[100.51011,13.79454],[100.50868,13.79457],[100.50792,13.79502],[100.50606,13.79654],[100.5062,13.79673],[100.50464,13.79794]]]}},{"type":"Feature","properties":{"id":"คลองบางรักใหญ่","name":"คลองบางรักใหญ่","kind":"canal"},"geometry":{"type":"MultiLineString","coordinates":[[[100.44455,13.89258],[100.44468,13.89124],[100.44514,13.89014],[100.44472,13.88921],[100.44555,13.88698],[100.44621,13.88634],[100.44628,13.8853],[100.4467,13.88496],[100.44673,13.88457],[100.44705,13.88427],[100.4474,13.88281],[100.44733,13.88242]],[[100.44733,13.88242],[100.44744,13.88213],[100.44795,13.88197],[100.4479,13.88116],[100.44837,13.88098],[100.44883,13.88011],[100.44904,13.87904],[100.44899,13.8776],[100.4484,13.87786],[100.4482,13.87772],[100.44841,13.87711],[100.44827,13.87657]],[[100.44339,13.89803],[100.44334,13.89767],[100.44389,13.89571],[100.44466,13.89487],[100.44455,13.89258]],[[100.44827,13.87657],[100.44813,13.87526],[100.4491,13.87438],[100.44863,13.87369]],[[100.44863,13.87369],[100.44667,13.87258],[100.44586,13.8706]]]}},{"type":"Feature","properties":{"id":"คลองบางราวนก","name":"คลองบางราวนก","kind":"canal"},"geometry":{"type":"MultiLineString","coordinates":[[[100.43036,13.83214],[100.43027,13.83114],[100.43106,13.83068],[100.43091,13.82995],[100.43108,13.82888],[100.4307,13.82819],[100.42974,13.82831],[100.42891,13.82713],[100.42874,13.82601],[100.42794,13.82588],[100.42764,13.82562],[100.42796,13.82463],[100.42754,13.82377],[100.42647,13.8229],[100.42626,13.82203],[100.42655,13.82143],[100.4261,13.81966],[100.42544,13.81895],[100.42466,13.81756]],[[100.41324,13.80512],[100.41674,13.80762],[100.41979,13.8114],[100.42223,13.81482],[100.42369,13.8162],[100.42419,13.81638],[100.42466,13.81756]]]}},{"type":"Feature","properties":{"id":"คลองบางลัด","name":"คลองบางลัด","kind":"canal"},"geometry":{"type":"MultiLineString","coordinates":[[[100.40199,13.71581],[100.40085,13.71994],[100.39974,13.71986],[100.39936,13.72327]]]}},{"type":"Feature","properties":{"id":"คลองบางลำภูล่าง","name":"คลองบางลำภูล่าง","kind":"canal"},"geometry":{"type":"MultiLineString","coordinates":[[[100.50836,13.71255],[100.50439,13.71525],[100.50336,13.71617],[100.50295,13.71613],[100.5029,13.71647],[100.50232,13.71646],[100.50211,13.71677],[100.50182,13.71657],[100.50188,13.71675],[100.50153,13.71678],[100.50145,13.71696],[100.50115,13.71686],[100.50099,13.71728],[100.50061,13.71707],[100.50049,13.7174],[100.5,13.71752],[100.49976,13.71736],[100.49842,13.71798],[100.49311,13.71815]]]}},{"type":"Feature","properties":{"id":"คลองบางลำเจียก","name":"คลองบางลำเจียก","kind":"canal"},"geometry":{"type":"MultiLineString","coordinates":[[[100.48316,13.72812],[100.4799,13.73128],[100.47897,13.73278],[100.47677,13.73867],[100.47546,13.73873],[100.47591,13.74062],[100.4757,13.74251],[100.47595,13.74446]],[[100.48512,13.72674],[100.48323,13.72762]],[[100.48323,13.72762],[100.48316,13.72812]]]}},{"type":"Feature","properties":{"id":"คลองบางลิ่ม","name":"คลองบางลิ่ม","kind":"canal"},"geometry":{"type":"MultiLineString","coordinates":[[[100.43166,13.76252],[100.42534,13.76269],[100.4252,13.76176],[100.41794,13.76217]]]}},{"type":"Feature","properties":{"id":"คลองบางศรีราษฎร์","name":"คลองบางศรีราษฎร์","kind":"canal"},"geometry":{"type":"MultiLineString","coordinates":[[[100.42708,13.8606],[100.42815,13.86042],[100.42915,13.85939],[100.43091,13.85884],[100.4314,13.85831],[100.43309,13.85737],[100.43329,13.85729],[100.43369,13.85754]]]}},{"type":"Feature","properties":{"id":"คลองบางสะแก","name":"คลองบางสะแก","kind":"canal"},"geometry":{"type":"MultiLineString","coordinates":[[[100.47636,13.71118],[100.47695,13.7094],[100.47703,13.70851],[100.47873,13.70193],[100.47946,13.69817],[100.47991,13.69753],[100.48029,13.69642],[100.48097,13.69584],[100.48251,13.69525],[100.4825,13.69467]],[[100.43747,13.85131],[100.43455,13.85208],[100.43377,13.85253],[100.43196,13.85258],[100.43143,13.85292],[100.4308,13.85296],[100.43033,13.85346],[100.42784,13.85452],[100.42674,13.85461],[100.42609,13.85504],[100.42465,13.85525]],[[100.473,13.7225],[100.47465,13.71889],[100.47636,13.71118]]]}},{"type":"Feature","properties":{"id":"คลองบางสีคต","name":"คลองบางสีคต","kind":"canal"},"geometry":{"type":"MultiLineString","coordinates":[[[100.21356,13.51959],[100.2141,13.51902],[100.21471,13.51887],[100.21536,13.51901],[100.2157,13.51968],[100.21659,13.51965],[100.21689,13.52013],[100.21719,13.52018],[100.21721,13.51943],[100.21766,13.51953],[100.21836,13.51928],[100.21885,13.51878],[100.21869,13.51853],[100.21803,13.51869],[100.21786,13.51842],[100.21855,13.51823],[100.21911,13.51739],[100.219,13.51669],[100.21951,13.51662],[100.21954,13.51623],[100.21898,13.5161],[100.21909,13.51562],[100.21878,13.51476],[100.21822,13.51437],[100.21867,13.51406],[100.21838,13.51317],[100.21804,13.51299],[100.21838,13.51262],[100.21834,13.51186],[100.21763,13.51123],[100.21795,13.51015],[100.21815,13.50829],[100.22019,13.50341],[100.22035,13.50243],[100.22036,13.50116],[100.22007,13.5],[100.2193,13.49379],[100.2192,13.4855],[100.21984,13.47936],[100.2201,13.47757],[100.22044,13.47667],[100.22375,13.47196],[100.2264,13.46867]]]}},{"type":"Feature","properties":{"id":"คลองบางสีทอง","name":"คลองบางสีทอง","kind":"canal"},"geometry":{"type":"MultiLineString","coordinates":[[[100.47519,13.80985],[100.47557,13.81],[100.47608,13.80965],[100.47664,13.80965],[100.47731,13.81095],[100.47761,13.81119],[100.47741,13.81175],[100.47791,13.81262],[100.47776,13.81322],[100.47802,13.81387],[100.47836,13.81464],[100.47864,13.81481],[100.47856,13.81539],[100.47894,13.81519],[100.47947,13.81556],[100.47985,13.81636],[100.48056,13.81649],[100.48101,13.81707],[100.48079,13.81761],[100.48116,13.81813],[100.48108,13.81871],[100.48173,13.82087]],[[100.48173,13.82087],[100.48244,13.82417]],[[100.48244,13.82417],[100.48271,13.827],[100.48521,13.83462],[100.48521,13.83517],[100.48692,13.8395],[100.48747,13.8396],[100.48787,13.83914],[100.48817,13.83909],[100.48871,13.83949],[100.48953,13.83949]]]}},{"type":"Feature","properties":{"id":"คลองบางหญ้า","name":"คลองบางหญ้า","kind":"canal"},"geometry":{"type":"MultiLineString","coordinates":[[[100.45228,13.60807],[100.45201,13.60806],[100.45175,13.60768],[100.451,13.60732],[100.45055,13.6068],[100.44987,13.60656],[100.44764,13.60652],[100.4467,13.60598],[100.43981,13.60597],[100.43617,13.60407],[100.43148,13.60266],[100.43132,13.60301]]]}},{"type":"Feature","properties":{"id":"คลองบางหลวง","name":"คลองบางหลวง","kind":"canal"},"geometry":{"type":"MultiLineString","coordinates":[[[100.51896,14.00429],[100.51935,14.00364],[100.51969,14.00343],[100.51974,14.0028],[100.5204,14.00227],[100.52019,14.00144],[100.52058,14.00118],[100.52083,14.0007],[100.52037,13.9999],[100.52088,13.99915],[100.52122,13.99806],[100.52088,13.99736],[100.52131,13.99696],[100.52212,13.99697],[100.52231,13.99615],[100.52256,13.99597],[100.52336,13.99607],[100.52403,13.99535],[100.52525,13.99536],[100.52515,13.99455],[100.52531,13.99415],[100.52608,13.99412],[100.52663,13.99347],[100.52726,13.9935],[100.52794,13.99312],[100.52806,13.99272],[100.52758,13.99193],[100.5277,13.9917],[100.5295,13.99044]],[[100.48962,14.02601],[100.45118,14.04592],[100.44335,14.04921],[100.44045,14.05241],[100.44008,14.05474],[100.43704,14.05934],[100.43299,14.06642],[100.42465,14.07551],[100.42374,14.07696],[100.42295,14.07773],[100.4158,14.08207],[100.39529,14.09569],[100.38897,14.09817],[100.38645,14.09881],[100.37859,14.1017],[100.37605,14.10232],[100.37241,14.10248],[100.36774,14.10222],[100.36011,14.10239],[100.35353,14.10315],[100.34668,14.10492],[100.34212,14.10583]],[[100.51714,14.00698],[100.51738,14.00632],[100.51896,14.00429]],[[100.5136,14.0136],[100.51399,14.01296],[100.51389,14.01179],[100.5146,14.01115],[100.51591,14.00783],[100.51606,14.00758],[100.51714,14.00698]],[[100.5136,14.0136],[100.48962,14.02601]]]}},{"type":"Feature","properties":{"id":"คลองบางหลวงหัวป่า","name":"คลองบางหลวงหัวป่า","kind":"canal"},"geometry":{"type":"MultiLineString","coordinates":[[[100.5975,14.00048],[100.59764,14.00049]],[[100.58068,14.00445],[100.5809,14.0044]],[[100.58026,14.00438],[100.58068,14.00445]],[[100.5809,14.0044],[100.58191,14.00406],[100.58285,14.00426],[100.58375,14.00419],[100.58451,14.00495],[100.58773,14.00446],[100.58796,14.00461],[100.58786,14.00548],[100.5881,14.00544],[100.58942,14.00382],[100.58946,14.00273],[100.58966,14.00231],[100.59061,14.00131],[100.59071,14.00092],[100.59047,13.99923],[100.59061,13.99743],[100.59093,13.99693],[100.59165,13.99663],[100.59334,13.99737],[100.5939,13.99813],[100.59487,13.99798],[100.59578,13.99937],[100.59704,14.00042],[100.5975,14.00048]],[[100.59764,14.00049],[100.59774,14.00055]]]}},{"type":"Feature","properties":{"id":"คลองบางหว้า","name":"คลองบางหว้า","kind":"canal"},"geometry":{"type":"MultiLineString","coordinates":[[[100.44546,13.71411],[100.45785,13.70726],[100.46005,13.70626],[100.46339,13.70433],[100.46369,13.70398],[100.46442,13.70382],[100.4655,13.70308]],[[100.44089,13.71794],[100.44147,13.71733],[100.44211,13.71576],[100.44432,13.71466],[100.4452,13.71402]]]}},{"type":"Feature","properties":{"id":"คลองบางหัวเสือ","name":"คลองบางหัวเสือ","kind":"canal"},"geometry":{"type":"MultiLineString","coordinates":[[[100.53761,13.63536],[100.53977,13.63597],[100.54111,13.63541],[100.54171,13.6354],[100.54372,13.63648],[100.54411,13.63642],[100.54498,13.63687],[100.5464,13.63723]]]}},{"type":"Feature","properties":{"id":"คลองบางอีลือ","name":"คลองบางอีลือ","kind":"canal"},"geometry":{"type":"MultiLineString","coordinates":[[[100.34291,13.8395],[100.33699,13.85538],[100.33371,13.86642],[100.33222,13.87367],[100.3314,13.87564],[100.3311,13.87743],[100.33103,13.88238],[100.33107,13.88533],[100.33175,13.88572],[100.33139,13.88774]]]}},{"type":"Feature","properties":{"id":"คลองบางอ้อ","name":"คลองบางอ้อ","kind":"canal"},"geometry":{"type":"MultiLineString","coordinates":[[[100.50515,13.80362],[100.50926,13.80297],[100.51142,13.80205],[100.51256,13.8013],[100.51647,13.80033]],[[100.59355,13.68177],[100.58878,13.68307]],[[100.61036,13.68412],[100.60837,13.68297],[100.60743,13.68203],[100.60687,13.68237],[100.60459,13.68108],[100.60356,13.68077]],[[100.61104,13.6844],[100.61036,13.68412]],[[100.60356,13.68077],[100.6031,13.68067]],[[100.6031,13.68067],[100.60025,13.67988],[100.59937,13.68],[100.59435,13.6817],[100.59355,13.68177]],[[100.61791,13.68691],[100.61104,13.6844]]]}},{"type":"Feature","properties":{"id":"คลองบางอ้อคอน","name":"คลองบางอ้อคอน","kind":"canal"},"geometry":{"type":"MultiLineString","coordinates":[[[100.21155,13.78261],[100.21142,13.78169],[100.21191,13.78178],[100.2123,13.78104],[100.21283,13.78098],[100.21242,13.78054],[100.21276,13.77968],[100.21306,13.77947],[100.21314,13.77769],[100.213,13.7773],[100.21202,13.77695],[100.21147,13.77601],[100.21024,13.77536],[100.20981,13.77096],[100.20894,13.7685],[100.20844,13.7679]],[[100.20347,13.7577],[100.20322,13.75669],[100.20273,13.75603],[100.20246,13.75522]],[[100.20353,13.7578],[100.20347,13.7577]],[[100.20381,13.75914],[100.20353,13.7578]],[[100.20383,13.75924],[100.20381,13.75914]],[[100.20394,13.75966],[100.20383,13.75924]],[[100.20398,13.75975],[100.20394,13.75966]],[[100.20609,13.76396],[100.20398,13.75975]],[[100.20611,13.76403],[100.20609,13.76396]],[[100.20837,13.76783],[100.2076,13.76544],[100.20641,13.76504],[100.20611,13.76403]],[[100.20844,13.7679],[100.20837,13.76783]]]}},{"type":"Feature","properties":{"id":"คลองบางอ้าย","name":"คลองบางอ้าย","kind":"canal"},"geometry":{"type":"MultiLineString","coordinates":[[[100.4324,13.70259],[100.4298,13.70124],[100.42642,13.7029]],[[100.42654,13.70107],[100.39145,13.68317],[100.38469,13.68007],[100.38166,13.67917]]]}},{"type":"Feature","properties":{"id":"คลองบางเขน","name":"คลองบางเขน","kind":"canal"},"geometry":{"type":"MultiLineString","coordinates":[[[100.58639,13.85885],[100.58567,13.8584],[100.58386,13.85818],[100.58337,13.85787],[100.58168,13.8579],[100.57625,13.85736],[100.57357,13.85693],[100.57234,13.85654],[100.56915,13.85634],[100.56556,13.85567],[100.56536,13.85537],[100.56334,13.85511]],[[100.56334,13.85511],[100.55757,13.85402],[100.54364,13.8498],[100.54329,13.84946],[100.53831,13.84731],[100.53752,13.84672],[100.5362,13.84619],[100.52353,13.8351],[100.51871,13.83061],[100.51683,13.82908],[100.51605,13.82866],[100.51582,13.82832],[100.5158,13.82761],[100.51532,13.827],[100.51322,13.82615],[100.5131,13.82473],[100.51262,13.82487],[100.51217,13.82577],[100.51181,13.82608],[100.51103,13.8262],[100.51078,13.82526],[100.5106,13.82519],[100.50939,13.82562],[100.50924,13.82488],[100.50949,13.82458],[100.51002,13.82453],[100.51013,13.82421],[100.50969,13.82367],[100.5086,13.82341],[100.50766,13.82282],[100.50759,13.82168],[100.50703,13.82104],[100.5063,13.81924],[100.50717,13.81624]]]}},{"type":"Feature","properties":{"id":"คลองบางเขนใหม่","name":"คลองบางเขนใหม่","kind":"canal"},"geometry":{"type":"MultiLineString","coordinates":[[[100.51329,13.82621],[100.51696,13.8229],[100.51686,13.8222],[100.51105,13.81777],[100.5096,13.81561]]]}},{"type":"Feature","properties":{"id":"คลองบางเชือกหนัง","name":"คลองบางเชือกหนัง","kind":"canal"},"geometry":{"type":"MultiLineString","coordinates":[[[100.35256,13.75209],[100.36281,13.75379],[100.36768,13.75384],[100.38006,13.75309],[100.39705,13.75094],[100.40234,13.75013],[100.41627,13.74736],[100.41936,13.74576],[100.42141,13.74419],[100.42496,13.7434],[100.42553,13.74288],[100.4271,13.74232],[100.43095,13.74225],[100.43228,13.7404],[100.43542,13.73999],[100.43925,13.73998],[100.44057,13.74043],[100.44315,13.74013],[100.44447,13.74058],[100.4462,13.74069],[100.44786,13.74027],[100.44906,13.74083],[100.4499,13.74045],[100.45085,13.74116],[100.45233,13.74109],[100.45351,13.74188],[100.45416,13.74209],[100.45441,13.7425],[100.45484,13.74251],[100.45541,13.74195],[100.45641,13.74215],[100.45692,13.74291],[100.45675,13.74351],[100.45717,13.74396],[100.45941,13.74364],[100.46197,13.74439]]]}},{"type":"Feature","properties":{"id":"คลองบางเซา","name":"คลองบางเซา","kind":"canal"},"geometry":{"type":"MultiLineString","coordinates":[[[100.83817,13.61739],[100.8379,13.61713],[100.83678,13.61701],[100.83587,13.61593],[100.83492,13.61413],[100.8338,13.613],[100.83371,13.61251],[100.83403,13.6116],[100.83327,13.61058],[100.83225,13.60997],[100.83186,13.60853],[100.83101,13.60804],[100.83158,13.60727],[100.8316,13.60698],[100.83084,13.60636],[100.8306,13.6059],[100.83017,13.60386],[100.82956,13.603],[100.8302,13.60188],[100.83047,13.60068],[100.82999,13.60017],[100.82919,13.6001],[100.82889,13.59984],[100.82902,13.59904],[100.82869,13.59793],[100.82754,13.59719],[100.82698,13.5971],[100.82701,13.59553],[100.82626,13.59445],[100.82628,13.59352],[100.82719,13.59225],[100.8272,13.59181],[100.82676,13.59128],[100.82684,13.59047]],[[100.84831,13.64718],[100.84799,13.64674],[100.84753,13.64469],[100.84618,13.64258],[100.84345,13.64236],[100.84159,13.64163],[100.84037,13.64069],[100.84124,13.63882],[100.84192,13.63379]],[[100.84192,13.63379],[100.84199,13.63349],[100.8424,13.63318],[100.84238,13.63244],[100.8423,13.6321],[100.84162,13.63207],[100.84153,13.63068],[100.84094,13.63009],[100.84032,13.63019],[100.84003,13.63075],[100.83958,13.63079],[100.83912,13.63055],[100.83946,13.62968],[100.83903,13.62854],[100.83926,13.62791],[100.83894,13.62667],[100.83784,13.62576],[100.83784,13.62543],[100.83856,13.6246],[100.83855,13.62401],[100.83803,13.62357],[100.83767,13.6229],[100.83711,13.62269],[100.83664,13.62215],[100.8361,13.62217],[100.83604,13.62167],[100.83664,13.62113],[100.8367,13.62007],[100.83715,13.61958],[100.83737,13.61863],[100.83786,13.61844],[100.83817,13.61739]],[[100.8543,13.6669],[100.85291,13.66292],[100.85115,13.66175],[100.84984,13.65992],[100.84939,13.65713],[100.8487,13.65547],[100.84812,13.65501],[100.84781,13.65398],[100.84713,13.65385],[100.8469,13.65229],[100.84739,13.65057],[100.84855,13.64825],[100.84831,13.64718]],[[100.8269,13.58996],[100.82694,13.58968],[100.8274,13.58924],[100.82706,13.58763],[100.82676,13.58727],[100.8268,13.58679],[100.82727,13.58634],[100.8273,13.58603],[100.82617,13.58559],[100.8261,13.58519],[100.82661,13.58475],[100.8272,13.58462],[100.82739,13.58417],[100.82727,13.58366],[100.82622,13.58319],[100.82611,13.58249],[100.82616,13.58236],[100.8273,13.58242],[100.82774,13.58279],[100.82809,13.58267],[100.82806,13.58192],[100.82771,13.58179],[100.82726,13.58088],[100.82661,13.58056],[100.82651,13.58011],[100.82466,13.57877],[100.82372,13.5774]],[[100.82684,13.59047],[100.82689,13.59004]],[[100.82689,13.59004],[100.8269,13.58996]],[[100.83677,13.59567],[100.8356,13.59675],[100.83359,13.59802],[100.83267,13.59837],[100.83003,13.59851],[100.829,13.59898]]]}},{"type":"Feature","properties":{"id":"คลองบางเดื่อ","name":"คลองบางเดื่อ","kind":"canal"},"geometry":{"type":"MultiLineString","coordinates":[[[100.4209,13.86909],[100.42294,13.86839],[100.42308,13.86784],[100.42279,13.86699],[100.42307,13.86678],[100.42287,13.8665],[100.42302,13.8663],[100.42362,13.86629],[100.42371,13.86579],[100.4243,13.8656],[100.42472,13.86522],[100.42508,13.86522],[100.42593,13.86429],[100.42656,13.86403],[100.42717,13.86342],[100.42869,13.86302]],[[100.41414,13.86979],[100.41518,13.86983],[100.4209,13.86909]],[[100.51307,13.98551],[100.51357,13.98544]],[[100.51357,13.98544],[100.51473,13.98529]],[[100.51507,13.98525],[100.51645,13.98509]],[[100.51502,13.98526],[100.51507,13.98525]],[[100.51473,13.98529],[100.51502,13.98526]],[[100.51645,13.98509],[100.52376,13.98409]],[[100.52395,13.98404],[100.52671,13.98358]],[[100.52376,13.98409],[100.52395,13.98404]],[[100.46889,13.99794],[100.46935,13.99773]],[[100.46935,13.99773],[100.47256,13.9961],[100.47456,13.99481],[100.47562,13.99437],[100.47721,13.99407],[100.4801,13.99248],[100.50237,13.98772]],[[100.44022,14.00237],[100.4503,14.00053],[100.46889,13.99794]],[[100.50329,13.9875],[100.51307,13.98551]],[[100.50237,13.98772],[100.50329,13.9875]]]}},{"type":"Feature","properties":{"id":"คลองบางเตย","name":"คลองบางเตย","kind":"canal"},"geometry":{"type":"MultiLineString","coordinates":[[[100.48949,14.06203],[100.49058,14.06176],[100.49122,14.06075],[100.49252,14.06023],[100.49378,14.05914],[100.49484,14.05863],[100.49546,14.05742],[100.49688,14.05774],[100.49775,14.05695],[100.49827,14.0571],[100.49879,14.05784],[100.49983,14.05742],[100.50089,14.05754],[100.50165,14.05822],[100.50134,14.05936],[100.50093,14.05996],[100.50106,14.06049],[100.5015,14.06096],[100.50211,14.06101],[100.50348,14.06059],[100.50539,14.06077],[100.50661,14.05975],[100.50757,14.05972],[100.50941,14.06211],[100.51005,14.06372],[100.51061,14.06432],[100.51247,14.06448],[100.51357,14.06501],[100.51534,14.06411],[100.51599,14.06494],[100.51598,14.06656],[100.51635,14.06697],[100.51909,14.06762],[100.52003,14.06759],[100.52102,14.06827],[100.52308,14.06888],[100.52489,14.0704],[100.52647,14.07111]],[[100.64599,13.80954],[100.64726,13.80786],[100.64847,13.80706],[100.64907,13.80642],[100.64954,13.80546],[100.64964,13.80428],[100.65083,13.80191],[100.65253,13.79924],[100.65447,13.79697],[100.65516,13.79532],[100.65528,13.79392],[100.65552,13.79348],[100.6568,13.79262],[100.65725,13.79196],[100.65933,13.79091],[100.66028,13.789],[100.66099,13.78804],[100.6615,13.78529],[100.66186,13.78456]],[[100.48657,14.06445],[100.48482,14.06584],[100.48127,14.06993],[100.47385,14.07582],[100.47049,14.07825],[100.46026,14.0836],[100.45565,14.08582],[100.4523,14.08719]],[[100.27425,13.77434],[100.27426,13.77553],[100.27469,13.77629],[100.27401,13.77649],[100.27341,13.77626],[100.27334,13.77666],[100.27372,13.77703],[100.27391,13.77756],[100.2736,13.77767],[100.27314,13.77745],[100.27312,13.77773],[100.27257,13.77809],[100.27295,13.77833],[100.2737,13.7782],[100.27369,13.77862],[100.27346,13.77889],[100.27374,13.7796],[100.27388,13.77958],[100.27405,13.77886],[100.27484,13.77898],[100.27504,13.78028],[100.27577,13.78033],[100.27636,13.78093],[100.27667,13.78213],[100.2776,13.78241],[100.27961,13.78412],[100.28052,13.78505],[100.28148,13.78649],[100.28202,13.78904],[100.2821,13.79066],[100.28298,13.79378],[100.28285,13.79482],[100.28301,13.79554],[100.28592,13.8052],[100.28622,13.80674]],[[100.48949,14.06203],[100.48864,14.06311],[100.48657,14.06445]],[[100.45214,14.08726],[100.44692,14.08964],[100.4299,14.09574],[100.42766,14.09223],[100.42709,14.09274]],[[100.4523,14.08719],[100.45214,14.08726]],[[100.66186,13.78456],[100.66334,13.78447],[100.66421,13.7841],[100.66836,13.77733]]]}},{"type":"Feature","properties":{"id":"คลองบางเพลี้ย","name":"คลองบางเพลี้ย","kind":"canal"},"geometry":{"type":"MultiLineString","coordinates":[[[100.43262,13.73014],[100.42494,13.72902]],[[100.45648,13.72933],[100.45591,13.72934],[100.45494,13.72877],[100.45359,13.72846],[100.45205,13.72836],[100.45098,13.72884],[100.45012,13.72891],[100.44907,13.72975],[100.44761,13.72958],[100.44644,13.73008]],[[100.44274,13.73075],[100.44278,13.73095],[100.44357,13.73094],[100.44362,13.73116],[100.445,13.73092]],[[100.445,13.73092],[100.44535,13.73085]],[[100.44535,13.73085],[100.44588,13.73074]],[[100.44274,13.73075],[100.43875,13.73104],[100.43262,13.73014]],[[100.46073,13.72907],[100.45979,13.72873],[100.45933,13.72877],[100.45883,13.72838],[100.45795,13.72844],[100.45682,13.72813],[100.45692,13.72906],[100.45648,13.72933]]]}},{"type":"Feature","properties":{"id":"คลองบางเสาธง","name":"คลองบางเสาธง","kind":"canal"},"geometry":{"type":"MultiLineString","coordinates":[[[100.82903,13.66496],[100.83003,13.6645],[100.83018,13.66406],[100.82958,13.66208],[100.82839,13.66043],[100.82835,13.65922],[100.82863,13.65712],[100.82899,13.65592],[100.82702,13.6518],[100.82563,13.65013],[100.82537,13.64955],[100.82501,13.64782],[100.82466,13.64191],[100.82349,13.63929],[100.82329,13.6379],[100.82267,13.63614],[100.82258,13.635],[100.82267,13.634],[100.82368,13.63289],[100.824,13.6322],[100.82554,13.62442],[100.82603,13.62271],[100.82601,13.62127],[100.82565,13.62038],[100.82464,13.61941],[100.82422,13.61475],[100.82372,13.61287],[100.82267,13.61074],[100.82204,13.61032],[100.82194,13.60972],[100.82211,13.60566],[100.82254,13.60332],[100.82232,13.60116],[100.8224,13.59888],[100.82196,13.59789],[100.81941,13.59806],[100.81915,13.59801],[100.81897,13.59762],[100.81908,13.59649],[100.81888,13.59391],[100.81725,13.58852],[100.81719,13.58558],[100.81681,13.58332],[100.81635,13.5826]],[[100.4152,13.55714],[100.41527,13.55649],[100.41486,13.55238],[100.41461,13.55181],[100.41469,13.55139],[100.41647,13.55037],[100.41907,13.54747],[100.4195,13.54685],[100.42005,13.54537],[100.42007,13.54482],[100.41944,13.54274],[100.41819,13.54045],[100.41786,13.54018],[100.41586,13.53958],[100.41471,13.53866],[100.41462,13.53835],[100.41484,13.53809],[100.41486,13.53765],[100.41398,13.5358]],[[100.82813,13.681],[100.82489,13.67813],[100.82304,13.67555]],[[100.8236,13.66722],[100.82436,13.66664],[100.82698,13.66594],[100.82903,13.66496]],[[100.82304,13.67555],[100.82255,13.67408],[100.82247,13.67321],[100.82254,13.67251],[100.8232,13.67088],[100.82327,13.66806],[100.8236,13.66722]],[[100.81441,13.57927],[100.81521,13.58167],[100.81635,13.5826]]]}},{"type":"Feature","properties":{"id":"คลองบางเหี้ยน้อย","name":"คลองบางเหี้ยน้อย","kind":"canal"},"geometry":{"type":"MultiLineString","coordinates":[[[100.70287,13.55981],[100.70259,13.55891],[100.70345,13.5562],[100.70337,13.55552],[100.70487,13.55312],[100.70503,13.55179],[100.70637,13.54974]],[[100.69562,13.52341],[100.69561,13.52289],[100.69516,13.52245],[100.69509,13.52109],[100.69783,13.52074],[100.69807,13.52002]],[[100.70637,13.54974],[100.70672,13.54896],[100.7063,13.54824],[100.70707,13.54668],[100.7071,13.54581],[100.7075,13.54525],[100.70761,13.54465],[100.70653,13.5432],[100.70511,13.54023],[100.70435,13.53975],[100.70349,13.53808],[100.70332,13.53637],[100.70245,13.53504],[100.70219,13.53305],[100.70104,13.53071],[100.7006,13.52778],[100.70036,13.52765],[100.6994,13.52786],[100.69844,13.52775]],[[100.69844,13.52775],[100.69802,13.52758],[100.69766,13.52694],[100.69778,13.52452],[100.6961,13.52396],[100.69573,13.52375],[100.69562,13.52341]],[[100.70265,13.56412],[100.70324,13.5622],[100.70287,13.56124],[100.70287,13.55981]],[[100.69807,13.52002],[100.69774,13.51894],[100.69698,13.51748],[100.69644,13.51683],[100.69559,13.51636],[100.69564,13.51489],[100.69539,13.51303]]]}},{"type":"Feature","properties":{"id":"คลองบางแก้วใหญ่","name":"คลองบางแก้วใหญ่","kind":"canal"},"geometry":{"type":"MultiLineString","coordinates":[[[100.68474,13.64527],[100.68436,13.6449],[100.68398,13.64355],[100.68211,13.64129],[100.68072,13.63673],[100.67904,13.63414],[100.67855,13.63104],[100.67835,13.62721],[100.67808,13.62684],[100.67544,13.62604],[100.67574,13.62344],[100.67522,13.62243],[100.67524,13.62168],[100.67481,13.62061],[100.67243,13.61878],[100.67164,13.61609],[100.67159,13.61497],[100.67112,13.6139]],[[100.68474,13.64527],[100.68602,13.64644],[100.68653,13.64663],[100.68703,13.64782],[100.68802,13.64823],[100.68838,13.6501],[100.68916,13.65118],[100.6899,13.65119],[100.69298,13.65059]],[[100.69298,13.65059],[100.69316,13.65123]],[[100.69717,13.65018],[100.69316,13.65123]]]}},{"type":"Feature","properties":{"id":"คลองบางแค","name":"คลองบางแค","kind":"canal"},"geometry":{"type":"MultiLineString","coordinates":[[[100.42612,13.70869],[100.41267,13.70715],[100.408,13.70621],[100.3925,13.70364],[100.37701,13.70046]],[[100.37701,13.70046],[100.36768,13.69854],[100.36609,13.69775],[100.36531,13.69762],[100.36164,13.69848],[100.35648,13.69898],[100.35351,13.69977],[100.35244,13.70027],[100.35199,13.70012],[100.34769,13.70016],[100.34615,13.69946]]]}},{"type":"Feature","properties":{"id":"คลองบางแพรก","name":"คลองบางแพรก","kind":"canal"},"geometry":{"type":"MultiLineString","coordinates":[[[100.51229,13.84521],[100.50259,13.84711],[100.49418,13.84923],[100.49373,13.84955],[100.49293,13.84944],[100.49167,13.8498],[100.49011,13.84997],[100.48859,13.85059],[100.48803,13.85055],[100.48679,13.84934]],[[100.40451,13.88435],[100.40726,13.88393],[100.40938,13.88401],[100.4109,13.88451],[100.41153,13.88447],[100.4137,13.88532],[100.41494,13.88555],[100.4153,13.88584],[100.41641,13.88568],[100.41701,13.88583],[100.41728,13.88549],[100.41767,13.88542],[100.4183,13.88366],[100.41882,13.88315],[100.41993,13.88297],[100.42082,13.88197],[100.42089,13.88118],[100.4215,13.88028],[100.422,13.87993],[100.4225,13.8787],[100.42292,13.87875],[100.42318,13.87793],[100.4235,13.87762],[100.42365,13.87671],[100.42419,13.87646],[100.42446,13.87675],[100.4247,13.87667],[100.42452,13.8756],[100.42538,13.8755],[100.42564,13.87488],[100.42603,13.87475],[100.42618,13.87439],[100.42588,13.87377],[100.42635,13.87306],[100.42682,13.87299],[100.42754,13.87336],[100.42765,13.87369],[100.42781,13.87364],[100.42795,13.8732],[100.42735,13.87261],[100.42752,13.87209],[100.42781,13.87204],[100.42842,13.87251],[100.42879,13.87232],[100.42905,13.87143],[100.42876,13.87028],[100.42915,13.87005],[100.42965,13.87032]],[[100.39681,13.88785],[100.3977,13.88712],[100.39963,13.88669],[100.40032,13.88584],[100.40105,13.88545],[100.40156,13.8854],[100.4037,13.88446],[100.40451,13.88435]],[[100.39703,13.89103],[100.39684,13.8905]],[[100.39684,13.8905],[100.3965,13.88929],[100.39681,13.88785]],[[100.51327,13.84501],[100.51267,13.84512]],[[100.51267,13.84512],[100.51229,13.84521]]]}},{"type":"Feature","properties":{"id":"คลองบางแม่นาง","name":"คลองบางแม่นาง","kind":"canal"},"geometry":{"type":"MultiLineString","coordinates":[[[100.38753,13.84707],[100.38673,13.85111],[100.38696,13.85154],[100.38692,13.85326]]]}},{"type":"Feature","properties":{"id":"คลองบางแวก","name":"คลองบางแวก","kind":"canal"},"geometry":{"type":"MultiLineString","coordinates":[[[100.43209,13.73344],[100.44807,13.73523],[100.45137,13.73604],[100.45307,13.73674],[100.4557,13.73697],[100.45627,13.73757],[100.45957,13.73851],[100.46078,13.7385],[100.46111,13.73815],[100.46172,13.73816]],[[100.43161,13.73339],[100.43209,13.73344]],[[100.42476,13.73214],[100.43161,13.73339]],[[100.41838,13.73125],[100.42199,13.73159],[100.42476,13.73214]],[[100.36482,13.72625],[100.41838,13.73125]]]}},{"type":"Feature","properties":{"id":"คลองบางโค","name":"คลองบางโค","kind":"canal"},"geometry":{"type":"MultiLineString","coordinates":[[[100.40219,13.86218],[100.40216,13.86101],[100.40193,13.86022],[100.40242,13.85914],[100.40233,13.85858],[100.40277,13.85646],[100.40244,13.85586],[100.40233,13.85502],[100.40182,13.85446],[100.40211,13.85391],[100.4018,13.85304],[100.40231,13.85237],[100.40197,13.85192],[100.40213,13.8513],[100.40197,13.85086],[100.40229,13.8501],[100.40227,13.84934]]]}},{"type":"Feature","properties":{"id":"คลองบางโคลัด","name":"คลองบางโคลัด","kind":"canal"},"geometry":{"type":"MultiLineString","coordinates":[[[100.38833,13.66798],[100.38495,13.66575],[100.38289,13.66583],[100.38,13.66536],[100.37938,13.6639],[100.37499,13.66344],[100.37318,13.66259],[100.37053,13.66175]],[[100.43771,13.69368],[100.43531,13.692],[100.43493,13.69195],[100.43399,13.69116],[100.42778,13.68757]],[[100.40667,13.67627],[100.39519,13.67048],[100.3936,13.66933],[100.39197,13.66878],[100.39071,13.66867],[100.38833,13.66798]],[[100.42778,13.68757],[100.4206,13.68333],[100.40667,13.67627]]]}},{"type":"Feature","properties":{"id":"คลองบางโคล่น้อย","name":"คลองบางโคล่น้อย","kind":"canal"},"geometry":{"type":"MultiLineString","coordinates":[[[100.51129,13.69937],[100.5073,13.69464],[100.50558,13.69015],[100.50506,13.68947],[100.50446,13.68792],[100.5042,13.68604]]]}},{"type":"Feature","properties":{"id":"คลองบางโคล่สาร","name":"คลองบางโคล่สาร","kind":"canal"},"geometry":{"type":"MultiLineString","coordinates":[[[100.50737,13.68568],[100.50773,13.68732],[100.50871,13.68866],[100.50894,13.68939]],[[100.50928,13.69017],[100.50982,13.69179],[100.51073,13.69356],[100.51208,13.69559],[100.51352,13.69726]],[[100.50894,13.68939],[100.50928,13.69017]]]}},{"type":"Feature","properties":{"id":"คลองบางโฉลง","name":"คลองบางโฉลง","kind":"canal"},"geometry":{"type":"MultiLineString","coordinates":[[[100.75495,13.64674],[100.75485,13.64523],[100.75532,13.64271],[100.75514,13.6417],[100.75488,13.64128],[100.75326,13.64004],[100.75038,13.63675],[100.74838,13.63581],[100.74595,13.63421],[100.74554,13.63373],[100.7455,13.63157],[100.74525,13.63093],[100.74424,13.6297],[100.74213,13.62786],[100.7418,13.6273],[100.74166,13.62579],[100.74052,13.62258],[100.74136,13.61467],[100.74141,13.61251],[100.74208,13.61158],[100.74231,13.60537],[100.74255,13.60469],[100.74428,13.60249],[100.74435,13.60169]]]}},{"type":"Feature","properties":{"id":"คลองบางโปรง","name":"คลองบางโปรง","kind":"canal"},"geometry":{"type":"MultiLineString","coordinates":[[[100.56919,13.62671],[100.56856,13.62554],[100.56872,13.62458],[100.56779,13.62317],[100.5681,13.62259],[100.56808,13.62212],[100.56777,13.62169],[100.5673,13.62148],[100.56717,13.62114],[100.56662,13.62142],[100.56638,13.62127],[100.5663,13.62039],[100.56556,13.61983],[100.56516,13.61991],[100.5647,13.61956],[100.56408,13.61943],[100.56376,13.61822],[100.56288,13.61767],[100.5622,13.61693],[100.56166,13.61668],[100.56093,13.61683],[100.56041,13.61653],[100.55905,13.61382]],[[100.56999,13.62882],[100.57095,13.62955],[100.57191,13.63155],[100.57322,13.63334]],[[100.56999,13.62882],[100.56924,13.62769],[100.56919,13.62671]]]}},{"type":"Feature","properties":{"id":"คลองบางโพ","name":"คลองบางโพ","kind":"canal"},"geometry":{"type":"MultiLineString","coordinates":[[[100.53112,13.8095],[100.52298,13.80844],[100.52102,13.80842],[100.52082,13.80799],[100.52047,13.80813],[100.51749,13.80807]],[[100.53247,13.80967],[100.53132,13.80953]],[[100.53132,13.80953],[100.53112,13.8095]]]}},{"type":"Feature","properties":{"id":"คลองบางโพงพางเหนือ","name":"คลองบางโพงพางเหนือ","kind":"canal"},"geometry":{"type":"MultiLineString","coordinates":[[[100.52648,13.67505],[100.52829,13.67721],[100.52972,13.67812]],[[100.53095,13.68014],[100.53034,13.67898],[100.53034,13.67859],[100.53006,13.6784]],[[100.53006,13.6784],[100.52972,13.67812]],[[100.53202,13.68151],[100.53101,13.68023]]]}},{"type":"Feature","properties":{"id":"คลองบางโพงพางใต้","name":"คลองบางโพงพางใต้","kind":"canal"},"geometry":{"type":"MultiLineString","coordinates":[[[100.52785,13.67401],[100.5293,13.67552],[100.52964,13.67625],[100.53074,13.67709],[100.53088,13.67762],[100.53164,13.67829],[100.53393,13.68213],[100.53522,13.68495]]]}},{"type":"Feature","properties":{"id":"คลองบางโพธิ์เหนือ","name":"คลองบางโพธิ์เหนือ","kind":"canal"},"geometry":{"type":"MultiLineString","coordinates":[[[100.48052,14.05725],[100.45122,14.0767]],[[100.49668,14.04721],[100.48052,14.05725]],[[100.54276,14.02984],[100.54143,14.03068],[100.53878,14.03151],[100.53546,14.03186],[100.53422,14.03233],[100.53224,14.03143],[100.53165,14.03135],[100.52442,14.03191]],[[100.52442,14.03191],[100.52139,14.03204],[100.49668,14.04721]]]}},{"type":"Feature","properties":{"id":"คลองบางโพธิ์ใต้","name":"คลองบางโพธิ์ใต้","kind":"canal"},"geometry":{"type":"MultiLineString","coordinates":[[[100.4426,14.01886],[100.44987,14.01565]],[[100.51542,13.99444],[100.51475,13.99548],[100.51329,13.99586],[100.51263,13.99637],[100.51234,13.99648],[100.51076,13.9963],[100.51057,13.99644],[100.51063,13.99736],[100.50952,13.99794],[100.50842,13.99881],[100.50807,13.99959],[100.50781,13.99973],[100.50676,13.99945],[100.50545,13.99958],[100.50457,13.99917],[100.50388,13.99846],[100.50329,13.99817],[100.50211,13.99816],[100.50133,13.99775],[100.49849,13.99745],[100.49784,13.99787],[100.49613,13.99987],[100.4955,14.00012],[100.4906,13.99864],[100.48902,13.99855],[100.48759,13.99915],[100.48563,13.9982],[100.48534,13.99842],[100.48531,13.99884],[100.48508,13.99903],[100.48383,13.99939],[100.48089,14.00074],[100.47943,14.00229],[100.47811,14.00448],[100.47206,14.00852],[100.46039,14.01135],[100.45234,14.01465]],[[100.52808,13.98805],[100.52604,13.98891],[100.52549,13.98877],[100.52489,13.98896],[100.52453,13.98881],[100.52401,13.98928],[100.5232,13.98913],[100.52265,13.98941],[100.5221,13.9894],[100.52126,13.99028],[100.51862,13.992],[100.51719,13.99344],[100.51605,13.9938],[100.51542,13.99444]],[[100.44987,14.01565],[100.45027,14.01546]],[[100.45027,14.01546],[100.45234,14.01465]]]}},{"type":"Feature","properties":{"id":"คลองบางโสน","name":"คลองบางโสน","kind":"canal"},"geometry":{"type":"MultiLineString","coordinates":[[[100.36876,13.82061],[100.37012,13.82119],[100.3705,13.82161],[100.37245,13.8227],[100.38163,13.82762]],[[100.38163,13.82762],[100.39627,13.83636]],[[100.35892,13.81513],[100.3633,13.81742],[100.36876,13.82061]]]}},{"type":"Feature","properties":{"id":"คลองบางใหญ่","name":"คลองบางใหญ่","kind":"canal"},"geometry":{"type":"MultiLineString","coordinates":[[[100.39497,13.84827],[100.39392,13.84841],[100.39173,13.84738],[100.39094,13.84732],[100.39028,13.8476],[100.38961,13.8475],[100.38849,13.84694],[100.38734,13.84704],[100.38631,13.8466],[100.38433,13.84639],[100.38308,13.84598],[100.38237,13.84611],[100.38172,13.84579],[100.38031,13.84574],[100.37943,13.84534],[100.37616,13.8452],[100.3751,13.84453],[100.3738,13.84468],[100.3694,13.84323],[100.36837,13.84337],[100.36685,13.84306],[100.36574,13.84315],[100.36118,13.84229]],[[100.42043,13.85269],[100.41879,13.85171],[100.4175,13.85147],[100.41641,13.85151]],[[100.36118,13.84229],[100.34992,13.84067],[100.33661,13.83847]],[[100.39872,13.84903],[100.39828,13.84855],[100.39712,13.84825],[100.39543,13.84812],[100.39497,13.84827]],[[100.33661,13.83847],[100.3218,13.83592],[100.31344,13.83477]],[[100.42432,13.85221],[100.4227,13.85233],[100.4211,13.85288],[100.42043,13.85269]],[[100.41641,13.85151],[100.41434,13.85124],[100.41257,13.85161],[100.41161,13.85149],[100.41069,13.85116],[100.40919,13.85113],[100.40716,13.85024],[100.40575,13.85055],[100.40391,13.84954],[100.40305,13.84932],[100.40099,13.84918],[100.39923,13.84966],[100.39872,13.84903]]]}},{"type":"Feature","properties":{"id":"คลองบางไกร","name":"คลองบางไกร","kind":"canal"},"geometry":{"type":"MultiLineString","coordinates":[[[100.44013,13.82786],[100.44014,13.82715],[100.4395,13.82441],[100.43848,13.82293],[100.43839,13.82241],[100.43754,13.82099]]]}},{"type":"Feature","properties":{"id":"คลองบางไทร","name":"คลองบางไทร","kind":"canal"},"geometry":{"type":"MultiLineString","coordinates":[[[100.37333,13.88927],[100.37361,13.88916],[100.37483,13.88746],[100.37525,13.8864],[100.37563,13.88626],[100.37671,13.88517],[100.37691,13.88186],[100.37763,13.87782],[100.37786,13.87515],[100.37877,13.87385],[100.37925,13.86927],[100.38063,13.86834],[100.38134,13.86612],[100.38186,13.86509],[100.38209,13.86401],[100.38198,13.86122],[100.38319,13.85449],[100.3832,13.85421],[100.38278,13.85398],[100.38271,13.85359],[100.38227,13.85314],[100.38223,13.85238],[100.38314,13.84719],[100.38319,13.84601]]]}},{"type":"Feature","properties":{"id":"คลองบางไผ่","name":"คลองบางไผ่","kind":"canal"},"geometry":{"type":"MultiLineString","coordinates":[[[100.41437,13.73876],[100.4051,13.74113],[100.39544,13.74104],[100.3812,13.73992]],[[100.41595,13.73823],[100.41751,13.73795],[100.42055,13.74111],[100.4211,13.74107],[100.4225,13.73988],[100.4244,13.74042]],[[100.42599,13.88397],[100.42653,13.88363],[100.4269,13.88302],[100.42618,13.88244],[100.42723,13.88216],[100.42739,13.88147],[100.42786,13.88134],[100.42829,13.88089],[100.42804,13.88029],[100.4289,13.88038],[100.42905,13.88009],[100.42889,13.87965],[100.42911,13.87939],[100.43038,13.87894],[100.431,13.87922],[100.43156,13.87856],[100.43148,13.87822],[100.43065,13.87783],[100.43022,13.8769],[100.43019,13.87666],[100.43061,13.87615],[100.43038,13.87579]],[[100.43038,13.87579],[100.43051,13.8748],[100.43026,13.8745],[100.43019,13.87387],[100.4295,13.87309],[100.42996,13.8727],[100.43096,13.87284],[100.43129,13.87257],[100.43132,13.87218],[100.43107,13.87138],[100.4302,13.87106],[100.4296,13.87119],[100.4295,13.87063],[100.43094,13.86908],[100.43221,13.86844]],[[100.3749,13.90256],[100.37758,13.90249]],[[100.41843,13.89412],[100.4174,13.89303],[100.41748,13.89187],[100.41723,13.89141],[100.41788,13.89116],[100.41847,13.89051],[100.41901,13.89022],[100.42057,13.88845]],[[100.40705,13.8994],[100.40962,13.89844],[100.41076,13.89826],[100.41342,13.89701],[100.41414,13.89627],[100.41529,13.89623],[100.41601,13.89552],[100.41698,13.89538],[100.41754,13.89488],[100.41795,13.89477],[100.41843,13.89412]],[[100.35927,13.73793],[100.35352,13.73739],[100.3402,13.73658],[100.33748,13.73605]],[[100.3812,13.73992],[100.35927,13.73793]],[[100.37758,13.90249],[100.37816,13.90274],[100.37824,13.90342],[100.38243,13.90344],[100.38305,13.90367],[100.38325,13.90394],[100.38431,13.90404],[100.38729,13.90379],[100.38759,13.90329],[100.38952,13.90331],[100.39025,13.90291],[100.39572,13.90185],[100.39918,13.90223],[100.40705,13.8994]],[[100.33748,13.73605],[100.33624,13.73586],[100.33548,13.73606],[100.33481,13.73596],[100.33226,13.73495],[100.32991,13.73347]],[[100.42057,13.88845],[100.42116,13.88759],[100.42255,13.88651],[100.42329,13.88555],[100.42378,13.88522],[100.42459,13.88382],[100.42553,13.88379],[100.42599,13.88397]],[[100.35845,13.90166],[100.36352,13.90225],[100.37469,13.90214],[100.3749,13.90256]],[[100.32943,13.73315],[100.32752,13.7324]],[[100.32991,13.73347],[100.32943,13.73315]],[[100.41437,13.73876],[100.41595,13.73823]]]}},{"type":"Feature","properties":{"id":"คลองบางไส้ไก่","name":"คลองบางไส้ไก่","kind":"canal"},"geometry":{"type":"MultiLineString","coordinates":[[[100.4929,13.72066],[100.4931,13.71877],[100.49297,13.71465],[100.49314,13.71281],[100.49472,13.71047],[100.49552,13.7099],[100.49591,13.70899],[100.49844,13.70514]],[[100.49284,13.72117],[100.49288,13.72084]],[[100.49288,13.72084],[100.4929,13.72066]],[[100.49282,13.72131],[100.49284,13.72117]],[[100.4909,13.72653],[100.49182,13.72368],[100.49282,13.72131]],[[100.48618,13.73167],[100.4869,13.73157],[100.48852,13.73065],[100.48954,13.72967],[100.48999,13.72913],[100.49083,13.7268]],[[100.49083,13.7268],[100.4909,13.72653]]]}},{"type":"Feature","properties":{"id":"คลองบึง","name":"คลองบึง","kind":"canal"},"geometry":{"type":"MultiLineString","coordinates":[[[100.65899,13.73786],[100.65823,13.73664],[100.65677,13.73676],[100.65576,13.7345],[100.65528,13.7342],[100.65427,13.73405],[100.6535,13.7334],[100.65302,13.73245],[100.65206,13.73134],[100.65167,13.7295],[100.64972,13.72887]]]}},{"type":"Feature","properties":{"id":"คลองบึงขวาง","name":"คลองบึงขวาง","kind":"canal"},"geometry":{"type":"MultiLineString","coordinates":[[[100.73449,13.79697],[100.73091,13.79488],[100.72734,13.79223],[100.72115,13.78902],[100.71937,13.7872],[100.71795,13.7863],[100.71686,13.78592],[100.71648,13.78555],[100.71565,13.78381],[100.71555,13.78216],[100.71534,13.78167]],[[100.7685,13.80684],[100.76618,13.80546],[100.75901,13.80387],[100.75647,13.80176],[100.75387,13.8005],[100.75007,13.79899],[100.74814,13.79891],[100.74067,13.80034],[100.73837,13.79951],[100.73449,13.79697]]]}},{"type":"Feature","properties":{"id":"คลองบึงคัดซ้อน","name":"คลองบึงคัดซ้อน","kind":"canal"},"geometry":{"type":"MultiLineString","coordinates":[[[101.0033,13.73832],[101.00219,13.73789],[100.99299,13.74522],[100.99089,13.74427],[100.98897,13.74398],[100.98755,13.74309],[100.98361,13.74261],[100.9822,13.74254],[100.98068,13.74273],[100.98011,13.74191],[100.9788,13.73914],[100.97792,13.738],[100.97709,13.73784],[100.97501,13.73886],[100.97372,13.73913],[100.97285,13.73973],[100.97023,13.74334],[100.9693,13.7441],[100.96725,13.74448],[100.96652,13.74565],[100.96512,13.74666],[100.96422,13.74703],[100.96334,13.74871],[100.963,13.74903],[100.9614,13.74919],[100.96042,13.74877],[100.95946,13.7487],[100.95851,13.74897],[100.95822,13.74924],[100.95805,13.74993],[100.95814,13.75104],[100.95797,13.75159],[100.95719,13.75228],[100.95527,13.75266],[100.95461,13.75335],[100.95432,13.7558],[100.95288,13.75836],[100.95243,13.75976],[100.95187,13.76077],[100.95082,13.76167],[100.94931,13.76214],[100.94751,13.76307],[100.94622,13.764],[100.94398,13.7645],[100.94317,13.76545],[100.94252,13.76798],[100.9421,13.76846],[100.94072,13.76906],[100.9405,13.77076],[100.9389,13.77182],[100.93769,13.7735],[100.93726,13.77548],[100.93797,13.77741],[100.93797,13.77786],[100.93745,13.78003],[100.93832,13.78224],[100.93822,13.78301],[100.93711,13.78476]]]}},{"type":"Feature","properties":{"id":"คลองบึงตอกระทุ่ม","name":"คลองบึงตอกระทุ่ม","kind":"canal"},"geometry":{"type":"MultiLineString","coordinates":[[[100.91747,13.7709],[100.91685,13.77113],[100.91611,13.77106],[100.91545,13.77012],[100.91437,13.76944],[100.91363,13.76832],[100.91316,13.76651],[100.9124,13.76504],[100.91149,13.76463],[100.90913,13.76405],[100.90627,13.76291],[100.90404,13.7614],[100.90371,13.76108],[100.90311,13.75921],[100.90087,13.75623],[100.9001,13.75474],[100.89584,13.75126],[100.89475,13.75085],[100.88921,13.7498],[100.88737,13.74904],[100.88676,13.7486],[100.88588,13.74879]]]}},{"type":"Feature","properties":{"id":"คลองบึงทรายกองดิน","name":"คลองบึงทรายกองดิน","kind":"canal"},"geometry":{"type":"MultiLineString","coordinates":[[[100.76453,13.83988],[100.76587,13.83917],[100.76783,13.83862],[100.769,13.83782],[100.77181,13.83429]]]}},{"type":"Feature","properties":{"id":"คลองบึงนายรุ่ง","name":"คลองบึงนายรุ่ง","kind":"canal"},"geometry":{"type":"MultiLineString","coordinates":[[[100.8657,13.84579],[100.86576,13.84433],[100.86787,13.83951],[100.87519,13.8395],[100.87847,13.83911],[100.87943,13.83848],[100.88062,13.83816],[100.88306,13.83701],[100.88643,13.83593],[100.88912,13.83596],[100.89199,13.83548],[100.89316,13.83489],[100.89406,13.83486],[100.89535,13.83449],[100.89799,13.83501],[100.89944,13.83502],[100.90035,13.83479],[100.90165,13.83591],[100.90385,13.83653],[100.90686,13.83657],[100.9079,13.83707],[100.90827,13.83773]]]}},{"type":"Feature","properties":{"id":"คลองบึงบ้านม้า","name":"คลองบึงบ้านม้า","kind":"canal"},"geometry":{"type":"MultiLineString","coordinates":[[[100.66341,13.74018],[100.66257,13.74003],[100.65916,13.73832]]]}},{"type":"Feature","properties":{"id":"คลองบึงฝรั่ง","name":"คลองบึงฝรั่ง","kind":"canal"},"geometry":{"type":"MultiLineString","coordinates":[[[100.87896,13.86961],[100.87872,13.86939],[100.87727,13.86902],[100.87675,13.86861],[100.87582,13.86748],[100.87427,13.86477],[100.87243,13.86302],[100.87164,13.86144],[100.86982,13.86066],[100.86664,13.85795],[100.86526,13.8578],[100.86489,13.8576],[100.86479,13.85739],[100.865,13.85695]],[[100.87935,13.85339],[100.87944,13.85461],[100.8783,13.85907],[100.87785,13.86249],[100.87817,13.86609],[100.8791,13.86884],[100.87916,13.86932],[100.87896,13.86961]]]}},{"type":"Feature","properties":{"id":"คลองบึงพระยาสุเรนทร์","name":"คลองบึงพระยาสุเรนทร์","kind":"canal"},"geometry":{"type":"MultiLineString","coordinates":[[[100.67382,13.88101],[100.67455,13.87995],[100.6759,13.87905],[100.67789,13.87953],[100.68132,13.87957],[100.6818,13.87768],[100.68355,13.87573],[100.6837,13.8749],[100.6844,13.87405]]]}},{"type":"Feature","properties":{"id":"คลองบึงยาว","name":"คลองบึงยาว","kind":"canal"},"geometry":{"type":"MultiLineString","coordinates":[[[100.75199,13.83357],[100.75632,13.83581],[100.76049,13.83855],[100.76262,13.83958],[100.76453,13.83988]],[[100.75199,13.83357],[100.75011,13.83289],[100.74879,13.83194],[100.7479,13.83115],[100.74594,13.82872]]]}},{"type":"Feature","properties":{"id":"คลองบึงเขมร","name":"คลองบึงเขมร","kind":"canal"},"geometry":{"type":"MultiLineString","coordinates":[[[100.82871,13.86425],[100.82947,13.86326],[100.82978,13.86241],[100.82991,13.86124],[100.83117,13.85908],[100.83178,13.85571]]]}},{"type":"Feature","properties":{"id":"คลองบึงเตย","name":"คลองบึงเตย","kind":"canal"},"geometry":{"type":"MultiLineString","coordinates":[[[100.88029,13.87218],[100.87936,13.87242],[100.87881,13.87177],[100.87771,13.87109],[100.87688,13.87086],[100.87505,13.87083],[100.87263,13.87166],[100.87201,13.87276],[100.87086,13.87313],[100.87018,13.87378],[100.86961,13.87402],[100.86828,13.87432],[100.86735,13.87431],[100.86696,13.8741],[100.86449,13.87411],[100.8616,13.87561],[100.86071,13.87553]]]}},{"type":"Feature","properties":{"id":"คลองบึงแขวนหม้อ","name":"คลองบึงแขวนหม้อ","kind":"canal"},"geometry":{"type":"MultiLineString","coordinates":[[[100.23388,14.19487],[100.23382,14.19221],[100.23401,14.18999],[100.23377,14.18881],[100.23378,14.18748],[100.23396,14.18637],[100.23408,14.17997],[100.23482,14.17619],[100.2348,14.17551]]]}},{"type":"Feature","properties":{"id":"คลองบึงแตงโม","name":"คลองบึงแตงโม","kind":"canal"},"geometry":{"type":"MultiLineString","coordinates":[[[100.83034,13.8603],[100.83003,13.85918],[100.82771,13.85738],[100.82754,13.85706],[100.82745,13.85529]]]}},{"type":"Feature","properties":{"id":"คลองบึงไผ่","name":"คลองบึงไผ่","kind":"canal"},"geometry":{"type":"MultiLineString","coordinates":[[[100.73512,13.84825],[100.7359,13.84715],[100.73806,13.84266],[100.73876,13.8419],[100.73956,13.84023],[100.73989,13.83902],[100.73989,13.83743],[100.74004,13.83711],[100.74028,13.83682],[100.741,13.83669],[100.7438,13.83515],[100.74461,13.83343]],[[100.74461,13.83343],[100.74545,13.83131],[100.74594,13.82872]],[[100.74594,13.82872],[100.74625,13.82593],[100.7466,13.82479],[100.74675,13.82456],[100.74769,13.82434],[100.74872,13.82372],[100.74923,13.82193]],[[100.7338,13.85088],[100.73512,13.84825]]]}},{"type":"Feature","properties":{"id":"คลองบุญสุข","name":"คลองบุญสุข","kind":"canal"},"geometry":{"type":"MultiLineString","coordinates":[[[100.47233,13.62545],[100.46894,13.62504],[100.46673,13.625],[100.4656,13.62518],[100.46352,13.62604],[100.46152,13.6274],[100.46122,13.63012],[100.46046,13.63319]]]}},{"type":"Feature","properties":{"id":"คลองบุปผาราม","name":"คลองบุปผาราม","kind":"canal"},"geometry":{"type":"MultiLineString","coordinates":[[[100.48834,13.73748],[100.48982,13.73672],[100.49135,13.7352],[100.49248,13.73375]]]}},{"type":"Feature","properties":{"id":"คลองบ่อหินแก้ว","name":"คลองบ่อหินแก้ว","kind":"canal"},"geometry":{"type":"MultiLineString","coordinates":[[[100.73597,13.847],[100.73735,13.84748],[100.73891,13.84641],[100.74105,13.84419],[100.74236,13.84217],[100.74374,13.84083],[100.74392,13.84039],[100.744,13.83824],[100.74446,13.83717],[100.74656,13.83452],[100.74721,13.83419],[100.74811,13.83332],[100.74966,13.83257]]]}},{"type":"Feature","properties":{"id":"คลองบ้านกล้วย","name":"คลองบ้านกล้วย","kind":"canal"},"geometry":{"type":"MultiLineString","coordinates":[[[100.38801,13.91792],[100.38926,13.91753],[100.38904,13.91674],[100.39037,13.91642],[100.39258,13.91529],[100.39455,13.91509],[100.40617,13.90951],[100.41106,13.90788],[100.41454,13.90946]],[[100.37999,13.92178],[100.3818,13.9212],[100.38471,13.91941],[100.38801,13.91792]],[[100.3729,13.92456],[100.37757,13.92352],[100.37834,13.92364],[100.3791,13.92347],[100.38021,13.92278],[100.37999,13.92178]],[[100.41454,13.90946],[100.41667,13.91038]],[[100.41667,13.91038],[100.42117,13.91219],[100.42279,13.91339],[100.42545,13.91435]]]}},{"type":"Feature","properties":{"id":"คลองบ้านขมิ้น","name":"คลองบ้านขมิ้น","kind":"canal"},"geometry":{"type":"MultiLineString","coordinates":[[[100.48302,13.75602],[100.48317,13.7549],[100.48318,13.74989],[100.48429,13.74681]],[[100.48546,13.74528],[100.48603,13.74485]],[[100.48436,13.74676],[100.48481,13.74591],[100.48546,13.74528]],[[100.48221,13.76063],[100.48302,13.75602]],[[100.48429,13.74681],[100.48436,13.74676]],[[100.48854,13.74081],[100.48908,13.74019]],[[100.48833,13.74118],[100.48854,13.74081]],[[100.48917,13.74011],[100.48953,13.7398]],[[100.48908,13.74019],[100.48917,13.74011]],[[100.48603,13.74485],[100.48657,13.74439]],[[100.48215,13.76144],[100.48217,13.7611]],[[100.48217,13.7611],[100.48221,13.76063]]]}},{"type":"Feature","properties":{"id":"คลองบ้านครูผวน","name":"คลองบ้านครูผวน","kind":"canal"},"geometry":{"type":"MultiLineString","coordinates":[[[100.44513,13.83275],[100.44508,13.83044],[100.44487,13.82979],[100.44509,13.82892]]]}},{"type":"Feature","properties":{"id":"คลองบ้านคุ้ง","name":"คลองบ้านคุ้ง","kind":"canal"},"geometry":{"type":"MultiLineString","coordinates":[[[100.55455,13.7137],[100.55549,13.70978]],[[100.55549,13.70978],[100.55592,13.70771],[100.55651,13.70614]]]}},{"type":"Feature","properties":{"id":"คลองบ้านจีน","name":"คลองบ้านจีน","kind":"canal"},"geometry":{"type":"MultiLineString","coordinates":[[[100.44276,13.82414],[100.44346,13.82767],[100.44341,13.82825]],[[100.44242,13.82249],[100.44261,13.82358]],[[100.44261,13.82358],[100.44263,13.82369]],[[100.44264,13.82373],[100.44267,13.82383]],[[100.44263,13.82369],[100.44264,13.82373]],[[100.44267,13.82383],[100.44272,13.82401]],[[100.44273,13.82404],[100.44276,13.82414]],[[100.44272,13.82401],[100.44273,13.82404]]]}},{"type":"Feature","properties":{"id":"คลองบ้านบน","name":"คลองบ้านบน","kind":"canal"},"geometry":{"type":"MultiLineString","coordinates":[[[100.94041,13.52649],[100.93779,13.52627],[100.93696,13.52661],[100.93561,13.52881],[100.93476,13.53084],[100.93277,13.53196],[100.93299,13.5338]],[[100.9377,13.52628],[100.93803,13.52569],[100.93796,13.52472]]]}},{"type":"Feature","properties":{"id":"คลองบ้านพร้าว","name":"คลองบ้านพร้าว","kind":"canal"},"geometry":{"type":"MultiLineString","coordinates":[[[100.58764,14.06136],[100.58741,14.06041],[100.58768,14.05947],[100.58748,14.05757],[100.58765,14.05553],[100.58743,14.0547],[100.58751,14.05321],[100.5872,14.05148],[100.58743,14.04888]],[[100.55348,14.05095],[100.5596,14.05394],[100.56234,14.05602],[100.56422,14.05827],[100.56561,14.06137],[100.56596,14.06274],[100.56651,14.068],[100.56625,14.07118],[100.56637,14.07248],[100.56723,14.07441],[100.56811,14.07585],[100.56931,14.07954],[100.57139,14.08285],[100.57276,14.08306],[100.5763,14.08241],[100.57746,14.08189],[100.58021,14.08001],[100.58367,14.07646],[100.58515,14.07316],[100.58576,14.07244],[100.58633,14.07054]],[[100.58725,14.06554],[100.58791,14.06427],[100.58749,14.06271],[100.58792,14.062],[100.58764,14.06136]],[[100.58713,14.06608],[100.58725,14.06554]],[[100.58633,14.07054],[100.58725,14.06682],[100.58713,14.06608]]]}},{"type":"Feature","properties":{"id":"คลองบ้านม้า","name":"คลองบ้านม้า","kind":"canal"},"geometry":{"type":"MultiLineString","coordinates":[[[100.66467,13.77527],[100.66878,13.76657],[100.66932,13.76313],[100.66965,13.75634],[100.67026,13.75583],[100.6722,13.75486],[100.67894,13.75207]]]}},{"type":"Feature","properties":{"id":"คลองบ้านม้าล่าง","name":"คลองบ้านม้าล่าง","kind":"canal"},"geometry":{"type":"MultiLineString","coordinates":[[[100.66341,13.74018],[100.66416,13.73996],[100.66516,13.73813],[100.66554,13.73438],[100.66485,13.73261],[100.66461,13.72999],[100.66385,13.72768],[100.66444,13.72529],[100.66393,13.72138]]]}},{"type":"Feature","properties":{"id":"คลองบ้านระกาศ","name":"คลองบ้านระกาศ","kind":"canal"},"geometry":{"type":"MultiLineString","coordinates":[[[100.88602,13.62288],[100.88987,13.61903],[100.89132,13.61734],[100.89154,13.61683],[100.89127,13.61495],[100.89215,13.61307],[100.89179,13.61186],[100.89052,13.60981],[100.88982,13.60827],[100.88987,13.60779],[100.89061,13.60665],[100.89046,13.60602],[100.88941,13.60511],[100.88867,13.60476],[100.88698,13.60445],[100.88637,13.60362],[100.88666,13.60164],[100.88702,13.60111],[100.88776,13.60054],[100.89124,13.59613],[100.8914,13.59487],[100.89115,13.59419],[100.89012,13.59299],[100.88953,13.59134],[100.88927,13.58577],[100.88875,13.58324],[100.88695,13.58138],[100.88526,13.57898],[100.88294,13.57667],[100.88089,13.57299],[100.87918,13.572],[100.87872,13.57136]]]}},{"type":"Feature","properties":{"id":"คลองบ้านหม้อ","name":"คลองบ้านหม้อ","kind":"canal"},"geometry":{"type":"MultiLineString","coordinates":[[[100.48657,13.74439],[100.48689,13.74421],[100.48833,13.74118]]]}},{"type":"Feature","properties":{"id":"คลองบ้านหลาย","name":"คลองบ้านหลาย","kind":"canal"},"geometry":{"type":"MultiLineString","coordinates":[[[100.62847,13.68612],[100.63137,13.68714],[100.63159,13.6873],[100.63153,13.68787],[100.63025,13.69066],[100.62784,13.69762],[100.62693,13.69859],[100.62617,13.70036],[100.62536,13.7004],[100.62269,13.69987],[100.62267,13.70164],[100.62273,13.70197],[100.62323,13.70233],[100.62327,13.70309]],[[100.62327,13.70309],[100.62247,13.70377],[100.62241,13.70505]],[[100.62241,13.70505],[100.62204,13.70791],[100.62215,13.7082],[100.62139,13.71025]]]}},{"type":"Feature","properties":{"id":"คลองบ้านเกาะ","name":"คลองบ้านเกาะ","kind":"canal"},"geometry":{"type":"MultiLineString","coordinates":[[[100.8018,13.84243],[100.80082,13.84143],[100.79648,13.83885],[100.79509,13.8372],[100.79473,13.83648],[100.79493,13.83194],[100.79301,13.82775],[100.79258,13.82728],[100.79199,13.8268],[100.79096,13.82635],[100.78839,13.82567],[100.78606,13.8255],[100.78389,13.82587],[100.78271,13.82532],[100.78216,13.82479],[100.78197,13.824]],[[100.8064,13.84436],[100.80376,13.84384],[100.80276,13.84333],[100.8018,13.84243]],[[100.68376,13.81793],[100.68534,13.81278],[100.68732,13.80901],[100.68808,13.80684],[100.68862,13.80688],[100.68924,13.80596],[100.68973,13.80586],[100.69007,13.80536],[100.69033,13.80428],[100.69131,13.80348],[100.69568,13.80171],[100.69626,13.80121],[100.69712,13.7996],[100.69749,13.79925]]]}},{"type":"Feature","properties":{"id":"คลองบ้านเก่า","name":"คลองบ้านเก่า","kind":"canal"},"geometry":{"type":"MultiLineString","coordinates":[[[100.53832,13.95174],[100.53941,13.95027],[100.53979,13.95025],[100.54034,13.94952],[100.54015,13.94891],[100.54061,13.94827],[100.54133,13.9477],[100.54147,13.9473],[100.54277,13.9468],[100.54341,13.94598],[100.54372,13.9459],[100.5437,13.94548],[100.54396,13.94515],[100.54393,13.94457],[100.54518,13.94346],[100.54558,13.94331],[100.54696,13.94345],[100.54942,13.94247],[100.55151,13.94075]],[[100.55258,13.93902],[100.55302,13.93509],[100.55357,13.93361],[100.55362,13.93255]],[[100.55151,13.94075],[100.55245,13.93993],[100.55258,13.93902]]]}},{"type":"Feature","properties":{"id":"คลองบ้านแหลมกลาง","name":"คลองบ้านแหลมกลาง","kind":"canal"},"geometry":{"type":"MultiLineString","coordinates":[[[100.4787,13.94324],[100.478,13.94566],[100.47623,13.9499],[100.47598,13.95145],[100.47564,13.95217],[100.476,13.95241],[100.47607,13.95269],[100.47537,13.95652]],[[100.48531,13.92134],[100.48506,13.9236],[100.48481,13.92376],[100.48457,13.92449],[100.48427,13.92466],[100.48427,13.92562],[100.4838,13.92676],[100.48401,13.92732],[100.484,13.92839],[100.48355,13.92938],[100.48258,13.93054],[100.48227,13.93153],[100.48166,13.93204],[100.48112,13.933],[100.48049,13.93352],[100.47952,13.93511],[100.48027,13.93688]],[[100.48027,13.93688],[100.48076,13.93905],[100.48058,13.94056],[100.4801,13.94164],[100.47898,13.94273],[100.4787,13.94324]],[[100.48217,13.91557],[100.48311,13.91792],[100.4835,13.91824],[100.4833,13.91849],[100.48387,13.91909],[100.48368,13.91953],[100.48405,13.9195],[100.48391,13.91981],[100.48399,13.92085],[100.48503,13.92069],[100.4853,13.92082]],[[100.4853,13.92082],[100.48531,13.92134]]]}},{"type":"Feature","properties":{"id":"คลองบ้านแหลมเหนือ","name":"คลองบ้านแหลมเหนือ","kind":"canal"},"geometry":{"type":"MultiLineString","coordinates":[[[100.48404,13.94673],[100.48435,13.94572],[100.484,13.9441],[100.48416,13.94374]],[[100.48416,13.94374],[100.48361,13.94254],[100.48416,13.94002],[100.48426,13.9385],[100.48542,13.93494],[100.48521,13.93473]],[[100.49089,13.91435],[100.49035,13.91526],[100.4903,13.91572],[100.49036,13.91658],[100.49078,13.91759],[100.49001,13.92022],[100.48969,13.92235],[100.48936,13.92308],[100.48939,13.92411],[100.48906,13.9253],[100.48857,13.92616],[100.48859,13.92678],[100.4884,13.92719],[100.48714,13.92848],[100.48685,13.92993],[100.48566,13.93145],[100.48578,13.93192],[100.48531,13.93349],[100.48521,13.93473]]]}},{"type":"Feature","properties":{"id":"คลองบ้านใหม่","name":"คลองบ้านใหม่","kind":"canal"},"geometry":{"type":"MultiLineString","coordinates":[[[100.56729,13.95118],[100.56819,13.95157]],[[100.56819,13.95157],[100.57312,13.95426],[100.57401,13.95454],[100.58998,13.95086],[100.60577,13.944]],[[100.53937,13.95573],[100.54199,13.95553],[100.54217,13.95536],[100.54147,13.95477],[100.54146,13.95449],[100.54208,13.95356],[100.54351,13.95429],[100.5442,13.95441],[100.54425,13.95417],[100.54386,13.95358],[100.54395,13.95332],[100.54463,13.95286],[100.54549,13.95334],[100.54561,13.9526],[100.5458,13.95253],[100.54828,13.95266],[100.54904,13.95214],[100.55134,13.95167],[100.55241,13.95112],[100.55328,13.95138],[100.55402,13.95039],[100.55436,13.95051],[100.55452,13.95137],[100.55474,13.95156],[100.55502,13.9515],[100.55592,13.95022],[100.55658,13.95012],[100.55708,13.94978],[100.55827,13.95051],[100.5601,13.95068],[100.5605,13.95041],[100.56073,13.94992],[100.56128,13.9497],[100.56132,13.9494],[100.56175,13.94942],[100.56202,13.94994],[100.56282,13.94957],[100.56337,13.94979],[100.564,13.94977],[100.56447,13.95028],[100.5657,13.95063],[100.56658,13.95031],[100.56673,13.9504],[100.56673,13.95095],[100.56729,13.95118]],[[100.50776,13.70699],[100.50512,13.70922]]]}},{"type":"Feature","properties":{"id":"คลองบ้านไทร","name":"คลองบ้านไทร","kind":"canal"},"geometry":{"type":"MultiLineString","coordinates":[[[100.43633,13.77444],[100.43484,13.77509],[100.4329,13.77534],[100.43193,13.77617],[100.42959,13.77661],[100.42902,13.77695],[100.42825,13.77707],[100.4275,13.77755],[100.42332,13.77799],[100.42045,13.77869],[100.41955,13.77865],[100.39752,13.78235],[100.38354,13.78438]]]}},{"type":"Feature","properties":{"id":"คลองปฏิรูป","name":"คลองปฏิรูป","kind":"canal"},"geometry":{"type":"MultiLineString","coordinates":[[[100.25633,13.82889],[100.25656,13.80893]]]}},{"type":"Feature","properties":{"id":"คลองปฏิรูป 2","name":"คลองปฏิรูป 2","kind":"canal"},"geometry":{"type":"MultiLineString","coordinates":[[[100.27081,13.80784],[100.27209,13.81366],[100.27307,13.82218],[100.27317,13.82572],[100.273,13.82995]]]}},{"type":"Feature","properties":{"id":"คลองปทุม","name":"คลองปทุม","kind":"canal"},"geometry":{"type":"MultiLineString","coordinates":[[[100.35256,13.75209],[100.34806,13.7512],[100.34446,13.7493],[100.34107,13.74909],[100.3349,13.74783],[100.33111,13.74755],[100.32629,13.74673],[100.32364,13.74594]]]}},{"type":"Feature","properties":{"id":"คลองประชานาถ","name":"คลองประชานาถ","kind":"canal"},"geometry":{"type":"MultiLineString","coordinates":[[[100.12504,13.747],[100.12524,13.74721],[100.12608,13.74681],[100.12864,13.74647],[100.13158,13.7454],[100.13546,13.74464],[100.13586,13.74458],[100.1373,13.74501],[100.1386,13.74475],[100.14026,13.74474],[100.14316,13.74388],[100.14592,13.7444],[100.14829,13.74436],[100.15146,13.74462],[100.15514,13.74453],[100.15777,13.74406],[100.16268,13.74394],[100.16548,13.74357],[100.16666,13.7442],[100.16943,13.74441],[100.17351,13.74622],[100.17758,13.74732],[100.1876,13.74816],[100.19041,13.75665],[100.20915,13.78208],[100.20937,13.78281]]]}},{"type":"Feature","properties":{"id":"คลองประปา","name":"คลองประปา","kind":"canal"},"geometry":{"type":"MultiLineString","coordinates":[[[100.5438,13.84971],[100.5323,13.80071],[100.53237,13.80006],[100.53299,13.79969]],[[100.54386,13.84991],[100.5438,13.84971]],[[100.55437,14.04161],[100.5555,14.04078],[100.55592,14.0409]],[[100.56766,13.98936],[100.57185,13.97285]],[[100.57185,13.97285],[100.572,13.97255]],[[100.56759,13.98964],[100.56766,13.98936]],[[100.572,13.97255],[100.5723,13.97083],[100.57218,13.96993],[100.54386,13.84991]],[[100.55619,14.04076],[100.55752,14.03997],[100.5598,14.03572],[100.56099,14.03217],[100.56759,13.98964]],[[100.55592,14.0409],[100.55619,14.04076]],[[100.53334,13.79954],[100.53878,13.79682],[100.53933,13.79574],[100.53935,13.79492],[100.53033,13.77255]],[[100.53299,13.79969],[100.53334,13.79954]]]}},{"type":"Feature","properties":{"id":"คลองประปาตะวันตก","name":"คลองประปาตะวันตก","kind":"canal"},"geometry":{"type":"MultiLineString","coordinates":[[[100.37976,13.8459],[100.37994,13.84505]],[[100.37994,13.84505],[100.38071,13.84183],[100.38112,13.84085],[100.3871,13.83122]],[[100.17966,14.01125],[100.20758,14.01032],[100.20853,14.01014],[100.20943,14.0097],[100.24851,13.98414]],[[100.28079,13.96269],[100.29204,13.95497]],[[100.24851,13.98414],[100.24904,13.98376]],[[100.24904,13.98376],[100.26055,13.97628]],[[100.26055,13.97628],[100.26135,13.97575]],[[100.26135,13.97575],[100.2801,13.96314]],[[100.39418,13.81981],[100.39457,13.81921]],[[100.39457,13.81921],[100.39994,13.81048]],[[100.33271,13.92364],[100.33295,13.92288]],[[100.33295,13.92288],[100.34319,13.89096]],[[100.29271,13.95453],[100.31997,13.93587]],[[100.29204,13.95497],[100.29271,13.95453]],[[100.2801,13.96314],[100.28079,13.96269]],[[100.34765,13.87706],[100.34789,13.87632]],[[100.32054,13.93548],[100.32994,13.92908],[100.33085,13.92823],[100.33165,13.9271],[100.33271,13.92364]],[[100.34342,13.89025],[100.34765,13.87706]],[[100.36446,13.86861],[100.37204,13.86777]],[[100.34319,13.89096],[100.34342,13.89025]],[[100.37282,13.86768],[100.37451,13.86732],[100.37527,13.86642],[100.37976,13.8459]],[[100.37204,13.86777],[100.37282,13.86768]],[[100.31997,13.93587],[100.32054,13.93548]],[[100.34789,13.87632],[100.34952,13.87123],[100.35044,13.87032],[100.36367,13.86872]],[[100.36367,13.86872],[100.36446,13.86861]],[[100.38738,13.83078],[100.39418,13.81981]],[[100.3871,13.83122],[100.38738,13.83078]],[[100.39997,13.81044],[100.40079,13.80918],[100.40128,13.80915],[100.40715,13.81294]],[[100.39994,13.81048],[100.39997,13.81044]]]}},{"type":"Feature","properties":{"id":"คลองประมง","name":"คลองประมง","kind":"canal"},"geometry":{"type":"MultiLineString","coordinates":[[[100.40662,13.50857],[100.40483,13.50814]],[[100.40483,13.50814],[100.40377,13.50775],[100.39517,13.5025],[100.38671,13.50098]],[[100.45159,13.51284],[100.44334,13.51184],[100.40662,13.50857]]]}},{"type":"Feature","properties":{"id":"คลองประเวศบุรีรมย์","name":"คลองประเวศบุรีรมย์","kind":"canal"},"geometry":{"type":"MultiLineString","coordinates":[[[100.91732,13.67588],[100.89442,13.68423],[100.87974,13.68904],[100.86078,13.69699]],[[100.85515,13.69936],[100.86078,13.69699]],[[100.85515,13.69936],[100.85044,13.70136],[100.82534,13.71116],[100.82111,13.71253],[100.79722,13.72137],[100.7897,13.72398],[100.78085,13.72415],[100.74626,13.72415],[100.73488,13.72391],[100.73365,13.72404],[100.67371,13.72394],[100.6515,13.71809]],[[100.6515,13.71809],[100.64792,13.71719]],[[100.64792,13.71719],[100.63927,13.71492]],[[100.93766,13.66878],[100.91732,13.67588]],[[100.95578,13.66237],[100.93766,13.66878]]]}},{"type":"Feature","properties":{"id":"คลองปลัดสาย","name":"คลองปลัดสาย","kind":"canal"},"geometry":{"type":"MultiLineString","coordinates":[[[100.94217,13.65054],[100.93843,13.64986],[100.93398,13.64864],[100.93157,13.64734],[100.93,13.64714],[100.92886,13.64676],[100.92709,13.64549],[100.92558,13.64468],[100.92351,13.64437],[100.92181,13.6433],[100.91906,13.64249],[100.91753,13.64174]]]}},{"type":"Feature","properties":{"id":"คลองปลัดเปรียง","name":"คลองปลัดเปรียง","kind":"canal"},"geometry":{"type":"MultiLineString","coordinates":[[[100.64611,13.62071],[100.64694,13.6233],[100.64818,13.62537],[100.6509,13.63302],[100.65261,13.63652],[100.65367,13.63926],[100.65668,13.64526],[100.65976,13.6502],[100.66213,13.65535],[100.66358,13.65782],[100.66404,13.65915],[100.66434,13.66114],[100.66516,13.66283],[100.66645,13.66717]],[[100.67478,13.70017],[100.67468,13.6999],[100.67514,13.69724],[100.67565,13.6953],[100.67656,13.69511],[100.67701,13.69372],[100.67701,13.69305],[100.67475,13.68709],[100.67333,13.68108],[100.67224,13.68021],[100.6705,13.67727],[100.66898,13.67202],[100.66752,13.66971],[100.66687,13.66818]],[[100.66645,13.66717],[100.66687,13.66818]]]}},{"type":"Feature","properties":{"id":"คลองปลายบาง","name":"คลองปลายบาง","kind":"canal"},"geometry":{"type":"MultiLineString","coordinates":[[[100.39309,13.80715],[100.39159,13.80705],[100.39118,13.80721],[100.38855,13.80722],[100.38712,13.80692],[100.38331,13.80542],[100.38152,13.80492],[100.37377,13.8032],[100.37379,13.80253]],[[100.39589,13.80826],[100.39502,13.80765],[100.3945,13.80766],[100.39373,13.80715],[100.39309,13.80715]],[[100.40806,13.81493],[100.40597,13.81357],[100.40479,13.81304],[100.40436,13.81255],[100.40384,13.81239],[100.40254,13.81147],[100.39589,13.80826]]]}},{"type":"Feature","properties":{"id":"คลองปล่องเหลี่ยม","name":"คลองปล่องเหลี่ยม","kind":"canal"},"geometry":{"type":"MultiLineString","coordinates":[[[100.23669,13.67978],[100.24362,13.66681]]]}},{"type":"Feature","properties":{"id":"คลองปักหลัก","name":"คลองปักหลัก","kind":"canal"},"geometry":{"type":"MultiLineString","coordinates":[[[100.70031,13.69551],[100.69893,13.69553],[100.69891,13.68724],[100.69808,13.68052]],[[100.69392,13.70465],[100.69906,13.70272],[100.70031,13.70241],[100.7005,13.70218],[100.70031,13.69551]]]}},{"type":"Feature","properties":{"id":"คลองปั้นหยา","name":"คลองปั้นหยา","kind":"canal"},"geometry":{"type":"MultiLineString","coordinates":[[[100.80372,13.56201],[100.80205,13.55845],[100.80199,13.558],[100.80212,13.55627],[100.8018,13.55465],[100.80223,13.55255],[100.80246,13.54952],[100.80427,13.54862],[100.80481,13.54685],[100.80484,13.54471],[100.80522,13.54379],[100.80457,13.54305],[100.80488,13.54286],[100.80537,13.54188],[100.80583,13.54147],[100.80599,13.54082],[100.80629,13.54053],[100.80634,13.53988],[100.80676,13.53961],[100.8077,13.53841],[100.80787,13.53768],[100.80867,13.53674],[100.80838,13.53515],[100.80776,13.53363]],[[100.80688,13.56704],[100.80582,13.56582],[100.80542,13.56567],[100.80372,13.56201]],[[100.81163,13.58078],[100.81058,13.57806],[100.81047,13.5766],[100.80934,13.57396],[100.8092,13.57292],[100.80953,13.57169],[100.80953,13.57022],[100.80868,13.56896],[100.80688,13.56704]]]}},{"type":"Feature","properties":{"id":"คลองปากกระพัง","name":"คลองปากกระพัง","kind":"canal"},"geometry":{"type":"MultiLineString","coordinates":[[[100.8543,13.6669],[100.85228,13.66649],[100.84993,13.66635],[100.84766,13.66571],[100.84649,13.66561],[100.84479,13.66479],[100.84392,13.66406],[100.8433,13.66308],[100.84256,13.66148],[100.84112,13.65684],[100.84015,13.65509]]]}},{"type":"Feature","properties":{"id":"คลองปากกะพัง","name":"คลองปากกะพัง","kind":"canal"},"geometry":{"type":"MultiLineString","coordinates":[[[100.83009,13.66431],[100.83376,13.66441],[100.83599,13.66519],[100.83743,13.6648],[100.84028,13.66306],[100.84171,13.66152],[100.84252,13.66136]]]}},{"type":"Feature","properties":{"id":"คลองปากน้ำ","name":"คลองปากน้ำ","kind":"canal"},"geometry":{"type":"MultiLineString","coordinates":[[[100.59054,13.59052],[100.59464,13.59013],[100.59581,13.59077],[100.59641,13.59154],[100.5965,13.59202],[100.59687,13.59221],[100.59811,13.59191],[100.59956,13.59122],[100.60028,13.59192],[100.60104,13.59201],[100.60221,13.59256],[100.60247,13.59186],[100.60355,13.59214],[100.60604,13.59206],[100.60671,13.59265],[100.60737,13.59287],[100.6076,13.59282],[100.60822,13.59179],[100.61077,13.59287]],[[100.70645,13.67856],[100.71229,13.67717],[100.71451,13.67693],[100.71748,13.67546]],[[100.70553,13.67878],[100.70645,13.67856]],[[100.6967,13.68028],[100.69743,13.68027],[100.69808,13.68052],[100.70553,13.67878]]]}},{"type":"Feature","properties":{"id":"คลองปากบ่อใหญ่","name":"คลองปากบ่อใหญ่","kind":"canal"},"geometry":{"type":"MultiLineString","coordinates":[[[100.18532,13.55763],[100.18644,13.55736],[100.18688,13.5577],[100.18752,13.55696],[100.18734,13.55639],[100.18765,13.55533],[100.18706,13.5541],[100.18786,13.55274],[100.1892,13.55234],[100.18987,13.55253],[100.1905,13.55304],[100.19164,13.5528],[100.1909,13.55],[100.19118,13.54958],[100.19333,13.54804],[100.19409,13.54708],[100.19444,13.54716],[100.19468,13.54768],[100.19511,13.54796],[100.19642,13.54802],[100.19806,13.5484],[100.19917,13.5489],[100.20146,13.54947],[100.20239,13.54947],[100.20364,13.54889],[100.20417,13.54885],[100.20466,13.54943],[100.20484,13.55033],[100.20413,13.55347],[100.20402,13.55602],[100.20344,13.55685],[100.20345,13.55719],[100.20386,13.55746],[100.20484,13.55731],[100.20519,13.55854],[100.20585,13.55931],[100.20644,13.55961],[100.20747,13.55973],[100.20903,13.56137],[100.2097,13.5626],[100.20928,13.5637],[100.2094,13.56411],[100.20978,13.56413],[100.21175,13.56342],[100.21205,13.56361],[100.21233,13.56421],[100.2132,13.56445],[100.21463,13.56445],[100.21573,13.56513],[100.21612,13.56702],[100.21664,13.56806],[100.21627,13.56859],[100.21529,13.56906],[100.21537,13.56987]]]}},{"type":"Feature","properties":{"id":"คลองปากลัดยานยนต์","name":"คลองปากลัดยานยนต์","kind":"canal"},"geometry":{"type":"MultiLineString","coordinates":[[[100.49771,13.66075],[100.50156,13.65815]]]}},{"type":"Feature","properties":{"id":"คลองปิ่นแก้ว","name":"คลองปิ่นแก้ว","kind":"canal"},"geometry":{"type":"MultiLineString","coordinates":[[[100.91753,13.64174],[100.91747,13.64039],[100.91718,13.63927],[100.9146,13.63749],[100.913,13.63697],[100.91168,13.6368],[100.91071,13.63629],[100.90923,13.63433],[100.90852,13.63268],[100.90658,13.63116],[100.90621,13.62876],[100.9041,13.62711]]]}},{"type":"Feature","properties":{"id":"คลองปีกกา","name":"คลองปีกกา","kind":"canal"},"geometry":{"type":"MultiLineString","coordinates":[[[100.89008,13.56463],[100.88928,13.56311],[100.8893,13.56171],[100.88983,13.55913],[100.88961,13.55804],[100.88877,13.55753],[100.88713,13.5575],[100.8863,13.55705],[100.88544,13.55532],[100.88402,13.55162],[100.88214,13.54998],[100.87945,13.54808],[100.87829,13.54198],[100.87698,13.53862]],[[100.87448,13.52879],[100.87081,13.52975],[100.86884,13.53047],[100.86628,13.53086],[100.86483,13.53088],[100.86359,13.53063],[100.86276,13.52939],[100.86237,13.52912],[100.86114,13.52905],[100.85949,13.52941],[100.85784,13.53026],[100.85651,13.52986],[100.85482,13.53103],[100.85421,13.53122],[100.85209,13.5311],[100.85001,13.53234]],[[100.87698,13.53862],[100.87616,13.53583],[100.87549,13.53441],[100.87468,13.52952]]]}},{"type":"Feature","properties":{"id":"คลองปีกนก","name":"คลองปีกนก","kind":"canal"},"geometry":{"type":"MultiLineString","coordinates":[[[100.22502,13.56652],[100.22553,13.56618],[100.22564,13.5659],[100.22526,13.56541],[100.22548,13.56485],[100.22527,13.5639],[100.22537,13.56304],[100.22493,13.56247],[100.2246,13.56137],[100.22462,13.55439],[100.22622,13.54883],[100.22647,13.54815],[100.22769,13.54847],[100.22967,13.54508],[100.23022,13.54489],[100.23021,13.54434],[100.23086,13.54456],[100.23167,13.54431],[100.23202,13.54333],[100.23145,13.54265],[100.23149,13.54246],[100.23196,13.54232],[100.23188,13.5421],[100.23139,13.54201],[100.23139,13.54171],[100.2326,13.54162],[100.23239,13.54108],[100.23352,13.53985],[100.23392,13.53857]]]}},{"type":"Feature","properties":{"id":"คลองปู่ถม","name":"คลองปู่ถม","kind":"canal"},"geometry":{"type":"MultiLineString","coordinates":[[[100.47414,13.91349],[100.47249,13.91464],[100.47102,13.91612],[100.4705,13.91699],[100.47015,13.9184]]]}},{"type":"Feature","properties":{"id":"คลองป่าฝ้าย","name":"คลองป่าฝ้าย","kind":"canal"},"geometry":{"type":"MultiLineString","coordinates":[[[100.5468,14.0501],[100.54734,14.0498],[100.54758,14.05009],[100.54844,14.04975],[100.54944,14.04969],[100.55124,14.05284]]]}},{"type":"Feature","properties":{"id":"คลองป้อม","name":"คลองป้อม","kind":"canal"},"geometry":{"type":"MultiLineString","coordinates":[[[100.59155,13.5936],[100.58576,13.59337],[100.58477,13.59378],[100.58369,13.59314],[100.58158,13.59351],[100.57903,13.59289],[100.57808,13.59332]]]}},{"type":"Feature","properties":{"id":"คลองผดุงกรุงเกษม","name":"คลองผดุงกรุงเกษม","kind":"canal"},"geometry":{"type":"MultiLineString","coordinates":[[[100.50938,13.76366],[100.51201,13.76105]],[[100.49918,13.77276],[100.50128,13.77178],[100.50383,13.76974]],[[100.51692,13.74906],[100.51634,13.74559]],[[100.51735,13.7531],[100.51692,13.74906]],[[100.51638,13.75661],[100.51722,13.75488],[100.51735,13.7531]],[[100.51634,13.74559],[100.51578,13.74201],[100.51564,13.73883],[100.5159,13.73553],[100.5158,13.73403],[100.51539,13.73223],[100.51484,13.73119],[100.51418,13.73049]],[[100.50383,13.76974],[100.50938,13.76366]],[[100.51201,13.76105],[100.51288,13.76019]],[[100.51288,13.76019],[100.51638,13.75661]],[[100.51418,13.73049],[100.51385,13.73014]],[[100.51295,13.72941],[100.51235,13.72905]],[[100.51385,13.73014],[100.51332,13.72966]],[[100.51332,13.72966],[100.51312,13.72952]],[[100.51312,13.72952],[100.51295,13.72941]]]}},{"type":"Feature","properties":{"id":"คลองผักกะเฉด","name":"คลองผักกะเฉด","kind":"canal"},"geometry":{"type":"MultiLineString","coordinates":[[[100.697,13.83643],[100.69426,13.835],[100.69086,13.8344],[100.69063,13.83423],[100.69018,13.83278]],[[100.70874,13.83389],[100.7051,13.83279],[100.7029,13.83308]],[[100.7029,13.83308],[100.70196,13.83353],[100.70109,13.83548],[100.70035,13.83654],[100.69966,13.8369],[100.6988,13.83704],[100.69728,13.83657]]]}},{"type":"Feature","properties":{"id":"คลองผักหนาม","name":"คลองผักหนาม","kind":"canal"},"geometry":{"type":"MultiLineString","coordinates":[[[100.48116,13.77778],[100.47944,13.77628]],[[100.4791,13.776],[100.475,13.77244],[100.47281,13.7714],[100.47168,13.77122]],[[100.47944,13.77628],[100.4791,13.776]]]}},{"type":"Feature","properties":{"id":"คลองผู้เฒ่า","name":"คลองผู้เฒ่า","kind":"canal"},"geometry":{"type":"MultiLineString","coordinates":[[[100.47081,13.56423],[100.47115,13.5629],[100.47139,13.5626],[100.47309,13.56223],[100.47334,13.56187],[100.47352,13.5607],[100.4743,13.55922],[100.47436,13.55291],[100.47403,13.55258],[100.47305,13.55265],[100.47291,13.55238],[100.47292,13.55175],[100.47251,13.5503],[100.47299,13.54852],[100.47272,13.54775],[100.4718,13.54675],[100.47173,13.54645],[100.47178,13.5462],[100.47295,13.54516],[100.47308,13.54428],[100.47226,13.54252],[100.47187,13.54216],[100.47186,13.54102],[100.47152,13.54008],[100.47191,13.53961],[100.472,13.53895],[100.47301,13.53858],[100.47321,13.53831]]]}},{"type":"Feature","properties":{"id":"คลองผู้ใหญ่","name":"คลองผู้ใหญ่","kind":"canal"},"geometry":{"type":"MultiLineString","coordinates":[[[100.35913,13.76571],[100.35901,13.76083],[100.35979,13.7569],[100.35997,13.75332]]]}},{"type":"Feature","properties":{"id":"คลองผู้ใหญ่ชิน","name":"คลองผู้ใหญ่ชิน","kind":"canal"},"geometry":{"type":"MultiLineString","coordinates":[[[100.47341,13.6678],[100.46839,13.66676]]]}},{"type":"Feature","properties":{"id":"คลองผู้ใหญ่น่วม","name":"คลองผู้ใหญ่น่วม","kind":"canal"},"geometry":{"type":"MultiLineString","coordinates":[[[100.4632,13.7974],[100.46085,13.79482]]]}},{"type":"Feature","properties":{"id":"คลองผู้ใหญ่รวบ","name":"คลองผู้ใหญ่รวบ","kind":"canal"},"geometry":{"type":"MultiLineString","coordinates":[[[100.47034,13.67503],[100.47072,13.67378],[100.47032,13.67355],[100.47259,13.66839]]]}},{"type":"Feature","properties":{"id":"คลองผู้ใหญ่อยู่","name":"คลองผู้ใหญ่อยู่","kind":"canal"},"geometry":{"type":"MultiLineString","coordinates":[[[100.43962,13.99864],[100.44755,13.99705],[100.44993,13.9967],[100.45023,13.99685],[100.45254,13.99596],[100.45564,13.99389],[100.46148,13.99107],[100.46227,13.98765]]]}},{"type":"Feature","properties":{"id":"คลองพญาเวิก","name":"คลองพญาเวิก","kind":"canal"},"geometry":{"type":"MultiLineString","coordinates":[[[100.5663,13.81004],[100.56592,13.80954],[100.56716,13.80612],[100.56721,13.80403],[100.56772,13.80288],[100.56788,13.80146],[100.56715,13.79858],[100.56699,13.79491]],[[100.56674,13.81045],[100.56649,13.81021]],[[100.56649,13.81021],[100.5663,13.81004]]]}},{"type":"Feature","properties":{"id":"คลองพระคุณแม่","name":"คลองพระคุณแม่","kind":"canal"},"geometry":{"type":"MultiLineString","coordinates":[[[100.47683,13.79989],[100.48253,13.80097],[100.487,13.80143],[100.48789,13.80167],[100.48952,13.80237],[100.49225,13.80415]]]}},{"type":"Feature","properties":{"id":"คลองพระจุ้ย","name":"คลองพระจุ้ย","kind":"canal"},"geometry":{"type":"MultiLineString","coordinates":[[[100.46149,13.75251],[100.45675,13.75125],[100.44915,13.75026],[100.44848,13.74425]]]}},{"type":"Feature","properties":{"id":"คลองพระพิมล","name":"คลองพระพิมล","kind":"canal"},"geometry":{"type":"MultiLineString","coordinates":[[[100.22661,14.02507],[100.22743,14.02507],[100.22899,14.02557],[100.23096,14.02651],[100.23281,14.02694],[100.235,14.02671],[100.23581,14.02645],[100.2368,14.02591],[100.23887,14.02405],[100.23996,14.02345],[100.24248,14.02309],[100.24379,14.02272],[100.24526,14.02198],[100.24659,14.02203],[100.25009,14.02322],[100.26168,14.01237]],[[100.35002,13.95387],[100.35625,13.94988]],[[100.35625,13.94988],[100.37076,13.94041],[100.39542,13.92478],[100.40042,13.9219],[100.40648,13.91899]],[[100.41525,13.91708],[100.41945,13.91731],[100.42178,13.91789],[100.42486,13.91769]],[[100.40648,13.91899],[100.41053,13.91758],[100.4148,13.91708]],[[100.29023,13.99261],[100.31024,13.9796]],[[100.31024,13.9796],[100.31393,13.97726]],[[100.31393,13.97726],[100.35002,13.95387]],[[100.17406,14.02728],[100.1788,14.02729],[100.20284,14.02627],[100.20942,14.02655],[100.21599,14.02616],[100.22134,14.02687],[100.22384,14.02646],[100.22661,14.02507]],[[100.26168,14.01237],[100.26322,14.011]],[[100.26322,14.011],[100.26572,14.00859],[100.26715,14.0075],[100.29023,13.99261]],[[100.4148,13.91708],[100.41525,13.91708]]]}},{"type":"Feature","properties":{"id":"คลองพระมอ","name":"คลองพระมอ","kind":"canal"},"geometry":{"type":"MultiLineString","coordinates":[[[100.25461,13.99189],[100.23262,14.00406],[100.23104,14.00514],[100.22946,14.00705],[100.22806,14.01172],[100.22558,14.01424],[100.22275,14.01773]],[[100.25461,13.99189],[100.25616,13.98962],[100.25922,13.9838],[100.26033,13.97999],[100.26103,13.97479],[100.26121,13.97127],[100.26118,13.96946],[100.26049,13.96266],[100.25981,13.96131],[100.25438,13.95386],[100.24043,13.93557]]]}},{"type":"Feature","properties":{"id":"คลองพระยานาคราช","name":"คลองพระยานาคราช","kind":"canal"},"geometry":{"type":"MultiLineString","coordinates":[[[100.94217,13.65054],[100.93985,13.64775],[100.93095,13.63418],[100.92549,13.62635],[100.92365,13.62315],[100.92132,13.61978],[100.91193,13.60326],[100.91037,13.60162],[100.90715,13.59884]],[[100.95306,13.65863],[100.9511,13.65786],[100.94805,13.65501],[100.94448,13.65253],[100.94217,13.65054]]]}},{"type":"Feature","properties":{"id":"คลองพระยาบันลือ","name":"คลองพระยาบันลือ","kind":"canal"},"geometry":{"type":"MultiLineString","coordinates":[[[100.23461,14.17555],[100.24619,14.17375],[100.26964,14.17181],[100.28419,14.16983]],[[100.46517,14.15062],[100.46712,14.15106]],[[100.48736,14.1524],[100.48883,14.15153]],[[100.47364,14.15259],[100.47615,14.15326],[100.4819,14.15321],[100.48676,14.15278],[100.48736,14.1524]],[[100.50632,14.1518],[100.5137,14.15288]],[[100.48883,14.15153],[100.48988,14.15104],[100.4912,14.15091],[100.49295,14.15154],[100.49599,14.15146],[100.49848,14.15253],[100.50286,14.15184],[100.5048,14.15113],[100.50544,14.15164],[100.50632,14.1518]],[[100.33425,14.15939],[100.35049,14.15594]],[[100.29208,14.16857],[100.30803,14.16472],[100.33425,14.15939]],[[100.23461,14.17555],[100.21538,14.17871],[100.21262,14.17897]],[[100.28419,14.16983],[100.28683,14.16977],[100.28896,14.16941],[100.29208,14.16857]],[[100.35049,14.15594],[100.35221,14.15563],[100.38456,14.15327]],[[100.38456,14.15327],[100.45178,14.14824],[100.45444,14.1483],[100.45681,14.14863],[100.46517,14.15062]],[[100.21262,14.17897],[100.20984,14.17912],[100.20535,14.1786],[100.20276,14.17798],[100.19549,14.17533]],[[100.46712,14.15106],[100.47364,14.15259]]]}},{"type":"Feature","properties":{"id":"คลองพระยาสมุทร","name":"คลองพระยาสมุทร","kind":"canal"},"geometry":{"type":"MultiLineString","coordinates":[[[100.96101,13.63602],[100.95941,13.63232],[100.94448,13.61841],[100.93759,13.61045],[100.92999,13.60047],[100.92932,13.5997],[100.92684,13.59788],[100.92339,13.59353]]]}},{"type":"Feature","properties":{"id":"คลองพระยาสุเรนทร์","name":"คลองพระยาสุเรนทร์","kind":"canal"},"geometry":{"type":"MultiLineString","coordinates":[[[100.68977,13.93105],[100.68977,13.9294],[100.68936,13.92597],[100.68868,13.92505],[100.68854,13.92387],[100.68787,13.9229],[100.68714,13.92084],[100.68752,13.91732],[100.68683,13.91627]],[[100.68677,13.91619],[100.68543,13.9147],[100.68413,13.91404],[100.68384,13.91371],[100.68367,13.91341],[100.68361,13.91136],[100.68583,13.91024],[100.68688,13.90943],[100.68703,13.90912],[100.687,13.90786],[100.68774,13.90581],[100.68927,13.9036],[100.6902,13.90172],[100.69046,13.90048],[100.69158,13.89912],[100.69227,13.89794],[100.69231,13.89724],[100.6914,13.89051],[100.69134,13.88735],[100.69205,13.88666],[100.69065,13.88563],[100.69001,13.88458],[100.68936,13.88157],[100.68983,13.88046],[100.68986,13.87969],[100.68809,13.87874],[100.68576,13.87578],[100.68468,13.87494],[100.68439,13.87364],[100.68492,13.8715],[100.68563,13.8697],[100.6856,13.86893],[100.68416,13.86657],[100.68319,13.86233],[100.68217,13.86079],[100.68126,13.86015],[100.68023,13.85865]],[[100.68683,13.91627],[100.68677,13.91619]],[[100.68023,13.85865],[100.67741,13.85798],[100.67631,13.85744],[100.67531,13.85642]],[[100.67531,13.85642],[100.67406,13.8553],[100.67089,13.85366],[100.67069,13.85342],[100.67079,13.85276]]]}},{"type":"Feature","properties":{"id":"คลองพระยาสุเรนทร์ 1","name":"คลองพระยาสุเรนทร์ 1","kind":"canal"},"geometry":{"type":"MultiLineString","coordinates":[[[100.70057,13.8176],[100.69921,13.81697],[100.69733,13.81559],[100.69668,13.8154]]]}},{"type":"Feature","properties":{"id":"คลองพระยาสุเรนทร์ 2","name":"คลองพระยาสุเรนทร์ 2","kind":"canal"},"geometry":{"type":"MultiLineString","coordinates":[[[100.70057,13.8176],[100.70033,13.81903],[100.69751,13.82049],[100.69693,13.82035]]]}},{"type":"Feature","properties":{"id":"คลองพระยาเกษม","name":"คลองพระยาเกษม","kind":"canal"},"geometry":{"type":"MultiLineString","coordinates":[[[100.49993,13.71545],[100.50113,13.71455],[100.50074,13.7142],[100.50252,13.71179],[100.50505,13.70916]]]}},{"type":"Feature","properties":{"id":"คลองพระยาเพชร","name":"คลองพระยาเพชร","kind":"canal"},"geometry":{"type":"MultiLineString","coordinates":[[[100.84365,13.70398],[100.83874,13.69213],[100.83562,13.68643],[100.8354,13.68553],[100.83296,13.68071],[100.83272,13.67958],[100.83345,13.67527]]]}},{"type":"Feature","properties":{"id":"คลองพระราชดำริ 2","name":"คลองพระราชดำริ 2","kind":"canal"},"geometry":{"type":"MultiLineString","coordinates":[[[100.75123,13.91499],[100.75323,13.91415],[100.75417,13.91292],[100.75516,13.9121],[100.75507,13.91126],[100.75662,13.90938],[100.75886,13.90803],[100.75973,13.90776],[100.76067,13.906],[100.76206,13.90451],[100.76322,13.90236],[100.76438,13.90093],[100.76511,13.90046],[100.76691,13.89983],[100.76748,13.89904],[100.7674,13.89864],[100.76545,13.89755],[100.76515,13.89714],[100.76494,13.89611],[100.76496,13.89474],[100.76535,13.89328],[100.76496,13.89263],[100.76519,13.89134],[100.76479,13.88941],[100.76579,13.88735],[100.76587,13.88508],[100.76572,13.88342],[100.76579,13.87673],[100.76506,13.86894]]]}},{"type":"Feature","properties":{"id":"คลองพระสวัสดิ์","name":"คลองพระสวัสดิ์","kind":"canal"},"geometry":{"type":"MultiLineString","coordinates":[[[100.50014,13.76273],[100.49972,13.76194]]]}},{"type":"Feature","properties":{"id":"คลองพระองค์เจ้าไชยานุชิต","name":"คลองพระองค์เจ้าไชยานุชิต","kind":"canal"},"geometry":{"type":"MultiLineString","coordinates":[[[100.96711,13.83877],[100.96026,13.8316],[100.95772,13.82721],[100.95725,13.82275],[100.95341,13.8157],[100.95342,13.81493],[100.95547,13.80754],[100.95476,13.80473],[100.95391,13.8026],[100.9399,13.78751],[100.92518,13.77324],[100.92414,13.77141],[100.92088,13.76218],[100.92023,13.76125],[100.91455,13.7554],[100.9088,13.74894],[100.89183,13.73074],[100.88696,13.72522],[100.88322,13.71842],[100.88243,13.71533],[100.88018,13.71208],[100.87671,13.70496],[100.86361,13.68787],[100.86333,13.68715],[100.86357,13.68549],[100.86996,13.67155],[100.86996,13.67004],[100.86965,13.66944],[100.86617,13.66489]],[[100.86594,13.66416],[100.86543,13.66065],[100.86525,13.6537],[100.86491,13.65229],[100.86294,13.64903],[100.8619,13.64659],[100.86247,13.64167],[100.8623,13.64084],[100.86066,13.63832],[100.8598,13.63383],[100.85765,13.62732],[100.85711,13.62329],[100.85657,13.62137],[100.85622,13.62081],[100.85343,13.61904],[100.85302,13.61844],[100.85123,13.61312],[100.85123,13.60753],[100.85096,13.60488],[100.85162,13.60332],[100.85258,13.60216],[100.85326,13.60063],[100.85297,13.59888],[100.85156,13.59448],[100.85157,13.5939],[100.85348,13.58981],[100.85358,13.58869],[100.85329,13.58644],[100.85187,13.58321],[100.85092,13.58173],[100.84967,13.57902],[100.84964,13.57737]],[[100.86617,13.66489],[100.86594,13.66416]]]}},{"type":"Feature","properties":{"id":"คลองพระอุดม","name":"คลองพระอุดม","kind":"canal"},"geometry":{"type":"MultiLineString","coordinates":[[[100.4697,13.93924],[100.46969,13.94018],[100.46916,13.94123],[100.46893,13.94351],[100.46789,13.94481],[100.46828,13.94887],[100.46775,13.95266],[100.46715,13.9544],[100.46602,13.95579],[100.46573,13.95696],[100.46573,13.9581],[100.46444,13.9598],[100.46359,13.9602]],[[100.48704,14.14909],[100.48764,14.14536],[100.48632,14.14319],[100.48499,14.1417],[100.48462,14.14037],[100.4835,14.13952],[100.48336,14.13822],[100.48232,14.13768],[100.4783,14.13143],[100.47805,14.12879],[100.47684,14.12748],[100.47291,14.1172],[100.47022,14.11257]],[[100.45214,14.08726],[100.45096,14.07682]],[[100.47989,13.91641],[100.48091,13.91768],[100.48161,13.91809],[100.48188,13.91864],[100.4821,13.92129],[100.48245,13.9228],[100.48149,13.92411],[100.47991,13.92502],[100.47836,13.92658],[100.47828,13.92736],[100.47709,13.92931],[100.47534,13.93058],[100.47543,13.93223],[100.47522,13.93338],[100.47485,13.93412],[100.47259,13.93784],[100.47224,13.93826],[100.47109,13.93887]],[[100.47109,13.93887],[100.4697,13.93924]],[[100.43776,13.97915],[100.45262,13.96794]],[[100.45262,13.96794],[100.45556,13.96586],[100.45888,13.96212]],[[100.45096,14.07682],[100.44694,14.04774],[100.44629,14.0449],[100.44349,14.04041]],[[100.44349,14.04041],[100.44301,14.03613],[100.44327,14.02463],[100.4426,14.01886]],[[100.4426,14.01886],[100.44227,14.0167]],[[100.44227,14.0167],[100.43921,13.99567]],[[100.43921,13.99567],[100.43704,13.98112],[100.43719,13.98006],[100.43776,13.97915]],[[100.47022,14.11257],[100.46957,14.11158]],[[100.46957,14.11158],[100.46449,14.10575],[100.45447,14.09105],[100.45214,14.08726]],[[100.46359,13.9602],[100.46176,13.96057],[100.45935,13.96165],[100.45888,13.96212]]]}},{"type":"Feature","properties":{"id":"คลองพระโขนง","name":"คลองพระโขนง","kind":"canal"},"geometry":{"type":"MultiLineString","coordinates":[[[100.60173,13.712],[100.60161,13.7113],[100.6012,13.71113],[100.59968,13.71186],[100.59824,13.71214],[100.59788,13.71192],[100.5969,13.71035],[100.5961,13.70991],[100.59222,13.70874],[100.5913,13.70776],[100.59024,13.70597],[100.58956,13.70544],[100.58806,13.7051]],[[100.58806,13.7051],[100.58107,13.70354],[100.58066,13.70282],[100.58086,13.70115],[100.58018,13.69911]],[[100.5969,13.71035],[100.59646,13.7092],[100.59608,13.70895],[100.59378,13.70921]],[[100.63461,13.71476],[100.63368,13.7149],[100.63267,13.71459],[100.63165,13.715],[100.62945,13.71544],[100.62813,13.71499],[100.62797,13.71434],[100.62568,13.71233],[100.62473,13.7129],[100.6241,13.7147],[100.62248,13.71445],[100.62231,13.71433],[100.62211,13.71319],[100.62142,13.71235],[100.62139,13.71025],[100.62095,13.71028],[100.61991,13.71141],[100.61925,13.71149],[100.61883,13.71132],[100.61801,13.71036],[100.61636,13.7098],[100.61597,13.71004],[100.61576,13.71046],[100.61644,13.71143],[100.61571,13.7129],[100.61493,13.71331],[100.61348,13.7126],[100.61245,13.71294],[100.61208,13.71554],[100.60785,13.71589],[100.60701,13.71573],[100.60628,13.71516]],[[100.60628,13.71516],[100.60577,13.71436],[100.60533,13.7141],[100.60216,13.71342],[100.6019,13.71302],[100.60173,13.712]],[[100.63927,13.71492],[100.63599,13.71454],[100.63461,13.71476]]]}},{"type":"Feature","properties":{"id":"คลองพระโขนงเก่า","name":"คลองพระโขนงเก่า","kind":"canal"},"geometry":{"type":"MultiLineString","coordinates":[[[100.65024,13.71286],[100.64909,13.71297],[100.64816,13.71231],[100.64783,13.7123],[100.64701,13.71284],[100.64589,13.71298],[100.64563,13.71346],[100.64496,13.71394],[100.64006,13.71407],[100.63934,13.71424],[100.63927,13.71492]]]}},{"type":"Feature","properties":{"id":"คลองพลับพลา","name":"คลองพลับพลา","kind":"canal"},"geometry":{"type":"MultiLineString","coordinates":[[[100.59465,13.76414],[100.59541,13.76386],[100.59671,13.76297],[100.59823,13.76146],[100.60108,13.75932],[100.60735,13.75406]]]}},{"type":"Feature","properties":{"id":"คลองพังพวย","name":"คลองพังพวย","kind":"canal"},"geometry":{"type":"MultiLineString","coordinates":[[[100.77476,13.8141],[100.7748,13.81229],[100.77575,13.81029],[100.77539,13.80876],[100.77541,13.80526],[100.77422,13.80379],[100.77339,13.80209],[100.77301,13.80073],[100.77326,13.79783],[100.77426,13.79282],[100.7747,13.78829],[100.77567,13.78477],[100.77671,13.78318]],[[100.77671,13.78318],[100.77787,13.7824],[100.78097,13.78216],[100.78267,13.78174]]]}},{"type":"Feature","properties":{"id":"คลองพิทยาลงกรณ์","name":"คลองพิทยาลงกรณ์","kind":"canal"},"geometry":{"type":"MultiLineString","coordinates":[[[100.27537,13.5143],[100.27661,13.515],[100.27744,13.51516],[100.27963,13.51337],[100.28063,13.51305],[100.28167,13.51301],[100.39423,13.5139],[100.39746,13.5142],[100.39959,13.51479],[100.40276,13.51624],[100.40662,13.51837]],[[100.40662,13.51837],[100.40698,13.51858]],[[100.40698,13.51858],[100.43248,13.53319],[100.44484,13.54008],[100.4466,13.54089]]]}},{"type":"Feature","properties":{"id":"คลองพิมพ์เสงี่ยม","name":"คลองพิมพ์เสงี่ยม","kind":"canal"},"geometry":{"type":"MultiLineString","coordinates":[[[100.37212,13.63715],[100.37353,13.6322],[100.38007,13.62302]]]}},{"type":"Feature","properties":{"id":"คลองภายใน","name":"คลองภายใน","kind":"canal"},"geometry":{"type":"MultiLineString","coordinates":[[[100.79253,13.77351],[100.78079,13.77332]]]}},{"type":"Feature","properties":{"id":"คลองภาษีเจริญ","name":"คลองภาษีเจริญ","kind":"canal"},"geometry":{"type":"MultiLineString","coordinates":[[[100.45833,13.71865],[100.37886,13.69079],[100.35287,13.68211],[100.33759,13.67738]],[[100.33604,13.67695],[100.33759,13.67738]],[[100.47048,13.72303],[100.46948,13.72252],[100.45833,13.71865]],[[100.33604,13.67695],[100.30994,13.66933],[100.28142,13.66071],[100.23099,13.64445]]]}},{"type":"Feature","properties":{"id":"คลองภูมิ","name":"คลองภูมิ","kind":"canal"},"geometry":{"type":"MultiLineString","coordinates":[[[100.53931,13.68503],[100.54105,13.68335],[100.54417,13.68185],[100.54541,13.6818],[100.54597,13.68158],[100.54626,13.68171],[100.54728,13.68145],[100.54839,13.68155],[100.55174,13.68064]]]}},{"type":"Feature","properties":{"id":"คลองมหาชัย","name":"คลองมหาชัย","kind":"canal"},"geometry":{"type":"MultiLineString","coordinates":[[[100.38433,13.589],[100.37373,13.58474],[100.36999,13.58381],[100.36474,13.58135],[100.35991,13.58],[100.35638,13.57798],[100.35036,13.57652],[100.34903,13.57588],[100.34632,13.5741],[100.34222,13.57332],[100.34064,13.57277],[100.3363,13.57042],[100.31314,13.5606],[100.31041,13.55986],[100.30471,13.55733],[100.30128,13.55554],[100.29425,13.55229],[100.28887,13.55001],[100.28512,13.54809],[100.27717,13.54463],[100.27579,13.54435],[100.27462,13.54368],[100.27437,13.54293]]]}},{"type":"Feature","properties":{"id":"คลองมหาชื้น","name":"คลองมหาชื้น","kind":"canal"},"geometry":{"type":"MultiLineString","coordinates":[[[100.78472,13.59358],[100.78219,13.58534],[100.78171,13.58484],[100.78004,13.5846],[100.77985,13.58439],[100.77914,13.58134],[100.77872,13.57768],[100.77751,13.57166]]]}},{"type":"Feature","properties":{"id":"คลองมหานาค","name":"คลองมหานาค","kind":"canal"},"geometry":{"type":"MultiLineString","coordinates":[[[100.51735,13.7531],[100.50851,13.75482],[100.50601,13.75549]]]}},{"type":"Feature","properties":{"id":"คลองมหาวงษ์","name":"คลองมหาวงษ์","kind":"canal"},"geometry":{"type":"MultiLineString","coordinates":[[[100.61303,13.63157],[100.61359,13.63042],[100.61373,13.62941],[100.61345,13.62352],[100.61266,13.62033],[100.61174,13.61774],[100.60993,13.61368],[100.60857,13.61182],[100.60788,13.61117],[100.60167,13.60611],[100.60082,13.60587],[100.59929,13.60479],[100.59817,13.60442],[100.59813,13.60385],[100.5974,13.60375],[100.59736,13.60342],[100.59639,13.6033],[100.59579,13.60248],[100.59249,13.60175]],[[100.61212,13.63326],[100.61303,13.63157]],[[100.61052,13.63888],[100.60935,13.63684],[100.61212,13.63326]]]}},{"type":"Feature","properties":{"id":"คลองมหาศร","name":"คลองมหาศร","kind":"canal"},"geometry":{"type":"MultiLineString","coordinates":[[[100.3473,13.69174],[100.34725,13.69058],[100.34764,13.68916],[100.34779,13.6876],[100.34894,13.68615],[100.34938,13.68481],[100.34918,13.68372],[100.35049,13.68136]],[[100.34615,13.69946],[100.3468,13.69573],[100.34734,13.69412],[100.34747,13.69313],[100.3473,13.69174]],[[100.34615,13.69946],[100.345,13.70205],[100.34505,13.70267],[100.3456,13.70392],[100.342,13.71189],[100.3399,13.72117],[100.33902,13.7294],[100.33906,13.73639]]]}},{"type":"Feature","properties":{"id":"คลองมหาสวัสดิ์","name":"คลองมหาสวัสดิ์","kind":"canal"},"geometry":{"type":"MultiLineString","coordinates":[[[100.22365,13.81155],[100.25865,13.80872],[100.29907,13.80576],[100.32126,13.80442],[100.32788,13.80418]],[[100.32788,13.80418],[100.34168,13.80349],[100.37078,13.80262]],[[100.43918,13.79958],[100.45885,13.79826],[100.464,13.79721],[100.46533,13.79669]],[[100.41522,13.80116],[100.42617,13.8005]],[[100.42617,13.8005],[100.43918,13.79958]],[[100.39881,13.80181],[100.41016,13.80132]],[[100.41104,13.8013],[100.41522,13.80116]],[[100.46533,13.79669],[100.46972,13.79476]],[[100.41016,13.80132],[100.41104,13.8013]],[[100.22543,13.81142],[100.22615,13.81211],[100.22667,13.81223],[100.22808,13.81204],[100.22898,13.81114]],[[100.37379,13.80253],[100.39881,13.80181]],[[100.37078,13.80262],[100.37379,13.80253]]]}},{"type":"Feature","properties":{"id":"คลองมอญ","name":"คลองมอญ","kind":"canal"},"geometry":{"type":"MultiLineString","coordinates":[[[100.50426,13.80196],[100.50485,13.80106],[100.5087,13.79889],[100.50908,13.79908],[100.51054,13.79788],[100.5143,13.79586]],[[100.47028,13.74309],[100.47409,13.74368],[100.47546,13.74464],[100.47703,13.74402],[100.47821,13.74637],[100.47947,13.74594],[100.48148,13.74601],[100.48429,13.74681]],[[100.83892,13.72413],[100.83198,13.72662],[100.83163,13.72713],[100.82952,13.72795],[100.79463,13.74023]],[[100.46197,13.74439],[100.46284,13.74423],[100.46445,13.74332],[100.46523,13.74336],[100.46651,13.74292],[100.47028,13.74309]],[[100.48429,13.74681],[100.48821,13.74813]]]}},{"type":"Feature","properties":{"id":"คลองมอญประดิษฐ์","name":"คลองมอญประดิษฐ์","kind":"canal"},"geometry":{"type":"MultiLineString","coordinates":[[[100.40183,13.72342],[100.40184,13.72598],[100.40154,13.72974]]]}},{"type":"Feature","properties":{"id":"คลองมะขาม","name":"คลองมะขาม","kind":"canal"},"geometry":{"type":"MultiLineString","coordinates":[[[100.55741,14.06445],[100.55898,14.06325],[100.56514,14.06033]]]}},{"type":"Feature","properties":{"id":"คลองมะขามเทศ","name":"คลองมะขามเทศ","kind":"canal"},"geometry":{"type":"MultiLineString","coordinates":[[[100.65294,13.70004],[100.65803,13.70045],[100.6602,13.70034],[100.66125,13.69997],[100.66313,13.69993],[100.66858,13.70031],[100.67427,13.7004],[100.67478,13.70017]],[[100.67478,13.70017],[100.67529,13.70039],[100.67664,13.70049],[100.684,13.70074],[100.68465,13.70044],[100.68586,13.7048],[100.68615,13.70495]],[[100.68615,13.70495],[100.6863,13.7058]]]}},{"type":"Feature","properties":{"id":"คลองมะดัน","name":"คลองมะดัน","kind":"canal"},"geometry":{"type":"MultiLineString","coordinates":[[[100.58933,14.06179],[100.59065,14.06123],[100.59127,14.0612],[100.59165,14.06138],[100.59186,14.0618],[100.59145,14.06319],[100.59155,14.06341],[100.59232,14.0634],[100.59324,14.06299],[100.59395,14.06153],[100.59519,14.06113],[100.5957,14.06116],[100.59618,14.06149],[100.59671,14.0633],[100.59725,14.06344],[100.59763,14.06321],[100.59775,14.06243],[100.5981,14.06193],[100.59903,14.06179],[100.59919,14.06206],[100.59911,14.06356],[100.59931,14.06384],[100.60019,14.06379],[100.60124,14.06273],[100.60536,14.06487],[100.61049,14.06481],[100.61648,14.06337],[100.62028,14.06325]]]}},{"type":"Feature","properties":{"id":"คลองมะนาว","name":"คลองมะนาว","kind":"canal"},"geometry":{"type":"MultiLineString","coordinates":[[[100.50237,13.79272],[100.50416,13.79505]]]}},{"type":"Feature","properties":{"id":"คลองมะละกอ","name":"คลองมะละกอ","kind":"canal"},"geometry":{"type":"MultiLineString","coordinates":[[[100.83305,13.75622],[100.83299,13.75472],[100.83243,13.75269],[100.83254,13.75106],[100.83166,13.74972],[100.83039,13.74892],[100.82728,13.74841],[100.82611,13.74724],[100.82614,13.74554],[100.82657,13.74356]]]}},{"type":"Feature","properties":{"id":"คลองมะละกอเหนือ","name":"คลองมะละกอเหนือ","kind":"canal"},"geometry":{"type":"MultiLineString","coordinates":[[[100.83215,13.76748],[100.83145,13.76651],[100.83089,13.76495],[100.83079,13.76322],[100.83173,13.75955],[100.83175,13.75811],[100.83223,13.75681],[100.83305,13.75622]]]}},{"type":"Feature","properties":{"id":"คลองมะสง","name":"คลองมะสง","kind":"canal"},"geometry":{"type":"MultiLineString","coordinates":[[[100.2785,13.90814],[100.28625,13.91208],[100.28651,13.91203],[100.28687,13.9106],[100.29143,13.91153],[100.29702,13.91304],[100.30093,13.9136],[100.30103,13.91407],[100.30074,13.91469],[100.30022,13.91939],[100.30039,13.91958]],[[100.30039,13.91958],[100.30789,13.92307]],[[100.30789,13.92307],[100.31153,13.92493],[100.31672,13.93098],[100.32465,13.94152],[100.33038,13.94529],[100.33731,13.95043],[100.3432,13.95836]]]}},{"type":"Feature","properties":{"id":"คลองมะเดื่อ","name":"คลองมะเดื่อ","kind":"canal"},"geometry":{"type":"MultiLineString","coordinates":[[[100.26938,13.64919],[100.26879,13.64866],[100.26876,13.64833]],[[100.27001,13.65005],[100.26944,13.64929]],[[100.26944,13.64929],[100.26938,13.64919]]]}},{"type":"Feature","properties":{"id":"คลองมานะจิตต์","name":"คลองมานะจิตต์","kind":"canal"},"geometry":{"type":"MultiLineString","coordinates":[[[100.50335,13.79015],[100.50678,13.78752]]]}},{"type":"Feature","properties":{"id":"คลองยง","name":"คลองยง","kind":"canal"},"geometry":{"type":"MultiLineString","coordinates":[[[100.61862,13.57427],[100.61843,13.5743],[100.61763,13.57343],[100.61754,13.57264],[100.61785,13.57208],[100.6176,13.57172],[100.61778,13.5714],[100.6175,13.57102],[100.61768,13.57049],[100.6173,13.57026],[100.61737,13.5695],[100.61711,13.56933],[100.61733,13.56902],[100.61669,13.56902],[100.61694,13.56853],[100.6165,13.56863],[100.61627,13.56831],[100.61657,13.56808],[100.61703,13.56698],[100.61706,13.56639],[100.61687,13.56553],[100.61665,13.56533],[100.61671,13.56495],[100.6163,13.56478],[100.61577,13.56418],[100.61438,13.5619],[100.61272,13.56036],[100.61181,13.55998]]]}},{"type":"Feature","properties":{"id":"คลองยม","name":"คลองยม","kind":"canal"},"geometry":{"type":"MultiLineString","coordinates":[[[100.28102,13.55887],[100.28096,13.55808],[100.28016,13.55789],[100.28,13.55734]],[[100.27869,13.55634],[100.27754,13.55521],[100.27715,13.55449],[100.27723,13.55416],[100.27633,13.55371],[100.27668,13.55334],[100.27691,13.55337],[100.27734,13.55244],[100.27771,13.55247],[100.27825,13.55211],[100.27779,13.55069]],[[100.27869,13.55634],[100.27878,13.55645]],[[100.27909,13.55673],[100.27878,13.55645]],[[100.27909,13.55673],[100.27927,13.55677]],[[100.27994,13.55724],[100.27966,13.55675],[100.27927,13.55677]],[[100.27994,13.55724],[100.28,13.55734]],[[100.281,13.55897],[100.28097,13.55909]],[[100.28102,13.55887],[100.281,13.55897]],[[100.27764,13.55031],[100.27711,13.54978],[100.27713,13.5495]],[[100.27764,13.55031],[100.27779,13.55069]],[[100.27916,13.5473],[100.27925,13.54704],[100.28054,13.54783],[100.28108,13.54783],[100.28161,13.54745],[100.28231,13.54745],[100.28242,13.5472]],[[100.27867,13.5482],[100.27917,13.54782]],[[100.27918,13.54772],[100.27909,13.54756]],[[100.27833,13.54839],[100.2781,13.54855]],[[100.27801,13.54874],[100.27775,13.54882]],[[100.2781,13.54855],[100.27801,13.54874]]]}},{"type":"Feature","properties":{"id":"คลองยายกลิ้ง","name":"คลองยายกลิ้ง","kind":"canal"},"geometry":{"type":"MultiLineString","coordinates":[[[100.25627,14.17289],[100.25612,14.17482],[100.25533,14.17902],[100.2564,14.17903],[100.25668,14.17923],[100.25949,14.19049],[100.2593,14.19125],[100.26061,14.1947],[100.26049,14.19591],[100.26135,14.20048],[100.26083,14.20197]]]}},{"type":"Feature","properties":{"id":"คลองยายขาบ","name":"คลองยายขาบ","kind":"canal"},"geometry":{"type":"MultiLineString","coordinates":[[[100.57163,13.70278],[100.57018,13.69849],[100.56975,13.69803],[100.57037,13.69766],[100.57017,13.69728],[100.57057,13.69702],[100.57016,13.69669],[100.57041,13.69643],[100.57014,13.69612],[100.57041,13.69571],[100.57009,13.69529],[100.57016,13.69481],[100.56965,13.69466],[100.56924,13.69387],[100.56929,13.69333],[100.56804,13.69221],[100.56795,13.69198],[100.56809,13.69189]]]}},{"type":"Feature","properties":{"id":"คลองยายจำปี","name":"คลองยายจำปี","kind":"canal"},"geometry":{"type":"MultiLineString","coordinates":[[[100.47559,13.66351],[100.48206,13.66473]]]}},{"type":"Feature","properties":{"id":"คลองยายดี","name":"คลองยายดี","kind":"canal"},"geometry":{"type":"MultiLineString","coordinates":[[[100.2807,13.57295],[100.28125,13.57274],[100.28332,13.57085],[100.28587,13.56905],[100.28631,13.56852],[100.28651,13.56744],[100.2872,13.56572],[100.28815,13.56532],[100.28787,13.56431],[100.28461,13.56465],[100.28552,13.56059],[100.28483,13.5604]],[[100.28322,13.55978],[100.27907,13.55868]],[[100.28331,13.55982],[100.28322,13.55978]],[[100.28472,13.56037],[100.28331,13.55982]],[[100.28483,13.5604],[100.28472,13.56037]]]}},{"type":"Feature","properties":{"id":"คลองยายพรุ้น","name":"คลองยายพรุ้น","kind":"canal"},"geometry":{"type":"MultiLineString","coordinates":[[[100.37394,13.75353],[100.37354,13.75121],[100.3731,13.7505],[100.37301,13.74985],[100.3732,13.7492],[100.37614,13.74396],[100.37631,13.73948]]]}},{"type":"Feature","properties":{"id":"คลองยายวี","name":"คลองยายวี","kind":"canal"},"geometry":{"type":"MultiLineString","coordinates":[[[100.47522,13.66488],[100.46909,13.6636]]]}},{"type":"Feature","properties":{"id":"คลองยายสา","name":"คลองยายสา","kind":"canal"},"geometry":{"type":"MultiLineString","coordinates":[[[100.29339,13.76411],[100.29329,13.76215],[100.29382,13.76216],[100.2951,13.76079],[100.29555,13.76088],[100.29637,13.75986],[100.29704,13.76007],[100.29838,13.75824],[100.29946,13.75773],[100.29997,13.75791],[100.30234,13.75629],[100.30364,13.7566],[100.3058,13.75452],[100.30547,13.75375],[100.30563,13.75237],[100.30669,13.75111],[100.30717,13.75016],[100.30733,13.74919],[100.30826,13.74771],[100.31043,13.74559],[100.31315,13.74022]]]}},{"type":"Feature","properties":{"id":"คลองยายสุ่น","name":"คลองยายสุ่น","kind":"canal"},"geometry":{"type":"MultiLineString","coordinates":[[[100.57004,13.76916],[100.56961,13.76882],[100.56934,13.7682],[100.56883,13.76611],[100.56884,13.76522],[100.56852,13.76432]],[[100.56825,13.76331],[100.56704,13.75966],[100.5663,13.75628]],[[100.56852,13.76432],[100.56825,13.76331]],[[100.57009,13.7705],[100.57023,13.76968],[100.57007,13.76923]],[[100.57007,13.76923],[100.57004,13.76916]]]}},{"type":"Feature","properties":{"id":"คลองยายส่อน","name":"คลองยายส่อน","kind":"canal"},"geometry":{"type":"MultiLineString","coordinates":[[[100.39881,13.80181],[100.39744,13.80422],[100.39589,13.80826]]]}},{"type":"Feature","properties":{"id":"คลองยายหรั่ง","name":"คลองยายหรั่ง","kind":"canal"},"geometry":{"type":"MultiLineString","coordinates":[[[100.54786,13.68901],[100.5495,13.68906],[100.55254,13.68872]],[[100.5459,13.68935],[100.54739,13.68911]],[[100.54763,13.68905],[100.54786,13.68901]],[[100.54742,13.6891],[100.54761,13.68906]],[[100.54739,13.68911],[100.54742,13.6891]],[[100.54761,13.68906],[100.54763,13.68905]],[[100.54466,13.68974],[100.54579,13.68938]],[[100.54579,13.68938],[100.5459,13.68935]]]}},{"type":"Feature","properties":{"id":"คลองยายหอม","name":"คลองยายหอม","kind":"canal"},"geometry":{"type":"MultiLineString","coordinates":[[[100.53493,14.11572],[100.53487,14.11557]],[[100.53627,14.11813],[100.53588,14.11682],[100.53532,14.11653],[100.53493,14.11572]],[[100.51114,14.10299],[100.51266,14.0998]],[[100.51149,14.1036],[100.51113,14.10345]],[[100.51113,14.10345],[100.51098,14.10332],[100.51114,14.10299]],[[100.53487,14.11557],[100.53465,14.11528]],[[100.53358,14.11456],[100.53284,14.11415],[100.53255,14.11368],[100.53311,14.11287],[100.53298,14.11228],[100.53265,14.11252],[100.53174,14.11237],[100.53144,14.11211],[100.53013,14.11168],[100.52697,14.1098]],[[100.51382,14.10505],[100.51383,14.10466],[100.51361,14.10446],[100.51149,14.1036]],[[100.52697,14.1098],[100.52232,14.10752],[100.52142,14.10758],[100.51944,14.10691],[100.51811,14.10694],[100.51589,14.10649],[100.51393,14.1056],[100.51382,14.10505]]]}},{"type":"Feature","properties":{"id":"คลองยายเทียบ","name":"คลองยายเทียบ","kind":"canal"},"geometry":{"type":"MultiLineString","coordinates":[[[100.41795,13.70781],[100.41784,13.71578]]]}},{"type":"Feature","properties":{"id":"คลองยายเพียร","name":"คลองยายเพียร","kind":"canal"},"geometry":{"type":"MultiLineString","coordinates":[[[100.43181,13.70932],[100.43265,13.71579]],[[100.42374,13.59159],[100.42798,13.59192],[100.43003,13.59272],[100.43021,13.59315],[100.43419,13.59376],[100.43569,13.59356],[100.44524,13.59393],[100.44891,13.59305],[100.44928,13.59289],[100.44939,13.59232]],[[100.43132,13.60301],[100.43026,13.61003],[100.42892,13.61073],[100.42596,13.61467]]]}},{"type":"Feature","properties":{"id":"คลองยายเหมือน","name":"คลองยายเหมือน","kind":"canal"},"geometry":{"type":"MultiLineString","coordinates":[[[100.34057,13.86393],[100.3409,13.86264],[100.34142,13.86252],[100.34204,13.85914],[100.34274,13.85856],[100.34294,13.85424],[100.34383,13.8526],[100.3441,13.85069],[100.34521,13.84875],[100.34716,13.84331],[100.34732,13.84249],[100.34718,13.84192],[100.34769,13.84031]]]}},{"type":"Feature","properties":{"id":"คลองยายแสง","name":"คลองยายแสง","kind":"canal"},"geometry":{"type":"MultiLineString","coordinates":[[[100.56017,13.63781],[100.55373,13.63492],[100.55364,13.63566],[100.55321,13.6356],[100.55247,13.63525],[100.55149,13.63403],[100.55108,13.63377],[100.54688,13.63184]],[[100.50823,13.60841],[100.50591,13.60559],[100.50449,13.6042],[100.50177,13.60289]],[[100.54688,13.63184],[100.54543,13.63118],[100.54529,13.63088],[100.54491,13.6309],[100.54449,13.62998],[100.54294,13.62994],[100.54119,13.62885]]]}},{"type":"Feature","properties":{"id":"คลองยายไฝ","name":"คลองยายไฝ","kind":"canal"},"geometry":{"type":"MultiLineString","coordinates":[[[100.86511,13.54049],[100.87698,13.53862]]]}},{"type":"Feature","properties":{"id":"คลองยาว","name":"คลองยาว","kind":"canal"},"geometry":{"type":"MultiLineString","coordinates":[[[100.25549,13.79774],[100.25573,13.79741],[100.25414,13.79622],[100.25313,13.79234],[100.25183,13.79024],[100.25169,13.78945],[100.25188,13.78605],[100.25187,13.78487],[100.25167,13.7842],[100.25194,13.78319],[100.25212,13.77968],[100.2508,13.77275],[100.25052,13.76839],[100.25092,13.76724],[100.25109,13.76588]]]}},{"type":"Feature","properties":{"id":"คลองยี่สิบ","name":"คลองยี่สิบ","kind":"canal"},"geometry":{"type":"MultiLineString","coordinates":[[[100.85916,13.70582],[100.87212,13.69984],[100.87246,13.6995]]]}},{"type":"Feature","properties":{"id":"คลองยี่สิบหก","name":"คลองยี่สิบหก","kind":"canal"},"geometry":{"type":"MultiLineString","coordinates":[[[100.67323,14.20472],[100.61949,14.17629]]]}},{"type":"Feature","properties":{"id":"คลองยี่สิบเก้า","name":"คลองยี่สิบเก้า","kind":"canal"},"geometry":{"type":"MultiLineString","coordinates":[[[100.94344,14.12594],[100.94429,14.12654],[100.96048,14.13376],[100.98359,14.14621]]]}},{"type":"Feature","properties":{"id":"คลองย่างกระบือ","name":"คลองย่างกระบือ","kind":"canal"},"geometry":{"type":"MultiLineString","coordinates":[[[100.44077,13.58495],[100.44136,13.58528],[100.44241,13.58481],[100.44371,13.58473],[100.44471,13.58418],[100.4455,13.58411],[100.446,13.58385],[100.4465,13.58392]]]}},{"type":"Feature","properties":{"id":"คลองย่างซื่อ","name":"คลองย่างซื่อ","kind":"canal"},"geometry":{"type":"MultiLineString","coordinates":[[[100.1742,13.53997],[100.17521,13.53987],[100.17613,13.53883],[100.19763,13.53081],[100.1988,13.53097],[100.21116,13.53641],[100.21152,13.54009],[100.21227,13.56293],[100.21212,13.56387]]]}},{"type":"Feature","properties":{"id":"คลองรอบกรุง","name":"คลองรอบกรุง","kind":"canal"},"geometry":{"type":"MultiLineString","coordinates":[[[100.50315,13.74478],[100.50074,13.74112]],[[100.5057,13.7562],[100.50415,13.75902],[100.4974,13.76342],[100.49459,13.76553]],[[100.50413,13.74772],[100.50445,13.74909]],[[100.50413,13.74772],[100.50353,13.74539],[100.50315,13.74478]],[[100.50553,13.75379],[100.50601,13.75549]],[[100.50445,13.74909],[100.50457,13.74965]],[[100.50457,13.74965],[100.50553,13.75379]],[[100.5005,13.74057],[100.49987,13.73871]],[[100.50074,13.74112],[100.5005,13.74057]],[[100.50601,13.75549],[100.5057,13.7562]]]}},{"type":"Feature","properties":{"id":"คลองระบายขุดใหม่","name":"คลองระบายขุดใหม่","kind":"canal"},"geometry":{"type":"MultiLineString","coordinates":[[[100.82795,13.52317],[100.82337,13.51736],[100.82167,13.51598],[100.82054,13.51548]]]}},{"type":"Feature","properties":{"id":"คลองระบายน้ำสุวรรณภูมิ","name":"คลองระบายน้ำสุวรรณภูมิ","kind":"canal"},"geometry":{"type":"MultiLineString","coordinates":[[[100.74477,13.50676],[100.74429,13.50414],[100.74367,13.5034]],[[100.76221,13.59761],[100.76203,13.59289],[100.7614,13.59048],[100.76034,13.58823],[100.75957,13.58598],[100.74482,13.50708]],[[100.74367,13.5034],[100.74332,13.50031]],[[100.74482,13.50708],[100.74477,13.50676]]]}},{"type":"Feature","properties":{"id":"คลองระพีพัฒน์แยกตก","name":"คลองระพีพัฒน์แยกตก","kind":"canal"},"geometry":{"type":"MultiLineString","coordinates":[[[100.62259,14.14462],[100.61973,14.14311]],[[100.73181,14.19997],[100.72087,14.19464]],[[100.67132,14.17018],[100.65246,14.16023]],[[100.74339,14.20554],[100.73181,14.19997]],[[100.72087,14.19464],[100.69869,14.18429]],[[100.69869,14.18429],[100.69333,14.18175],[100.67439,14.17179]],[[100.67439,14.17179],[100.67132,14.17018]],[[100.65246,14.16023],[100.63098,14.149]],[[100.63098,14.149],[100.62259,14.14462]]]}},{"type":"Feature","properties":{"id":"คลองระหัส","name":"คลองระหัส","kind":"canal"},"geometry":{"type":"MultiLineString","coordinates":[[[100.67372,13.7946],[100.67447,13.79056],[100.67502,13.78907],[100.67655,13.78664]],[[100.66491,13.80454],[100.66867,13.80561],[100.66971,13.80254],[100.67119,13.8],[100.67241,13.79838],[100.67354,13.79621],[100.67372,13.7946]],[[100.67655,13.78664],[100.67863,13.78296]]]}},{"type":"Feature","properties":{"id":"คลองระหาญ","name":"คลองระหาญ","kind":"canal"},"geometry":{"type":"MultiLineString","coordinates":[[[100.38781,13.63883],[100.38801,13.63697],[100.38852,13.63643],[100.38906,13.63164],[100.38849,13.63058],[100.38864,13.62623],[100.38795,13.62227],[100.38843,13.62113],[100.38857,13.61888],[100.38913,13.61767],[100.38973,13.6153],[100.39089,13.61294],[100.39137,13.61095],[100.39237,13.60946],[100.39305,13.60803],[100.39377,13.60715],[100.39398,13.60608],[100.39351,13.60529],[100.39796,13.59923],[100.39966,13.59759],[100.39981,13.5966]]]}},{"type":"Feature","properties":{"id":"คลองระแหง","name":"คลองระแหง","kind":"canal"},"geometry":{"type":"MultiLineString","coordinates":[[[100.33478,14.07718],[100.33927,14.07653],[100.34187,14.07483],[100.34515,14.07306],[100.34828,14.06912],[100.34984,14.06791],[100.35069,14.06677],[100.35323,14.06449],[100.35912,14.06082],[100.3852,14.05793],[100.39777,14.05594]],[[100.39777,14.05594],[100.3986,14.05511],[100.39934,14.05395],[100.4002,14.05316],[100.40049,14.0531],[100.40124,14.0534],[100.40205,14.0541],[100.403,14.05379],[100.40569,14.05222],[100.40846,14.0514],[100.41075,14.05005],[100.41174,14.0492],[100.41283,14.04769],[100.41499,14.04569],[100.41748,14.04541],[100.41772,14.04491],[100.41876,14.0444]],[[100.41876,14.0444],[100.42384,14.0347],[100.42623,14.03299],[100.42898,14.03151],[100.44332,14.02651]]]}},{"type":"Feature","properties":{"id":"คลองรังสิตประยูรศักดิ์","name":"คลองรังสิตประยูรศักดิ์","kind":"canal"},"geometry":{"type":"MultiLineString","coordinates":[[[100.63617,13.98829],[100.62075,13.98488],[100.60947,13.98211],[100.6083,13.98198],[100.60772,13.98168],[100.60068,13.97985],[100.54399,13.96572],[100.53613,13.96341]],[[100.68749,13.99984],[100.66861,13.99556],[100.65536,13.99301],[100.64519,13.9903],[100.63617,13.98829]],[[100.7323,14.01882],[100.68749,13.99984]],[[101.00179,14.12408],[100.99965,14.12201],[100.99774,14.12057],[100.98216,14.11203],[100.97018,14.10601],[100.95979,14.10112],[100.95451,14.09879],[100.9446,14.0948],[100.93126,14.08965],[100.82575,14.05284],[100.75605,14.02888],[100.7323,14.01882]]]}},{"type":"Feature","properties":{"id":"คลองราง","name":"คลองราง","kind":"canal"},"geometry":{"type":"MultiLineString","coordinates":[[[100.42684,13.57986],[100.42884,13.57603],[100.42944,13.57528],[100.43059,13.57542],[100.43221,13.57241],[100.43312,13.57251],[100.43304,13.57337],[100.43418,13.57432]],[[100.42468,13.57364],[100.4257,13.57372],[100.42639,13.57335],[100.4273,13.57348],[100.42773,13.5725],[100.42983,13.57284],[100.43046,13.57253],[100.43193,13.57276]]]}},{"type":"Feature","properties":{"id":"คลองรางขมิ้น","name":"คลองรางขมิ้น","kind":"canal"},"geometry":{"type":"MultiLineString","coordinates":[[[100.48141,13.61576],[100.48358,13.61615],[100.48575,13.61578],[100.48773,13.61574],[100.48857,13.61538],[100.492,13.61551],[100.49295,13.61539],[100.49406,13.61463],[100.49551,13.6142],[100.49638,13.61429],[100.50226,13.61597],[100.50318,13.61603],[100.50379,13.61643],[100.50472,13.61666],[100.50536,13.61648],[100.50599,13.61658],[100.50644,13.6171],[100.50713,13.61704],[100.50949,13.62023],[100.50942,13.62153],[100.50828,13.62326],[100.50896,13.62426],[100.50925,13.62554],[100.50819,13.62713]]]}},{"type":"Feature","properties":{"id":"คลองรางขวาง","name":"คลองรางขวาง","kind":"canal"},"geometry":{"type":"MultiLineString","coordinates":[[[100.48841,13.6154],[100.4882,13.61425],[100.48832,13.61189],[100.48893,13.61041],[100.49023,13.60827],[100.49128,13.60554],[100.49265,13.60139],[100.49264,13.60055],[100.49235,13.59919],[100.49168,13.59785],[100.49042,13.59748],[100.48978,13.59709],[100.48881,13.59532],[100.48551,13.59087]]]}},{"type":"Feature","properties":{"id":"คลองรางขี้เหล็ก","name":"คลองรางขี้เหล็ก","kind":"canal"},"geometry":{"type":"MultiLineString","coordinates":[[[100.36661,13.64584],[100.36962,13.64717],[100.36985,13.64686],[100.3702,13.64698],[100.37359,13.64903],[100.37533,13.64934],[100.38066,13.65113],[100.38272,13.65073],[100.38634,13.64899],[100.38665,13.64876],[100.38723,13.64726]]]}},{"type":"Feature","properties":{"id":"คลองรางตัน","name":"คลองรางตัน","kind":"canal"},"geometry":{"type":"MultiLineString","coordinates":[[[100.49368,13.62375],[100.49423,13.62102],[100.49965,13.62178],[100.50345,13.62155],[100.50587,13.62371]]]}},{"type":"Feature","properties":{"id":"คลองรางตาสอน","name":"คลองรางตาสอน","kind":"canal"},"geometry":{"type":"MultiLineString","coordinates":[[[100.92951,13.47782],[100.92907,13.49652]]]}},{"type":"Feature","properties":{"id":"คลองรางนางแสน","name":"คลองรางนางแสน","kind":"canal"},"geometry":{"type":"MultiLineString","coordinates":[[[100.4364,13.55547],[100.43703,13.55745],[100.43705,13.55859],[100.43749,13.55957],[100.43709,13.5625],[100.43741,13.56342],[100.43728,13.56599],[100.4374,13.56672],[100.43703,13.56723]]]}},{"type":"Feature","properties":{"id":"คลองรางบัว","name":"คลองรางบัว","kind":"canal"},"geometry":{"type":"MultiLineString","coordinates":[[[100.44615,13.70698],[100.45618,13.70279]],[[100.44615,13.70698],[100.4447,13.70763]],[[100.4447,13.70763],[100.4432,13.70823],[100.43777,13.70979],[100.43844,13.71165]]]}},{"type":"Feature","properties":{"id":"คลองรางยายคง","name":"คลองรางยายคง","kind":"canal"},"geometry":{"type":"MultiLineString","coordinates":[[[100.41885,13.56891],[100.41835,13.57062],[100.41752,13.57162],[100.41602,13.57446],[100.41441,13.57485],[100.41388,13.57539],[100.41297,13.57554],[100.4109,13.57531],[100.41051,13.57452],[100.40939,13.57456],[100.40812,13.57434],[100.40791,13.57343],[100.40532,13.57266],[100.40428,13.57294],[100.40332,13.5727],[100.40261,13.57313],[100.3999,13.57091],[100.39911,13.57056],[100.39745,13.56936],[100.39701,13.56937],[100.39535,13.57089],[100.39055,13.57117],[100.38953,13.57098]]]}},{"type":"Feature","properties":{"id":"คลองรางยายเพียร","name":"คลองรางยายเพียร","kind":"canal"},"geometry":{"type":"MultiLineString","coordinates":[[[100.42399,13.56892],[100.42504,13.56866],[100.42606,13.56901],[100.42797,13.56897],[100.43517,13.56722],[100.43631,13.56615]]]}},{"type":"Feature","properties":{"id":"คลองรางสะแก","name":"คลองรางสะแก","kind":"canal"},"geometry":{"type":"MultiLineString","coordinates":[[[100.47209,13.62398],[100.46954,13.62236],[100.46869,13.61984],[100.46608,13.61796],[100.46643,13.61633],[100.46403,13.61593],[100.46396,13.61561],[100.45551,13.61477],[100.45117,13.6141]]]}},{"type":"Feature","properties":{"id":"คลองรางอ้อ","name":"คลองรางอ้อ","kind":"canal"},"geometry":{"type":"MultiLineString","coordinates":[[[100.60429,13.87134],[100.60468,13.87256],[100.60455,13.87466],[100.60487,13.87561],[100.60516,13.87565],[100.60596,13.87754],[100.60576,13.8788],[100.60628,13.88294],[100.60504,13.88321],[100.60503,13.88344],[100.60442,13.88378],[100.6014,13.88502],[100.59782,13.88587],[100.5946,13.88753]]]}},{"type":"Feature","properties":{"id":"คลองรางเงิน","name":"คลองรางเงิน","kind":"canal"},"geometry":{"type":"MultiLineString","coordinates":[[[100.51417,13.77956],[100.51492,13.78101]]]}},{"type":"Feature","properties":{"id":"คลองรางเวก","name":"คลองรางเวก","kind":"canal"},"geometry":{"type":"MultiLineString","coordinates":[[[100.50647,13.63631],[100.50594,13.63644],[100.50415,13.63541],[100.50256,13.63519],[100.50184,13.63475],[100.50111,13.63462],[100.50092,13.63338],[100.5012,13.63261],[100.50112,13.63191],[100.50149,13.63053],[100.50205,13.62992],[100.50241,13.62835],[100.50317,13.62777],[100.50459,13.62506],[100.50688,13.62278],[100.50775,13.6228],[100.50828,13.62326]]]}},{"type":"Feature","properties":{"id":"คลองรางโพธิ์","name":"คลองรางโพธิ์","kind":"canal"},"geometry":{"type":"MultiLineString","coordinates":[[[100.4743,13.63665],[100.47101,13.63622],[100.46762,13.63662],[100.46744,13.63623],[100.46773,13.63561],[100.46741,13.63515],[100.46685,13.63487],[100.46185,13.6334],[100.45881,13.63278],[100.45732,13.63211],[100.4554,13.63255],[100.45225,13.63252],[100.44874,13.63149]],[[100.49551,13.6142],[100.49567,13.61338],[100.49719,13.61071],[100.49848,13.60951],[100.49927,13.60835],[100.49975,13.60739],[100.5008,13.60371],[100.50177,13.60289],[100.50078,13.59853],[100.49962,13.59563]]]}},{"type":"Feature","properties":{"id":"คลองรางโพธิ์บน","name":"คลองรางโพธิ์บน","kind":"canal"},"geometry":{"type":"MultiLineString","coordinates":[[[100.47063,13.62522],[100.46706,13.62833],[100.46776,13.63115],[100.46751,13.63172],[100.46779,13.63257],[100.46712,13.63339],[100.46741,13.63515]]]}},{"type":"Feature","properties":{"id":"คลองรางใหญ่","name":"คลองรางใหญ่","kind":"canal"},"geometry":{"type":"MultiLineString","coordinates":[[[100.51804,13.63492],[100.51649,13.63182],[100.51489,13.62998],[100.51494,13.6291],[100.51422,13.62862],[100.51435,13.62746],[100.51502,13.62653],[100.51511,13.6256],[100.51493,13.62434],[100.51534,13.62367],[100.5155,13.62244]],[[100.51644,13.61851],[100.51606,13.61779],[100.51649,13.61716],[100.51674,13.61623],[100.51662,13.61469],[100.51687,13.61409],[100.51638,13.61274],[100.517,13.61216],[100.51726,13.61206],[100.51764,13.61223],[100.51822,13.61145]],[[100.51822,13.61145],[100.51789,13.611],[100.51843,13.61064],[100.51885,13.61006],[100.51953,13.60995],[100.52002,13.60918],[100.52027,13.60914],[100.52102,13.60514]],[[100.5155,13.62244],[100.51578,13.62162],[100.51565,13.62109],[100.51599,13.62042],[100.51644,13.61851]]]}},{"type":"Feature","properties":{"id":"คลองรางไผ่","name":"คลองรางไผ่","kind":"canal"},"geometry":{"type":"MultiLineString","coordinates":[[[100.35556,13.65288],[100.35653,13.65313],[100.35742,13.65369],[100.36052,13.65451],[100.36512,13.65485],[100.36716,13.65527],[100.3694,13.65517],[100.37057,13.65568],[100.37171,13.65582],[100.37365,13.65641],[100.37906,13.65844],[100.37927,13.65926],[100.38171,13.65921],[100.38373,13.65979],[100.38495,13.65964],[100.38674,13.65987],[100.39098,13.65921],[100.39261,13.65855],[100.39422,13.65762],[100.39561,13.65636],[100.39614,13.65492],[100.39752,13.65301]]]}},{"type":"Feature","properties":{"id":"คลองราชพฤกษ์","name":"คลองราชพฤกษ์","kind":"canal"},"geometry":{"type":"MultiLineString","coordinates":[[[100.47475,13.63528],[100.47674,13.63545],[100.47857,13.63518],[100.47966,13.63529],[100.48008,13.63523],[100.4809,13.63456],[100.48281,13.63654],[100.48396,13.63621],[100.48574,13.6367],[100.48651,13.63618],[100.48703,13.63662],[100.48758,13.63642],[100.48822,13.63548],[100.48937,13.63604],[100.48996,13.63599],[100.49059,13.63466],[100.49149,13.63379],[100.49217,13.63354],[100.49287,13.63263]],[[100.47737,13.63527],[100.47791,13.63472],[100.47799,13.6336],[100.47884,13.63281],[100.47933,13.63154],[100.48051,13.62947],[100.48291,13.62733],[100.48582,13.62581],[100.48744,13.62394]]]}},{"type":"Feature","properties":{"id":"คลองราชมนตรี","name":"คลองราชมนตรี","kind":"canal"},"geometry":{"type":"MultiLineString","coordinates":[[[100.42424,13.74353],[100.42651,13.70206],[100.4266,13.69517],[100.42708,13.69141],[100.4275,13.68983],[100.42896,13.67863],[100.43019,13.66612],[100.43162,13.66203],[100.43287,13.65673],[100.43986,13.62463]],[[100.43906,13.628],[100.43984,13.62765]]]}},{"type":"Feature","properties":{"id":"คลองราชวิถี","name":"คลองราชวิถี","kind":"canal"},"geometry":{"type":"MultiLineString","coordinates":[[[100.52241,13.77241],[100.52251,13.77563]],[[100.52256,13.77658],[100.52246,13.77804]],[[100.52251,13.77563],[100.5225,13.77586]],[[100.5225,13.77586],[100.52258,13.77641]],[[100.52258,13.77641],[100.52256,13.77658]]]}},{"type":"Feature","properties":{"id":"คลองราษฎร์บูรณะ","name":"คลองราษฎร์บูรณะ","kind":"canal"},"geometry":{"type":"MultiLineString","coordinates":[[[100.49629,13.65608],[100.49694,13.65911],[100.49891,13.66349],[100.49952,13.66535],[100.50027,13.66676],[100.50102,13.66919],[100.50162,13.67036],[100.50314,13.67471],[100.50362,13.67552],[100.50357,13.67624],[100.50431,13.67832],[100.50416,13.67872],[100.50474,13.6813],[100.50661,13.68577]],[[100.49491,13.6542],[100.49629,13.65608]]]}},{"type":"Feature","properties":{"id":"คลองราษฎร์พัฒนา","name":"คลองราษฎร์พัฒนา","kind":"canal"},"geometry":{"type":"MultiLineString","coordinates":[[[100.18438,13.56634],[100.1864,13.56773],[100.18711,13.56801],[100.19309,13.56863],[100.20435,13.57101],[100.20576,13.57287],[100.20649,13.57417],[100.20724,13.57566],[100.20827,13.5794],[100.21044,13.58304]]]}},{"type":"Feature","properties":{"id":"คลองราษฎร์เจริญ","name":"คลองราษฎร์เจริญ","kind":"canal"},"geometry":{"type":"MultiLineString","coordinates":[[[100.21415,13.57481],[100.16173,13.57647]]]}},{"type":"Feature","properties":{"id":"คลองราษฏร์สามัคคี","name":"คลองราษฏร์สามัคคี","kind":"canal"},"geometry":{"type":"MultiLineString","coordinates":[[[100.29898,13.59913],[100.29914,13.60232],[100.3015,13.61174],[100.30286,13.62091],[100.30299,13.62524],[100.30377,13.62537],[100.30408,13.62795],[100.30413,13.6308],[100.30507,13.63096],[100.30505,13.63215],[100.3046,13.63226],[100.30456,13.63337],[100.30532,13.63404],[100.30547,13.63453],[100.30541,13.63644],[100.30568,13.63875]],[[100.29897,13.59902],[100.29898,13.59913]],[[100.29897,13.59894],[100.29897,13.59902]]]}},{"type":"Feature","properties":{"id":"คลองร่วมมิตร","name":"คลองร่วมมิตร","kind":"canal"},"geometry":{"type":"MultiLineString","coordinates":[[[100.49799,13.72996],[100.50135,13.73245]],[[100.49659,13.72893],[100.49739,13.72951]],[[100.49739,13.72951],[100.49799,13.72996]]]}},{"type":"Feature","properties":{"id":"คลองร่องไม้หอม","name":"คลองร่องไม้หอม","kind":"canal"},"geometry":{"type":"MultiLineString","coordinates":[[[100.51282,13.77341],[100.51316,13.77439],[100.51202,13.77499]]]}},{"type":"Feature","properties":{"id":"คลองลัด","name":"คลองลัด","kind":"canal"},"geometry":{"type":"MultiLineString","coordinates":[[[100.23078,13.70803],[100.23091,13.70884],[100.23018,13.7094],[100.23099,13.71149],[100.23128,13.71422],[100.23069,13.71509],[100.22928,13.72109]],[[100.50548,13.55315],[100.50546,13.55217],[100.50492,13.55002],[100.50363,13.54797]]]}},{"type":"Feature","properties":{"id":"คลองลัดขี้เหล็ก","name":"คลองลัดขี้เหล็ก","kind":"canal"},"geometry":{"type":"MultiLineString","coordinates":[[[100.48007,13.66926],[100.47884,13.66885],[100.47844,13.66956],[100.4775,13.66931],[100.47745,13.66893],[100.47527,13.66829],[100.47602,13.66616],[100.46895,13.6644]]]}},{"type":"Feature","properties":{"id":"คลองลัดตะกาด","name":"คลองลัดตะกาด","kind":"canal"},"geometry":{"type":"MultiLineString","coordinates":[[[100.87341,13.55947],[100.87419,13.55891],[100.87452,13.55811],[100.87503,13.55751],[100.87652,13.55716],[100.87775,13.5576],[100.87854,13.55765],[100.879,13.55691],[100.87986,13.55614],[100.88032,13.5533],[100.8802,13.55259],[100.8798,13.5519],[100.88049,13.55144],[100.88003,13.55096],[100.88005,13.54996],[100.87963,13.54926],[100.87982,13.54843]]]}},{"type":"Feature","properties":{"id":"คลองลัดตะเคียน","name":"คลองลัดตะเคียน","kind":"canal"},"geometry":{"type":"MultiLineString","coordinates":[[[100.36339,13.58088],[100.36375,13.57914],[100.36553,13.57917],[100.36829,13.57856],[100.37072,13.57701],[100.37142,13.57624],[100.37533,13.5718],[100.37805,13.56469],[100.37921,13.56349],[100.37974,13.56234]]]}},{"type":"Feature","properties":{"id":"คลองลัดตาเตี้ย","name":"คลองลัดตาเตี้ย","kind":"canal"},"geometry":{"type":"MultiLineString","coordinates":[[[100.78729,13.87995],[100.79388,13.86191],[100.79938,13.84936]]]}},{"type":"Feature","properties":{"id":"คลองลัดตาเหนียว","name":"คลองลัดตาเหนียว","kind":"canal"},"geometry":{"type":"MultiLineString","coordinates":[[[100.4149,13.75854],[100.41331,13.74787],[100.41374,13.74311],[100.41437,13.73876]]]}},{"type":"Feature","properties":{"id":"คลองลัดถมยา","name":"คลองลัดถมยา","kind":"canal"},"geometry":{"type":"MultiLineString","coordinates":[[[100.44348,13.7733],[100.4436,13.77248],[100.44258,13.7707],[100.44059,13.76342],[100.44058,13.75683]]]}},{"type":"Feature","properties":{"id":"คลองลัดทับยาว","name":"คลองลัดทับยาว","kind":"canal"},"geometry":{"type":"MultiLineString","coordinates":[[[100.84627,13.7707],[100.84509,13.76968],[100.84304,13.76631],[100.83984,13.76307],[100.83946,13.76224],[100.83939,13.76145],[100.84071,13.75616],[100.84071,13.75555],[100.84135,13.75419],[100.84267,13.75329]]]}},{"type":"Feature","properties":{"id":"คลองลัดบางปลา","name":"คลองลัดบางปลา","kind":"canal"},"geometry":{"type":"MultiLineString","coordinates":[[[100.72552,13.60254],[100.72555,13.60191],[100.72601,13.60054],[100.72539,13.59483],[100.72649,13.5931],[100.72759,13.59218],[100.72832,13.59023],[100.73161,13.58698],[100.73191,13.58655],[100.73242,13.58489],[100.73371,13.58386],[100.73389,13.58189],[100.73514,13.58125],[100.73612,13.58035],[100.73651,13.57822],[100.73691,13.5774],[100.73737,13.57737],[100.73684,13.57469]]]}},{"type":"Feature","properties":{"id":"คลองลัดบางยอ","name":"คลองลัดบางยอ","kind":"canal"},"geometry":{"type":"MultiLineString","coordinates":[[[100.56885,13.65923],[100.56705,13.66129],[100.56529,13.66383],[100.56126,13.67155],[100.55887,13.6733],[100.55859,13.67327],[100.55395,13.67552],[100.55392,13.67584],[100.55064,13.67716]]]}},{"type":"Feature","properties":{"id":"คลองลัดป้อม","name":"คลองลัดป้อม","kind":"canal"},"geometry":{"type":"MultiLineString","coordinates":[[[100.26843,13.54324],[100.26729,13.54473],[100.26555,13.54761],[100.26523,13.54743],[100.26505,13.54753],[100.26202,13.55165],[100.26225,13.55258],[100.26256,13.55293]]]}},{"type":"Feature","properties":{"id":"คลองลัดมะยม","name":"คลองลัดมะยม","kind":"canal"},"geometry":{"type":"MultiLineString","coordinates":[[[100.41637,13.76896],[100.4149,13.75854]]]}},{"type":"Feature","properties":{"id":"คลองลัดยายเป้า","name":"คลองลัดยายเป้า","kind":"canal"},"geometry":{"type":"MultiLineString","coordinates":[[[100.34968,13.99663],[100.35268,13.99851]],[[100.35268,13.99851],[100.35577,14.00045]]]}},{"type":"Feature","properties":{"id":"คลองลัดยายเพิ่ม","name":"คลองลัดยายเพิ่ม","kind":"canal"},"geometry":{"type":"MultiLineString","coordinates":[[[100.42468,13.75764],[100.42406,13.75277]]]}},{"type":"Feature","properties":{"id":"คลองลัดวัดจำปา","name":"คลองลัดวัดจำปา","kind":"canal"},"geometry":{"type":"MultiLineString","coordinates":[[[100.43375,13.77516],[100.43388,13.77315]]]}},{"type":"Feature","properties":{"id":"คลองลัดวัดฉิม","name":"คลองลัดวัดฉิม","kind":"canal"},"geometry":{"type":"MultiLineString","coordinates":[[[100.43121,13.73782],[100.43228,13.7404]]]}},{"type":"Feature","properties":{"id":"คลองลัดวัดบ่อเงิน","name":"คลองลัดวัดบ่อเงิน","kind":"canal"},"geometry":{"type":"MultiLineString","coordinates":[[[100.42709,14.09274],[100.42792,14.08734],[100.42597,14.08156],[100.426,14.08088],[100.42388,14.07676]]]}},{"type":"Feature","properties":{"id":"คลองลัดวัดสะพาน","name":"คลองลัดวัดสะพาน","kind":"canal"},"geometry":{"type":"MultiLineString","coordinates":[[[100.43916,13.74686],[100.43886,13.75111],[100.43885,13.75669]]]}},{"type":"Feature","properties":{"id":"คลองลัดหลวง","name":"คลองลัดหลวง","kind":"canal"},"geometry":{"type":"MultiLineString","coordinates":[[[100.52752,13.66842],[100.52787,13.67134],[100.52895,13.67311]],[[100.53015,13.65068],[100.53009,13.64903],[100.53017,13.64862],[100.53049,13.64837],[100.53405,13.64872]],[[100.52752,13.66842],[100.52871,13.66492]],[[100.52871,13.66492],[100.53103,13.6579],[100.53095,13.65756],[100.52999,13.6567],[100.53026,13.65553],[100.53015,13.65068]]]}},{"type":"Feature","properties":{"id":"คลองลัดเช็ดหน้า","name":"คลองลัดเช็ดหน้า","kind":"canal"},"geometry":{"type":"MultiLineString","coordinates":[[[100.46258,13.68536],[100.46437,13.68587],[100.46468,13.68617],[100.46914,13.68677]]]}},{"type":"Feature","properties":{"id":"คลองลัดโพธิ์","name":"คลองลัดโพธิ์","kind":"canal"},"geometry":{"type":"MultiLineString","coordinates":[[[100.53915,13.66909],[100.53966,13.66068]]]}},{"type":"Feature","properties":{"id":"คลองลากค้อน","name":"คลองลากค้อน","kind":"canal"},"geometry":{"type":"MultiLineString","coordinates":[[[100.40535,13.97007],[100.40587,13.96875],[100.40926,13.9643],[100.41139,13.96244],[100.42042,13.95552],[100.42477,13.9518]],[[100.34159,14.10102],[100.34145,14.09729],[100.34066,14.09386],[100.338,14.08584],[100.33518,14.07864],[100.33239,14.06684],[100.33187,14.06247],[100.3316,14.05672],[100.33171,14.05579],[100.33379,14.04622],[100.33696,14.03706],[100.33764,14.03599],[100.3415,14.0281],[100.34233,14.02617],[100.34309,14.0237],[100.34518,14.01922],[100.35026,14.00991],[100.35451,14.00273]],[[100.3805,13.98882],[100.38513,13.98784]],[[100.35451,14.00273],[100.3562,14.00071]],[[100.39704,13.98464],[100.39876,13.98125],[100.40056,13.97965],[100.40283,13.97618],[100.40535,13.97007]],[[100.3562,14.00071],[100.36122,13.99444],[100.36477,13.99223],[100.36666,13.99173],[100.36905,13.99146],[100.3805,13.98882]],[[100.42477,13.9518],[100.43271,13.94511],[100.43655,13.94214],[100.43828,13.94111]],[[100.35049,14.15594],[100.34687,14.12419],[100.34481,14.11692]],[[100.38513,13.98784],[100.39534,13.9856],[100.39704,13.98464]],[[100.34465,14.11647],[100.34239,14.10745],[100.34159,14.10102]],[[100.34481,14.11692],[100.34465,14.11647]]]}},{"type":"Feature","properties":{"id":"คลองลาดกระบัง","name":"คลองลาดกระบัง","kind":"canal"},"geometry":{"type":"MultiLineString","coordinates":[[[100.75286,13.72407],[100.75177,13.72267],[100.74992,13.71961],[100.74629,13.71825],[100.7452,13.71732],[100.74422,13.71601],[100.73951,13.70828],[100.73585,13.70077],[100.73512,13.69833],[100.73502,13.69726],[100.73405,13.69446],[100.73353,13.69224],[100.73163,13.6869],[100.73074,13.68286],[100.72953,13.68036],[100.72878,13.67933],[100.72838,13.67805],[100.72711,13.67679],[100.72657,13.67544],[100.72588,13.67452],[100.72548,13.67182],[100.72527,13.66821],[100.72487,13.66687],[100.72481,13.66401],[100.72255,13.65574],[100.72084,13.65325],[100.71966,13.64967],[100.71826,13.64721],[100.71744,13.64483],[100.71694,13.64409],[100.71589,13.64111],[100.71487,13.63906]],[[100.71254,13.6326],[100.71022,13.62949]],[[100.71487,13.63906],[100.71426,13.63805],[100.71384,13.63562],[100.71309,13.63352],[100.71254,13.6326]]]}},{"type":"Feature","properties":{"id":"คลองลาดช้าง","name":"คลองลาดช้าง","kind":"canal"},"geometry":{"type":"MultiLineString","coordinates":[[[100.35452,14.05556],[100.35875,14.05329],[100.36457,14.05071],[100.37416,14.04739],[100.37526,14.04667],[100.37663,14.04324],[100.37775,14.03569]],[[100.37775,14.03569],[100.37891,14.02675]]]}},{"type":"Feature","properties":{"id":"คลองลาดบัวขาว","name":"คลองลาดบัวขาว","kind":"canal"},"geometry":{"type":"MultiLineString","coordinates":[[[100.70609,13.79813],[100.71363,13.78505],[100.71534,13.78167]],[[100.71534,13.78167],[100.71555,13.7799],[100.71633,13.77804]],[[100.71633,13.77804],[100.7166,13.77715],[100.71658,13.77648],[100.71626,13.77246],[100.71594,13.77156],[100.71346,13.76743],[100.71237,13.76512],[100.71138,13.76413],[100.71036,13.76248],[100.70948,13.76169]]]}},{"type":"Feature","properties":{"id":"คลองลาดพร้าว","name":"คลองลาดพร้าว","kind":"canal"},"geometry":{"type":"MultiLineString","coordinates":[[[100.58974,13.84383],[100.59087,13.83856],[100.59094,13.83722],[100.58978,13.83225],[100.58982,13.82876],[100.58955,13.82641],[100.58904,13.82434],[100.58925,13.82178],[100.58911,13.81962],[100.58946,13.81784],[100.58918,13.81581],[100.58892,13.81514],[100.58887,13.81367],[100.58845,13.81259],[100.58895,13.81024],[100.58875,13.80888],[100.58867,13.80441],[100.58825,13.80297],[100.58882,13.80154],[100.58905,13.80022],[100.58944,13.79176],[100.59001,13.78938],[100.58994,13.78732],[100.59016,13.78626],[100.5921,13.78156],[100.5934,13.77955],[100.59354,13.77675],[100.59309,13.77432],[100.59309,13.77268],[100.59377,13.76852],[100.59471,13.76559],[100.59457,13.76354],[100.59478,13.76239],[100.596,13.76051],[100.59753,13.75758],[100.60337,13.75198],[100.604,13.75098]]]}},{"type":"Feature","properties":{"id":"คลองลาดยาว","name":"คลองลาดยาว","kind":"canal"},"geometry":{"type":"MultiLineString","coordinates":[[[100.55872,13.8465],[100.55915,13.84431],[100.55935,13.8442],[100.55905,13.84364],[100.55964,13.84332],[100.55946,13.84296],[100.56079,13.83907],[100.56141,13.83486],[100.56143,13.83365],[100.56246,13.82964]]]}},{"type":"Feature","properties":{"id":"คลองลาดลำภู","name":"คลองลาดลำภู","kind":"canal"},"geometry":{"type":"MultiLineString","coordinates":[[[100.4265,13.66095],[100.4274,13.65786],[100.42704,13.65594],[100.4265,13.65474],[100.42593,13.65431],[100.42609,13.65169],[100.42674,13.64948],[100.42794,13.64817]]]}},{"type":"Feature","properties":{"id":"คลองลาดหลุมแก้ว","name":"คลองลาดหลุมแก้ว","kind":"canal"},"geometry":{"type":"MultiLineString","coordinates":[[[100.40427,14.02768],[100.40425,14.02867],[100.40409,14.02889],[100.40312,14.0293],[100.40133,14.0297]],[[100.44227,14.0167],[100.41148,14.02433],[100.40686,14.02631],[100.40567,14.02711],[100.40427,14.02768]]]}},{"type":"Feature","properties":{"id":"คลองลาดหวาย","name":"คลองลาดหวาย","kind":"canal"},"geometry":{"type":"MultiLineString","coordinates":[[[100.76303,13.55595],[100.76543,13.54671],[100.76645,13.54594],[100.76694,13.5452],[100.76811,13.54499],[100.76848,13.54369],[100.77065,13.5423],[100.77234,13.54048],[100.77277,13.54047],[100.77361,13.54108],[100.77488,13.54147]],[[100.79962,13.53581],[100.80182,13.53515],[100.80217,13.53484],[100.80229,13.5341],[100.80311,13.53379],[100.80298,13.53329],[100.80353,13.53239],[100.8051,13.5323],[100.80579,13.532],[100.80603,13.53166],[100.80702,13.53127]],[[100.76231,13.55898],[100.76303,13.55595]],[[100.77488,13.54147],[100.77547,13.54157]],[[100.77547,13.54157],[100.77771,13.54201],[100.78061,13.54063],[100.78198,13.54037],[100.78645,13.54037],[100.78802,13.54069],[100.79146,13.5392],[100.79261,13.53762],[100.79348,13.53702],[100.79539,13.53716],[100.79674,13.53676],[100.79764,13.53759],[100.79794,13.53764],[100.79893,13.53691],[100.79962,13.53581]]]}},{"type":"Feature","properties":{"id":"คลองลาดโตนด","name":"คลองลาดโตนด","kind":"canal"},"geometry":{"type":"MultiLineString","coordinates":[[[100.56149,13.8632],[100.55991,13.85445]],[[100.56158,13.86448],[100.56149,13.86331]],[[100.56149,13.86331],[100.56149,13.8632]]]}},{"type":"Feature","properties":{"id":"คลองลาว","name":"คลองลาว","kind":"canal"},"geometry":{"type":"MultiLineString","coordinates":[[[100.62414,13.73965],[100.62283,13.74261],[100.62195,13.74641]],[[100.62563,13.7353],[100.62414,13.73965]],[[100.62991,13.72754],[100.62898,13.72872],[100.62743,13.73235],[100.62563,13.7353]]]}},{"type":"Feature","properties":{"id":"คลองลาโต๊ะ","name":"คลองลาโต๊ะ","kind":"canal"},"geometry":{"type":"MultiLineString","coordinates":[[[100.23127,13.69128],[100.22988,13.69165],[100.22568,13.69804],[100.22533,13.69882],[100.2246,13.69956]],[[100.23623,13.68834],[100.23573,13.68921],[100.23241,13.69091],[100.23143,13.69123]],[[100.23143,13.69123],[100.23127,13.69128]]]}},{"type":"Feature","properties":{"id":"คลองลำกระดาน 1","name":"คลองลำกระดาน 1","kind":"canal"},"geometry":{"type":"MultiLineString","coordinates":[[[100.7517,13.91826],[100.75172,13.9178],[100.75125,13.91636],[100.75118,13.9147],[100.75086,13.91371],[100.74908,13.91273],[100.74784,13.91232],[100.74678,13.91247],[100.74524,13.9132],[100.74402,13.914],[100.743,13.91519],[100.74197,13.91555],[100.74034,13.9152],[100.73697,13.9154],[100.7366,13.91527],[100.73699,13.91343],[100.7383,13.91382],[100.73885,13.91368],[100.7407,13.9126],[100.74241,13.91235],[100.74357,13.9125],[100.74548,13.91309]],[[100.74797,13.91235],[100.74805,13.91158],[100.74895,13.90873],[100.74788,13.90693],[100.74791,13.90643],[100.75023,13.90528],[100.75349,13.9048],[100.75572,13.90272]]]}},{"type":"Feature","properties":{"id":"คลองลำกระดาน 2","name":"คลองลำกระดาน 2","kind":"canal"},"geometry":{"type":"MultiLineString","coordinates":[[[100.74177,13.91556],[100.74284,13.91586],[100.74388,13.91644],[100.74506,13.91657],[100.7467,13.91614],[100.74723,13.91565],[100.74828,13.91371],[100.74784,13.91232]]]}},{"type":"Feature","properties":{"id":"คลองลำกอไผ่","name":"คลองลำกอไผ่","kind":"canal"},"geometry":{"type":"MultiLineString","coordinates":[[[100.79497,13.79396],[100.79624,13.79144],[100.79601,13.7888],[100.79506,13.78702],[100.79356,13.78495],[100.79354,13.7842],[100.79376,13.78386],[100.79603,13.78276],[100.79937,13.78182]],[[100.79937,13.78182],[100.80121,13.77986],[100.80161,13.77864],[100.80252,13.77728],[100.80272,13.77652],[100.8026,13.77041],[100.80282,13.76924],[100.80629,13.76464]],[[100.78849,13.80036],[100.79165,13.796],[100.79497,13.79396]]]}},{"type":"Feature","properties":{"id":"คลองลำควายชน","name":"คลองลำควายชน","kind":"canal"},"geometry":{"type":"MultiLineString","coordinates":[[[100.82916,13.80759],[100.83068,13.80699],[100.8313,13.80609],[100.83138,13.80468],[100.83022,13.80155],[100.82794,13.80096],[100.82612,13.80001],[100.82403,13.79951],[100.82291,13.7997],[100.82199,13.8005],[100.82138,13.80065]],[[100.82904,13.80803],[100.82916,13.80759]],[[100.83389,13.81771],[100.83262,13.81613],[100.83163,13.81336],[100.82917,13.80973],[100.8289,13.80889],[100.82904,13.80803]]]}},{"type":"Feature","properties":{"id":"คลองลำควายตาย","name":"คลองลำควายตาย","kind":"canal"},"geometry":{"type":"MultiLineString","coordinates":[[[100.7029,13.83308],[100.70247,13.83265],[100.70162,13.83111],[100.70018,13.82941],[100.69967,13.82654],[100.69912,13.82494],[100.69863,13.82405],[100.69721,13.82252],[100.69679,13.8215],[100.69678,13.82042]]]}},{"type":"Feature","properties":{"id":"คลองลำชวดเตย","name":"คลองลำชวดเตย","kind":"canal"},"geometry":{"type":"MultiLineString","coordinates":[[[100.78213,13.75898],[100.78224,13.75877],[100.78726,13.75591],[100.79429,13.75368],[100.79726,13.75282],[100.79773,13.75285]]]}},{"type":"Feature","properties":{"id":"คลองลำชะร่า","name":"คลองลำชะร่า","kind":"canal"},"geometry":{"type":"MultiLineString","coordinates":[[[100.85792,13.72094],[100.85871,13.72747],[100.86361,13.73482],[100.86592,13.73929],[100.8682,13.74516],[100.8694,13.74661],[100.8696,13.74757]]]}},{"type":"Feature","properties":{"id":"คลองลำชะล่า","name":"คลองลำชะล่า","kind":"canal"},"geometry":{"type":"MultiLineString","coordinates":[[[100.65869,13.84776],[100.65901,13.84511],[100.66087,13.83975],[100.66134,13.83638]],[[100.66134,13.83638],[100.66139,13.8357]],[[100.66139,13.8357],[100.66138,13.83345]]]}},{"type":"Feature","properties":{"id":"คลองลำตานวย","name":"คลองลำตานวย","kind":"canal"},"geometry":{"type":"MultiLineString","coordinates":[[[100.7409,13.77943],[100.73887,13.77755]],[[100.73747,13.79889],[100.73932,13.79767],[100.74048,13.79435],[100.74138,13.79238],[100.74172,13.78729],[100.74223,13.78428],[100.74211,13.78367],[100.7414,13.78262],[100.74136,13.7802],[100.7409,13.77943]]]}},{"type":"Feature","properties":{"id":"คลองลำตามีร้องไห้","name":"คลองลำตามีร้องไห้","kind":"canal"},"geometry":{"type":"MultiLineString","coordinates":[[[100.88243,13.76895],[100.88254,13.76829],[100.88218,13.76588],[100.88082,13.76362],[100.87968,13.76199],[100.87582,13.75799],[100.87232,13.75154],[100.86906,13.74841]]]}},{"type":"Feature","properties":{"id":"คลองลำตาอิน","name":"คลองลำตาอิน","kind":"canal"},"geometry":{"type":"MultiLineString","coordinates":[[[100.86081,13.77024],[100.86187,13.76944],[100.86353,13.76764],[100.8645,13.76537],[100.86513,13.76255],[100.86558,13.76157],[100.86573,13.76016],[100.86654,13.7582],[100.86624,13.75479],[100.86645,13.75312],[100.86673,13.75239],[100.86759,13.75063],[100.86938,13.74784],[100.87258,13.74402]],[[100.86072,13.77036],[100.86081,13.77024]],[[100.87258,13.74402],[100.87392,13.74285],[100.87483,13.74267],[100.87579,13.74194],[100.87877,13.74085],[100.88035,13.74004]]]}},{"type":"Feature","properties":{"id":"คลองลำตาเฟื่อง","name":"คลองลำตาเฟื่อง","kind":"canal"},"geometry":{"type":"MultiLineString","coordinates":[[[100.88484,13.7954],[100.88069,13.79623],[100.87851,13.79737],[100.87526,13.79777],[100.87401,13.79816],[100.8728,13.80025],[100.87191,13.80066],[100.87083,13.80086]]]}},{"type":"Feature","properties":{"id":"คลองลำต้น","name":"คลองลำต้น","kind":"canal"},"geometry":{"type":"MultiLineString","coordinates":[[[100.66577,13.90617],[100.66626,13.90688],[100.6671,13.90945],[100.66694,13.91451]]]}},{"type":"Feature","properties":{"id":"คลองลำต้นกล้วย","name":"คลองลำต้นกล้วย","kind":"canal"},"geometry":{"type":"MultiLineString","coordinates":[[[100.8551,13.87093],[100.85536,13.87013],[100.85953,13.86499],[100.85988,13.86417],[100.85968,13.86305],[100.85984,13.86251],[100.86119,13.86038],[100.86317,13.85837],[100.86479,13.85739]]]}},{"type":"Feature","properties":{"id":"คลองลำต้อยติ่ง","name":"คลองลำต้อยติ่ง","kind":"canal"},"geometry":{"type":"MultiLineString","coordinates":[[[100.87969,13.80519],[100.87891,13.80283],[100.87793,13.80233],[100.87605,13.80195],[100.87342,13.80304],[100.87235,13.80275],[100.87219,13.8025]],[[100.87205,13.80229],[100.87176,13.80176],[100.87083,13.80086]],[[100.87219,13.8025],[100.87205,13.80229]]]}},{"type":"Feature","properties":{"id":"คลองลำนกแขวก","name":"คลองลำนกแขวก","kind":"canal"},"geometry":{"type":"MultiLineString","coordinates":[[[100.80766,13.80797],[100.8044,13.80425],[100.80188,13.80195],[100.79984,13.80067],[100.79792,13.79881],[100.79734,13.79809],[100.79497,13.79396]],[[100.82359,13.82694],[100.82258,13.82328],[100.82067,13.8201],[100.81932,13.81855],[100.8188,13.81764],[100.81561,13.8162],[100.81439,13.81536],[100.81127,13.81188],[100.80966,13.80976]],[[100.80966,13.80976],[100.80766,13.80797]]]}},{"type":"Feature","properties":{"id":"คลองลำนาค","name":"คลองลำนาค","kind":"canal"},"geometry":{"type":"MultiLineString","coordinates":[[[100.51439,13.77347],[100.51438,13.77497],[100.51255,13.77592]]]}},{"type":"Feature","properties":{"id":"คลองลำนายโส","name":"คลองลำนายโส","kind":"canal"},"geometry":{"type":"MultiLineString","coordinates":[[[100.73114,13.7751],[100.72456,13.7762],[100.72088,13.77817],[100.71633,13.77804]],[[100.73887,13.77735],[100.73798,13.77719],[100.7367,13.77617],[100.73374,13.77473],[100.73114,13.7751]]]}},{"type":"Feature","properties":{"id":"คลองลำนุ่น","name":"คลองลำนุ่น","kind":"canal"},"geometry":{"type":"MultiLineString","coordinates":[[[100.67914,13.81847],[100.68075,13.81416],[100.68258,13.80841],[100.68305,13.8082],[100.68338,13.8075],[100.6831,13.80686],[100.68426,13.80503],[100.68447,13.80416],[100.68745,13.79969],[100.68991,13.79487]],[[100.67685,13.82411],[100.67888,13.81908]],[[100.67888,13.81908],[100.67914,13.81847]],[[100.69007,13.79461],[100.69093,13.79303]],[[100.68991,13.79487],[100.69007,13.79461]]]}},{"type":"Feature","properties":{"id":"คลองลำบางผี","name":"คลองลำบางผี","kind":"canal"},"geometry":{"type":"MultiLineString","coordinates":[[[100.67341,13.54385],[100.67344,13.54375]],[[100.67505,13.55622],[100.67536,13.55527]],[[100.67344,13.54375],[100.67445,13.54229]],[[100.67536,13.55527],[100.67518,13.55127]],[[100.67429,13.54745],[100.67313,13.54487],[100.67341,13.54385]],[[100.67517,13.55114],[100.67503,13.54944],[100.67429,13.54745]],[[100.67518,13.55127],[100.67517,13.55114]]]}},{"type":"Feature","properties":{"id":"คลองลำบุรี","name":"คลองลำบุรี","kind":"canal"},"geometry":{"type":"MultiLineString","coordinates":[[[100.66635,13.87188],[100.66574,13.87055],[100.66582,13.87037],[100.66496,13.86914],[100.6646,13.86819],[100.66362,13.86661],[100.66206,13.86468],[100.66139,13.86417],[100.66009,13.8623],[100.65993,13.86179],[100.65884,13.8608],[100.65623,13.85722]]]}},{"type":"Feature","properties":{"id":"คลองลำบุหรี่พวง","name":"คลองลำบุหรี่พวง","kind":"canal"},"geometry":{"type":"MultiLineString","coordinates":[[[100.83815,13.90666],[100.83949,13.90732],[100.84005,13.90737],[100.8428,13.90675],[100.84393,13.90725],[100.8453,13.90855],[100.8466,13.90901],[100.84754,13.9091],[100.84834,13.90831],[100.84952,13.90595]],[[100.84952,13.90595],[100.85058,13.90453],[100.85007,13.90274],[100.85034,13.90154],[100.85028,13.90041],[100.84917,13.89747],[100.84956,13.89643],[100.85023,13.89064],[100.85055,13.89053],[100.8508,13.88975],[100.84943,13.88717],[100.84932,13.88643]],[[100.84932,13.88643],[100.84946,13.88591],[100.85003,13.88545],[100.85278,13.88485],[100.85536,13.88353],[100.85643,13.8833],[100.85757,13.8827],[100.85841,13.88273],[100.85943,13.88176]]]}},{"type":"Feature","properties":{"id":"คลองลำปลาทิว","name":"คลองลำปลาทิว","kind":"canal"},"geometry":{"type":"MultiLineString","coordinates":[[[100.80629,13.76464],[100.80553,13.76132],[100.80521,13.76048],[100.80429,13.75907],[100.80373,13.75843],[100.80227,13.75762],[100.80117,13.75666],[100.79935,13.75433],[100.79645,13.75144],[100.79546,13.74876],[100.79493,13.74564],[100.79545,13.74311],[100.79447,13.73925],[100.79501,13.73498],[100.79195,13.73039],[100.79148,13.7286],[100.79049,13.72624],[100.78991,13.72396]]]}},{"type":"Feature","properties":{"id":"คลองลำปอยาว","name":"คลองลำปอยาว","kind":"canal"},"geometry":{"type":"MultiLineString","coordinates":[[[100.80891,13.88922],[100.80779,13.88939],[100.8049,13.89097],[100.80258,13.89145],[100.801,13.89153],[100.79924,13.89225],[100.79726,13.8925],[100.79513,13.8937],[100.79277,13.89389]]]}},{"type":"Feature","properties":{"id":"คลองลำผักชี","name":"คลองลำผักชี","kind":"canal"},"geometry":{"type":"MultiLineString","coordinates":[[[100.865,13.85695],[100.86551,13.85565],[100.86757,13.85259],[100.86781,13.85194],[100.86694,13.84835],[100.86551,13.8455],[100.85616,13.83826],[100.85587,13.83759],[100.85551,13.83549],[100.85576,13.83242],[100.85563,13.83122]],[[100.61679,13.88526],[100.61717,13.88494],[100.6191,13.88417]],[[100.60865,13.89572],[100.6113,13.89247],[100.61007,13.89089],[100.60887,13.88883],[100.60878,13.88843],[100.60895,13.88816],[100.60978,13.88739],[100.61126,13.88656],[100.61318,13.88592],[100.61543,13.88576],[100.61679,13.88526]],[[100.60715,13.89721],[100.60865,13.89572]],[[100.6191,13.88417],[100.6211,13.88368]],[[100.85399,13.82109],[100.8505,13.81752]],[[100.85563,13.83122],[100.85533,13.82839],[100.85522,13.82402],[100.85399,13.82109]],[[100.84523,13.80485],[100.8441,13.80361],[100.8418,13.80164],[100.83833,13.79677],[100.83684,13.79502],[100.83498,13.7919],[100.82851,13.78517],[100.82557,13.78255],[100.82291,13.77965]],[[100.82291,13.77965],[100.82258,13.77773]],[[100.82258,13.77773],[100.81911,13.77493],[100.81719,13.77259],[100.81503,13.77044],[100.81426,13.7701],[100.81294,13.76995],[100.81211,13.76842],[100.81167,13.76809],[100.80898,13.76724],[100.80763,13.76654],[100.80663,13.76555],[100.80629,13.76464]],[[100.8505,13.81752],[100.84961,13.81612],[100.84757,13.81137],[100.84518,13.80659],[100.84523,13.80485]],[[100.6211,13.88368],[100.62302,13.88241],[100.62356,13.88296]]]}},{"type":"Feature","properties":{"id":"คลองลำพะอง","name":"คลองลำพะอง","kind":"canal"},"geometry":{"type":"MultiLineString","coordinates":[[[100.82258,13.77773],[100.82426,13.77669],[100.82658,13.77485],[100.8293,13.77198],[100.82996,13.76994],[100.83215,13.76748]],[[100.83215,13.76748],[100.83467,13.76789],[100.8375,13.76745]]]}},{"type":"Feature","properties":{"id":"คลองลำพังพวย","name":"คลองลำพังพวย","kind":"canal"},"geometry":{"type":"MultiLineString","coordinates":[[[100.65288,13.77726],[100.64876,13.77402],[100.64852,13.77366],[100.64886,13.77302],[100.64917,13.77168],[100.65233,13.76796]],[[100.62903,13.78867],[100.63041,13.78888],[100.63329,13.78752],[100.63726,13.78683],[100.63912,13.78608],[100.63957,13.78605],[100.64075,13.78659],[100.64189,13.7868],[100.64357,13.78676],[100.64543,13.78572],[100.64687,13.7853],[100.64802,13.78469]],[[100.64802,13.78469],[100.64858,13.78437],[100.64865,13.78401],[100.65021,13.78191],[100.65288,13.77726],[100.65332,13.77721],[100.65354,13.77693],[100.65424,13.77418],[100.65466,13.77351]],[[100.6259,13.78804],[100.62903,13.78867]]]}},{"type":"Feature","properties":{"id":"คลองลำพุทรา","name":"คลองลำพุทรา","kind":"canal"},"geometry":{"type":"MultiLineString","coordinates":[[[100.77976,13.76858],[100.77859,13.76576],[100.77849,13.76463],[100.77988,13.76223],[100.78038,13.76061],[100.78195,13.7599],[100.78226,13.75955],[100.7822,13.75911],[100.77876,13.75535],[100.77737,13.75274],[100.7759,13.75066],[100.77198,13.74803],[100.77121,13.74666],[100.77081,13.74532],[100.76899,13.74559]]]}},{"type":"Feature","properties":{"id":"คลองลำมดตะนอย","name":"คลองลำมดตะนอย","kind":"canal"},"geometry":{"type":"MultiLineString","coordinates":[[[100.87401,13.79816],[100.87197,13.79707],[100.87016,13.79506],[100.86906,13.79426],[100.86765,13.79409],[100.86558,13.79454],[100.86284,13.79258],[100.86245,13.79216],[100.86137,13.78977],[100.85945,13.78691],[100.859,13.78597],[100.85857,13.78331],[100.85716,13.78113],[100.85689,13.78089],[100.85476,13.78023],[100.8539,13.77922]]]}},{"type":"Feature","properties":{"id":"คลองลำมะขาม","name":"คลองลำมะขาม","kind":"canal"},"geometry":{"type":"MultiLineString","coordinates":[[[100.79937,13.78182],[100.80152,13.78155],[100.80416,13.78172],[100.80873,13.78159],[100.81013,13.78176],[100.81323,13.7827],[100.8142,13.78399],[100.81472,13.78421],[100.8156,13.78304],[100.81967,13.78178],[100.82291,13.77965]]]}},{"type":"Feature","properties":{"id":"คลองลำรางขวางต้นโพ","name":"คลองลำรางขวางต้นโพ","kind":"canal"},"geometry":{"type":"MultiLineString","coordinates":[[[100.45284,13.66734],[100.45345,13.66886],[100.45229,13.6732],[100.45152,13.67536]]]}},{"type":"Feature","properties":{"id":"คลองลำรางชวดด้วน","name":"คลองลำรางชวดด้วน","kind":"canal"},"geometry":{"type":"MultiLineString","coordinates":[[[100.772,13.74092],[100.77227,13.74078],[100.77637,13.74092]],[[100.77081,13.74532],[100.77125,13.74231],[100.772,13.74092],[100.76905,13.74078]]]}},{"type":"Feature","properties":{"id":"คลองลำรางตาทุย","name":"คลองลำรางตาทุย","kind":"canal"},"geometry":{"type":"MultiLineString","coordinates":[[[100.83254,13.75106],[100.83444,13.7512],[100.83839,13.75293],[100.84205,13.75368]]]}},{"type":"Feature","properties":{"id":"คลองลำรางสาธารณะ","name":"คลองลำรางสาธารณะ","kind":"canal"},"geometry":{"type":"MultiLineString","coordinates":[[[100.45802,13.64299],[100.45968,13.63902]]]}},{"type":"Feature","properties":{"id":"คลองลำรี","name":"คลองลำรี","kind":"canal"},"geometry":{"type":"MultiLineString","coordinates":[[[100.36136,13.98818],[100.3775,13.98017],[100.38535,13.96789],[100.38653,13.96578],[100.38948,13.96192],[100.39146,13.95764],[100.40458,13.94339],[100.40763,13.94118],[100.41535,13.9363],[100.42252,13.93292],[100.42512,13.9314],[100.42984,13.92911]]]}},{"type":"Feature","properties":{"id":"คลองลำลี","name":"คลองลำลี","kind":"canal"},"geometry":{"type":"MultiLineString","coordinates":[[[100.35352,13.85728],[100.35392,13.85632],[100.35464,13.8554],[100.35484,13.85426],[100.35443,13.85159],[100.35475,13.85013],[100.35475,13.8477],[100.35522,13.84733],[100.35655,13.84227],[100.3566,13.84154]]]}},{"type":"Feature","properties":{"id":"คลองลำวังคา","name":"คลองลำวังคา","kind":"canal"},"geometry":{"type":"MultiLineString","coordinates":[[[100.8811,13.78599],[100.88184,13.78498],[100.88165,13.78309],[100.8824,13.77841],[100.88235,13.7767],[100.88179,13.77564],[100.88149,13.77356],[100.88243,13.76895]]]}},{"type":"Feature","properties":{"id":"คลองลำสลัด","name":"คลองลำสลัด","kind":"canal"},"geometry":{"type":"MultiLineString","coordinates":[[[100.66921,13.54521],[100.66851,13.54339],[100.667,13.54146],[100.6667,13.54029],[100.66303,13.53842],[100.66265,13.53601]],[[100.6727,13.55554],[100.67234,13.55547],[100.67167,13.55473],[100.67253,13.55324],[100.67268,13.55262],[100.67101,13.54935],[100.6697,13.54723],[100.66923,13.54531]],[[100.66923,13.54531],[100.66921,13.54521]],[[100.66265,13.53601],[100.66218,13.53512],[100.6614,13.53452],[100.66045,13.53335],[100.65794,13.52842]],[[100.67259,13.55749],[100.6727,13.55554]]]}},{"type":"Feature","properties":{"id":"คลองลำสลิดทอง","name":"คลองลำสลิดทอง","kind":"canal"},"geometry":{"type":"MultiLineString","coordinates":[[[100.90447,13.81262],[100.90389,13.81224],[100.90372,13.81187],[100.90385,13.80944],[100.90427,13.80846],[100.90693,13.80563],[100.90736,13.80407],[100.90811,13.80403],[100.90957,13.80478],[100.91019,13.80463],[100.91045,13.8026]]]}},{"type":"Feature","properties":{"id":"คลองลำสาลี","name":"คลองลำสาลี","kind":"canal"},"geometry":{"type":"MultiLineString","coordinates":[[[100.67118,13.74836],[100.66525,13.74886],[100.66461,13.74955],[100.66293,13.74936],[100.65909,13.7498],[100.6561,13.74925],[100.6528,13.74973],[100.65174,13.74951],[100.65108,13.74957]]]}},{"type":"Feature","properties":{"id":"คลองลำหม้อแตก","name":"คลองลำหม้อแตก","kind":"canal"},"geometry":{"type":"MultiLineString","coordinates":[[[100.66493,13.93036],[100.66562,13.92731],[100.66663,13.92624],[100.66669,13.92515],[100.66578,13.92377],[100.66489,13.92355],[100.66372,13.92391],[100.66158,13.92026],[100.66085,13.91996],[100.65993,13.91911],[100.65982,13.91821],[100.6601,13.91579]]]}},{"type":"Feature","properties":{"id":"คลองลำหิน","name":"คลองลำหิน","kind":"canal"},"geometry":{"type":"MultiLineString","coordinates":[[[100.80891,13.88922],[100.80884,13.8886],[100.80833,13.88788],[100.80824,13.88736],[100.80851,13.88391],[100.80762,13.87937],[100.8077,13.87823],[100.80749,13.87718],[100.80747,13.87535],[100.8065,13.86546],[100.8061,13.86453],[100.80353,13.86222],[100.80291,13.86118],[100.80296,13.86086],[100.80385,13.85984],[100.804,13.85942],[100.80528,13.85435],[100.80585,13.85289]],[[100.8064,13.84436],[100.80769,13.83943],[100.80796,13.83732],[100.80782,13.83635],[100.80682,13.8336],[100.80667,13.8325],[100.80576,13.82966],[100.80578,13.82817],[100.8056,13.82733],[100.80586,13.82611]],[[100.80842,13.8534],[100.80849,13.85095],[100.80751,13.84792],[100.80652,13.84597],[100.8064,13.84436]]]}},{"type":"Feature","properties":{"id":"คลองลำเกร็ด","name":"คลองลำเกร็ด","kind":"canal"},"geometry":{"type":"MultiLineString","coordinates":[[[100.67823,13.83202],[100.68041,13.83032],[100.6813,13.82942],[100.68232,13.82784],[100.6845,13.82558],[100.68552,13.82477],[100.6867,13.82416],[100.69023,13.82299],[100.69321,13.82146],[100.69447,13.82061],[100.69525,13.81934],[100.69677,13.81894]],[[100.66382,13.84553],[100.66573,13.84192],[100.66876,13.83795],[100.67069,13.83946],[100.67245,13.83789],[100.67413,13.83672],[100.67448,13.83568],[100.67724,13.83278],[100.67823,13.83202]]]}},{"type":"Feature","properties":{"id":"คลองลำเกาะเลา","name":"คลองลำเกาะเลา","kind":"canal"},"geometry":{"type":"MultiLineString","coordinates":[[[100.83467,13.76789],[100.83532,13.76962],[100.83733,13.77132],[100.83877,13.77221],[100.8393,13.77436],[100.84144,13.78007],[100.84121,13.78453],[100.84142,13.78614],[100.84126,13.787],[100.8363,13.79089],[100.83533,13.79238]],[[100.84024,13.77019],[100.83995,13.77155],[100.83879,13.77226]]]}},{"type":"Feature","properties":{"id":"คลองลำเงิน","name":"คลองลำเงิน","kind":"canal"},"geometry":{"type":"MultiLineString","coordinates":[[[100.51255,13.77592],[100.51157,13.77401]]]}},{"type":"Feature","properties":{"id":"คลองลำเจดีย์","name":"คลองลำเจดีย์","kind":"canal"},"geometry":{"type":"MultiLineString","coordinates":[[[100.82939,13.88908],[100.82931,13.88844],[100.82948,13.88792],[100.83042,13.88642],[100.83207,13.88155]],[[100.82983,13.89602],[100.82959,13.89529],[100.82892,13.89469],[100.82849,13.89399],[100.82886,13.89266],[100.82884,13.89171],[100.82939,13.88908]],[[100.83207,13.88155],[100.83189,13.8804],[100.83159,13.88009],[100.83025,13.8795],[100.82918,13.87876],[100.82691,13.8779],[100.82606,13.87711],[100.82464,13.8763],[100.82316,13.87401],[100.82275,13.87367],[100.82116,13.87289],[100.81904,13.87302],[100.81878,13.8729],[100.81871,13.87249],[100.81994,13.8707],[100.81977,13.86992],[100.81953,13.86967],[100.81813,13.86933],[100.81606,13.86923],[100.81492,13.86848],[100.81428,13.86764]],[[100.80733,13.8741],[100.80878,13.87395],[100.81061,13.87346],[100.81175,13.87067],[100.8127,13.86924],[100.81428,13.86764]]]}},{"type":"Feature","properties":{"id":"คลองลำเจียก","name":"คลองลำเจียก","kind":"canal"},"geometry":{"type":"MultiLineString","coordinates":[[[100.63976,13.81891],[100.64062,13.81636],[100.64143,13.81519],[100.64457,13.81179],[100.64513,13.81053],[100.64599,13.80954]],[[100.62596,13.81923],[100.62855,13.81936],[100.63131,13.81912]],[[100.63131,13.81912],[100.63976,13.81891]]]}},{"type":"Feature","properties":{"id":"คลองลำเสือตาย","name":"คลองลำเสือตาย","kind":"canal"},"geometry":{"type":"MultiLineString","coordinates":[[[100.52773,13.88081],[100.52795,13.88215],[100.52839,13.88331],[100.52853,13.88497]]]}},{"type":"Feature","properties":{"id":"คลองลำแขก","name":"คลองลำแขก","kind":"canal"},"geometry":{"type":"MultiLineString","coordinates":[[[100.87083,13.80086],[100.86788,13.80135],[100.86517,13.8011],[100.86177,13.80206],[100.8602,13.80225],[100.85662,13.80167],[100.85435,13.80182],[100.84765,13.80312],[100.84704,13.80339],[100.84523,13.80485]]]}},{"type":"Feature","properties":{"id":"คลองลำแบน","name":"คลองลำแบน","kind":"canal"},"geometry":{"type":"MultiLineString","coordinates":[[[100.72871,13.90792],[100.72073,13.9064],[100.72008,13.90676],[100.71633,13.90642]]]}},{"type":"Feature","properties":{"id":"คลองลำโขล่","name":"คลองลำโขล่","kind":"canal"},"geometry":{"type":"MultiLineString","coordinates":[[[100.85399,13.82109],[100.85617,13.8211],[100.85874,13.81911],[100.8607,13.81881]],[[100.88431,13.80286],[100.88483,13.80246]],[[100.88483,13.80246],[100.88556,13.80157],[100.88612,13.80027],[100.88645,13.79991],[100.88738,13.7995],[100.88784,13.799],[100.88724,13.79765]],[[100.8607,13.81881],[100.86233,13.81787],[100.86325,13.81644],[100.86362,13.81619],[100.86499,13.81601],[100.86711,13.8141],[100.86868,13.8138],[100.86985,13.81301],[100.87051,13.81213],[100.87155,13.81005],[100.87395,13.80726],[100.87667,13.80646],[100.87987,13.80511],[100.88374,13.80409],[100.88431,13.80286]]]}},{"type":"Feature","properties":{"id":"คลองลำโพ","name":"คลองลำโพ","kind":"canal"},"geometry":{"type":"MultiLineString","coordinates":[[[100.41911,13.98136],[100.41999,13.98032],[100.42003,13.97995],[100.41953,13.97943],[100.42005,13.97865],[100.42258,13.97749],[100.42457,13.97513],[100.42684,13.97309],[100.4282,13.97115],[100.42849,13.96977],[100.42975,13.96967],[100.43139,13.96821],[100.43261,13.96611],[100.43432,13.96459],[100.43567,13.96371],[100.43649,13.96148],[100.4382,13.95924],[100.44038,13.95747],[100.44139,13.95607],[100.44283,13.95479]],[[100.39704,13.98464],[100.39842,13.98346],[100.40315,13.98312],[100.40474,13.98364],[100.40564,13.98428],[100.40905,13.98526],[100.41222,13.98498],[100.41441,13.98443],[100.41677,13.98322],[100.41911,13.98136]],[[100.44608,13.95179],[100.44397,13.94749],[100.44063,13.94357]],[[100.42478,13.91983],[100.42454,13.91875],[100.42486,13.91769]],[[100.42984,13.92911],[100.42763,13.92588]],[[100.44283,13.95479],[100.44392,13.9533],[100.44483,13.95265],[100.44567,13.95236],[100.44608,13.95179]],[[100.42688,13.92419],[100.42478,13.91983]],[[100.44063,13.94357],[100.44046,13.94317],[100.43828,13.94111]],[[100.43828,13.94111],[100.43782,13.94056],[100.43625,13.93731],[100.43513,13.93548],[100.43166,13.93155],[100.42984,13.92911]],[[100.42763,13.92588],[100.42688,13.92419]]]}},{"type":"Feature","properties":{"id":"คลองลำไทร","name":"คลองลำไทร","kind":"canal"},"geometry":{"type":"MultiLineString","coordinates":[[[100.82881,13.84227],[100.82937,13.84166],[100.83043,13.83902],[100.83346,13.83593],[100.834,13.83566],[100.83654,13.83523],[100.83919,13.83393],[100.84102,13.83257],[100.84213,13.83241]],[[100.85587,13.83759],[100.85454,13.83676],[100.85323,13.83627],[100.8472,13.83564],[100.84614,13.8353],[100.84213,13.83241]]]}},{"type":"Feature","properties":{"id":"คลองลำไผ่","name":"คลองลำไผ่","kind":"canal"},"geometry":{"type":"MultiLineString","coordinates":[[[100.62689,13.8556],[100.62613,13.85588]],[[100.63107,13.85526],[100.63008,13.85456],[100.62689,13.8556]],[[100.64027,13.85873],[100.63954,13.85718],[100.63918,13.85696],[100.6346,13.85605],[100.63252,13.85614],[100.63107,13.85526]]]}},{"type":"Feature","properties":{"id":"คลองลิง","name":"คลองลิง","kind":"canal"},"geometry":{"type":"MultiLineString","coordinates":[[[100.39987,13.59399],[100.40046,13.5934],[100.40104,13.5916],[100.40032,13.59116],[100.40018,13.59087],[100.40135,13.58848],[100.4021,13.58625],[100.4041,13.58758],[100.40489,13.58771],[100.40678,13.58757],[100.40726,13.58836],[100.40819,13.58896]]]}},{"type":"Feature","properties":{"id":"คลองลึก","name":"คลองลึก","kind":"canal"},"geometry":{"type":"MultiLineString","coordinates":[[[100.9379,14.1628],[100.93622,14.16271],[100.9358,14.16218],[100.93537,14.1609],[100.93482,14.1606],[100.93327,14.16027],[100.92653,14.16206],[100.91708,14.16423],[100.91372,14.16436]]]}},{"type":"Feature","properties":{"id":"คลองลุงตุ๋ย","name":"คลองลุงตุ๋ย","kind":"canal"},"geometry":{"type":"MultiLineString","coordinates":[[[100.41879,13.73391],[100.41917,13.73133]]]}},{"type":"Feature","properties":{"id":"คลองลุ่ย","name":"คลองลุ่ย","kind":"canal"},"geometry":{"type":"MultiLineString","coordinates":[[[100.57002,13.59337],[100.57088,13.5929],[100.57471,13.58979],[100.5756,13.58884],[100.57645,13.58743],[100.57719,13.58789],[100.57844,13.58806],[100.57869,13.58826],[100.57873,13.58874]],[[100.57873,13.58874],[100.58079,13.58901],[100.58113,13.5886],[100.58185,13.58852],[100.58299,13.58869],[100.58328,13.58906],[100.58393,13.58907],[100.58825,13.58646]]]}},{"type":"Feature","properties":{"id":"คลองลูกวัว","name":"คลองลูกวัว","kind":"canal"},"geometry":{"type":"MultiLineString","coordinates":[[[100.43296,13.58407],[100.43352,13.5821],[100.43266,13.5804],[100.43313,13.57798],[100.43286,13.57689],[100.43306,13.57527],[100.43351,13.5747],[100.43498,13.57381],[100.43543,13.57368],[100.43613,13.57381],[100.43716,13.57356],[100.43799,13.57255],[100.43876,13.57043],[100.44035,13.56983]],[[100.43265,13.56397],[100.43238,13.5628],[100.43099,13.56227],[100.4308,13.56151],[100.43085,13.56],[100.43094,13.55923],[100.43177,13.55901],[100.4322,13.55774],[100.43279,13.55761],[100.43298,13.55689],[100.43334,13.55666],[100.43355,13.55613],[100.43541,13.5556],[100.4357,13.55523],[100.43603,13.55517],[100.4364,13.55547],[100.43711,13.5552],[100.43797,13.55529],[100.44049,13.55493],[100.44238,13.55527],[100.44453,13.55604]],[[100.44148,13.56967],[100.4423,13.57158],[100.44278,13.57224],[100.44268,13.57337],[100.44348,13.57554],[100.44383,13.5781],[100.44437,13.57983],[100.44463,13.58012],[100.44544,13.58027],[100.44569,13.58181],[100.44673,13.58224]],[[100.43265,13.56397],[100.43333,13.56413],[100.43358,13.56472],[100.43557,13.56561],[100.43587,13.56608],[100.43667,13.5663],[100.43784,13.56881],[100.43813,13.56881],[100.43858,13.56839],[100.44046,13.56836],[100.4405,13.56892],[100.44021,13.56963],[100.4407,13.56993],[100.44225,13.56954],[100.4456,13.56938]]]}},{"type":"Feature","properties":{"id":"คลองล่ำตีนนก","name":"คลองล่ำตีนนก","kind":"canal"},"geometry":{"type":"MultiLineString","coordinates":[[[100.85724,13.62435],[100.8595,13.62388],[100.86017,13.62345],[100.86145,13.6213],[100.8615,13.62035],[100.86273,13.61779],[100.86228,13.61529],[100.86252,13.6143],[100.86238,13.6131],[100.86278,13.61231],[100.86233,13.61143],[100.86224,13.61061],[100.86344,13.60935],[100.86377,13.60847],[100.86484,13.60708],[100.86573,13.60533],[100.86755,13.60451],[100.86934,13.60466]]]}},{"type":"Feature","properties":{"id":"คลองวังใหญ่","name":"คลองวังใหญ่","kind":"canal"},"geometry":{"type":"MultiLineString","coordinates":[[[100.68006,13.75477],[100.67894,13.75207]],[[100.67894,13.75207],[100.67829,13.75041],[100.67748,13.74907],[100.67512,13.74852],[100.67242,13.74939],[100.67185,13.74908],[100.67043,13.74766],[100.66849,13.74767],[100.66625,13.74689],[100.66538,13.74588],[100.66455,13.74317],[100.66365,13.74282],[100.66311,13.7422],[100.66312,13.74173],[100.6635,13.74085],[100.66341,13.74018]]]}},{"type":"Feature","properties":{"id":"คลองวังใหญ่บน","name":"คลองวังใหญ่บน","kind":"canal"},"geometry":{"type":"MultiLineString","coordinates":[[[100.69374,13.75495],[100.69238,13.75469],[100.69132,13.75425],[100.68961,13.75443],[100.68758,13.75357],[100.68422,13.75437],[100.68247,13.75391],[100.68006,13.75477]]]}},{"type":"Feature","properties":{"id":"คลองวัฒนา","name":"คลองวัฒนา","kind":"canal"},"geometry":{"type":"MultiLineString","coordinates":[[[100.29378,13.77815],[100.2934,13.77732],[100.29255,13.7765],[100.29098,13.77619],[100.28601,13.77293],[100.28266,13.77167]],[[100.31141,13.79164],[100.31148,13.78819],[100.31206,13.78656],[100.30978,13.78554],[100.309,13.78551],[100.30892,13.78502],[100.30786,13.78442],[100.30665,13.78411],[100.30443,13.78304],[100.29961,13.78176],[100.29378,13.77815]]]}},{"type":"Feature","properties":{"id":"คลองวัด","name":"คลองวัด","kind":"canal"},"geometry":{"type":"MultiLineString","coordinates":[[[100.57819,13.70001],[100.57706,13.69727],[100.57568,13.6957],[100.57598,13.69538],[100.57235,13.69211],[100.57044,13.6892],[100.56889,13.68583],[100.56934,13.68567],[100.56914,13.6846]],[[100.56913,13.68453],[100.56895,13.68371]],[[100.56914,13.6846],[100.56913,13.68453]]]}},{"type":"Feature","properties":{"id":"คลองวัดกก","name":"คลองวัดกก","kind":"canal"},"geometry":{"type":"MultiLineString","coordinates":[[[100.45558,13.66715],[100.45268,13.67594]]]}},{"type":"Feature","properties":{"id":"คลองวัดกระโจมทอง","name":"คลองวัดกระโจมทอง","kind":"canal"},"geometry":{"type":"MultiLineString","coordinates":[[[100.48206,13.80622],[100.48189,13.80541],[100.48197,13.8008]]]}},{"type":"Feature","properties":{"id":"คลองวัดจันทน์","name":"คลองวัดจันทน์","kind":"canal"},"geometry":{"type":"MultiLineString","coordinates":[[[100.50005,13.68683],[100.50096,13.68973],[100.50204,13.69148]],[[100.50216,13.69167],[100.50204,13.69148]],[[100.50218,13.69169],[100.50216,13.69167]]]}},{"type":"Feature","properties":{"id":"คลองวัดช่องนนทรี","name":"คลองวัดช่องนนทรี","kind":"canal"},"geometry":{"type":"MultiLineString","coordinates":[[[100.54761,13.6928],[100.55215,13.69274]],[[100.54641,13.69268],[100.54657,13.69314],[100.54711,13.69291]],[[100.54711,13.69291],[100.54732,13.69287]],[[100.54732,13.69287],[100.54738,13.69286]],[[100.54738,13.69286],[100.54761,13.6928]]]}},{"type":"Feature","properties":{"id":"คลองวัดดอกไม้","name":"คลองวัดดอกไม้","kind":"canal"},"geometry":{"type":"MultiLineString","coordinates":[[[100.53148,13.68945],[100.52768,13.68434],[100.52576,13.68239]],[[100.5255,13.68205],[100.52224,13.67863]],[[100.52576,13.68239],[100.52564,13.68223]],[[100.52564,13.68223],[100.52561,13.68218]],[[100.52561,13.68218],[100.5255,13.68205]]]}},{"type":"Feature","properties":{"id":"คลองวัดดีดวด","name":"คลองวัดดีดวด","kind":"canal"},"geometry":{"type":"MultiLineString","coordinates":[[[100.46158,13.74017],[100.46295,13.7402],[100.46383,13.73966],[100.4641,13.73985],[100.46434,13.73945],[100.46575,13.73937]],[[100.46584,13.73929],[100.46603,13.73913],[100.46722,13.73906],[100.47062,13.73949],[100.47416,13.74106],[100.47583,13.74126]],[[100.46575,13.73937],[100.46584,13.73929]]]}},{"type":"Feature","properties":{"id":"คลองวัดดุสิดาราม","name":"คลองวัดดุสิดาราม","kind":"canal"},"geometry":{"type":"MultiLineString","coordinates":[[[100.48813,13.76481],[100.4885,13.76332],[100.49019,13.76117]]]}},{"type":"Feature","properties":{"id":"คลองวัดด่าน","name":"คลองวัดด่าน","kind":"canal"},"geometry":{"type":"MultiLineString","coordinates":[[[100.53895,13.67764],[100.53901,13.68],[100.53874,13.6807],[100.53899,13.68155]],[[100.54043,13.66922],[100.53998,13.67195],[100.53953,13.67285]],[[100.53953,13.67285],[100.53949,13.67304]],[[100.53949,13.67304],[100.53947,13.67311]],[[100.53947,13.67311],[100.53943,13.67332]],[[100.53943,13.67332],[100.53956,13.67367],[100.53933,13.67405],[100.53933,13.67513]],[[100.53933,13.67513],[100.53912,13.67629]],[[100.53912,13.67629],[100.53895,13.67728]],[[100.53895,13.67728],[100.53895,13.67738]],[[100.53895,13.67738],[100.53894,13.67753]],[[100.53894,13.67753],[100.53895,13.67764]]]}},{"type":"Feature","properties":{"id":"คลองวัดตะกล่ำ","name":"คลองวัดตะกล่ำ","kind":"canal"},"geometry":{"type":"MultiLineString","coordinates":[[[100.66593,13.67683],[100.66237,13.67125]]]}},{"type":"Feature","properties":{"id":"คลองวัดตึก","name":"คลองวัดตึก","kind":"canal"},"geometry":{"type":"MultiLineString","coordinates":[[[100.60392,13.76878],[100.60625,13.76685],[100.6064,13.76655],[100.60633,13.76548],[100.60649,13.76529],[100.61341,13.75973]],[[100.60757,13.78677],[100.60691,13.78203],[100.6055,13.77551],[100.60646,13.7752],[100.60643,13.77498],[100.60556,13.77414],[100.60415,13.77154],[100.60329,13.77038],[100.60309,13.76993],[100.60348,13.76933]],[[100.60363,13.76915],[100.6038,13.76893]],[[100.6035,13.76931],[100.60363,13.76915]],[[100.6038,13.76893],[100.60392,13.76878]]]}},{"type":"Feature","properties":{"id":"คลองวัดทอง","name":"คลองวัดทอง","kind":"canal"},"geometry":{"type":"MultiLineString","coordinates":[[[100.46918,13.75577],[100.46824,13.7558],[100.46814,13.756],[100.467,13.75618],[100.46501,13.7558],[100.46304,13.75524],[100.46241,13.75489],[100.46197,13.75484],[100.46179,13.75507],[100.46012,13.75487]],[[100.47666,13.76085],[100.47706,13.76272],[100.47783,13.76369]],[[100.47653,13.76064],[100.47666,13.76085]],[[100.47424,13.75835],[100.47584,13.76022],[100.47653,13.76064]],[[100.47467,13.75769],[100.47294,13.75563],[100.46948,13.75577]],[[100.46948,13.75577],[100.46918,13.75577]]]}},{"type":"Feature","properties":{"id":"คลองวัดทองบน","name":"คลองวัดทองบน","kind":"canal"},"geometry":{"type":"MultiLineString","coordinates":[[[100.52744,13.68033],[100.52687,13.67965],[100.52545,13.67915],[100.52379,13.67729]],[[100.53252,13.68687],[100.52778,13.68066]],[[100.52778,13.68066],[100.52744,13.68033]]]}},{"type":"Feature","properties":{"id":"คลองวัดทองเพลง","name":"คลองวัดทองเพลง","kind":"canal"},"geometry":{"type":"MultiLineString","coordinates":[[[100.50133,13.72452],[100.50674,13.7255],[100.509,13.72566]],[[100.50923,13.72566],[100.51276,13.72577]],[[100.509,13.72566],[100.50923,13.72566]]]}},{"type":"Feature","properties":{"id":"คลองวัดท่าพระ","name":"คลองวัดท่าพระ","kind":"canal"},"geometry":{"type":"MultiLineString","coordinates":[[[100.46338,13.73133],[100.46407,13.73168],[100.4641,13.73185],[100.46489,13.73205],[100.46508,13.7316],[100.46572,13.73176],[100.4658,13.73148],[100.46657,13.73154],[100.46655,13.73182],[100.4673,13.73156],[100.46887,13.73178],[100.46906,13.73201],[100.47091,13.73273],[100.47236,13.73272]],[[100.47268,13.73271],[100.47294,13.7327]],[[100.47236,13.73272],[100.47268,13.73271]]]}},{"type":"Feature","properties":{"id":"คลองวัดนาคปรก","name":"คลองวัดนาคปรก","kind":"canal"},"geometry":{"type":"MultiLineString","coordinates":[[[100.46302,13.7203],[100.46407,13.71928],[100.46597,13.71828],[100.46601,13.71799],[100.46911,13.71758]]]}},{"type":"Feature","properties":{"id":"คลองวัดน้อย","name":"คลองวัดน้อย","kind":"canal"},"geometry":{"type":"MultiLineString","coordinates":[[[100.52203,13.78494],[100.52188,13.78654],[100.52255,13.78902],[100.5226,13.78993]],[[100.5226,13.79005],[100.52277,13.79075]],[[100.5226,13.78993],[100.5226,13.79005]],[[100.52246,13.77804],[100.5225,13.77829]],[[100.5225,13.77829],[100.52238,13.77989]],[[100.52238,13.77989],[100.52223,13.78231]],[[100.52206,13.78467],[100.52203,13.78494]],[[100.52223,13.78231],[100.52223,13.78234]],[[100.52223,13.78234],[100.52224,13.78299]],[[100.52224,13.78299],[100.52223,13.78301]],[[100.52223,13.78301],[100.52206,13.78467]]]}},{"type":"Feature","properties":{"id":"คลองวัดน้อยนางหงษ์","name":"คลองวัดน้อยนางหงษ์","kind":"canal"},"geometry":{"type":"MultiLineString","coordinates":[[[100.48892,13.77192],[100.48939,13.77278],[100.48902,13.77359],[100.48876,13.77364],[100.48825,13.77428],[100.48945,13.77599]]]}},{"type":"Feature","properties":{"id":"คลองวัดบางขมิ้น","name":"คลองวัดบางขมิ้น","kind":"canal"},"geometry":{"type":"MultiLineString","coordinates":[[[100.54623,13.67004],[100.54664,13.66932],[100.54827,13.6675]]]}},{"type":"Feature","properties":{"id":"คลองวัดบางวัว","name":"คลองวัดบางวัว","kind":"canal"},"geometry":{"type":"MultiLineString","coordinates":[[[100.59199,13.66374],[100.58157,13.66776],[100.57935,13.6692]]]}},{"type":"Feature","properties":{"id":"คลองวัดประชารังสรรค์","name":"คลองวัดประชารังสรรค์","kind":"canal"},"geometry":{"type":"MultiLineString","coordinates":[[[100.44538,13.86299],[100.4466,13.86391],[100.44831,13.86452]]]}},{"type":"Feature","properties":{"id":"คลองวัดประดู่","name":"คลองวัดประดู่","kind":"canal"},"geometry":{"type":"MultiLineString","coordinates":[[[100.45764,13.72094],[100.4566,13.72363]],[[100.45811,13.71855],[100.45777,13.72041]],[[100.45777,13.72041],[100.45764,13.72094]]]}},{"type":"Feature","properties":{"id":"คลองวัดปรินายก","name":"คลองวัดปรินายก","kind":"canal"},"geometry":{"type":"MultiLineString","coordinates":[[[100.50466,13.75817],[100.50639,13.75912]]]}},{"type":"Feature","properties":{"id":"คลองวัดปริวาส","name":"คลองวัดปริวาส","kind":"canal"},"geometry":{"type":"MultiLineString","coordinates":[[[100.53742,13.68241],[100.53703,13.6813],[100.53496,13.67755],[100.53107,13.67161]],[[100.53799,13.68347],[100.53745,13.6825]],[[100.53745,13.6825],[100.53742,13.68241]],[[100.53838,13.68389],[100.53806,13.68355]],[[100.53806,13.68355],[100.53799,13.68347]]]}},{"type":"Feature","properties":{"id":"คลองวัดพระนอน","name":"คลองวัดพระนอน","kind":"canal"},"geometry":{"type":"MultiLineString","coordinates":[[[100.39836,13.85579],[100.39778,13.85417],[100.39773,13.85333]],[[100.39773,13.85333],[100.3981,13.85196],[100.39784,13.85131],[100.39735,13.85099],[100.39735,13.85063],[100.39781,13.85046],[100.39812,13.84967],[100.39872,13.84903]]]}},{"type":"Feature","properties":{"id":"คลองวัดพิกุล","name":"คลองวัดพิกุล","kind":"canal"},"geometry":{"type":"MultiLineString","coordinates":[[[100.47698,13.78924],[100.47447,13.79015],[100.47211,13.78998],[100.47191,13.79049],[100.46947,13.79134],[100.46802,13.79226]],[[100.47315,13.78243],[100.47053,13.77866],[100.46964,13.77786]],[[100.47433,13.78481],[100.47472,13.78446],[100.47339,13.78276]],[[100.47339,13.78276],[100.47315,13.78243]]]}},{"type":"Feature","properties":{"id":"คลองวัดยาง","name":"คลองวัดยาง","kind":"canal"},"geometry":{"type":"MultiLineString","coordinates":[[[100.47458,13.75515],[100.47443,13.75431],[100.47478,13.75315],[100.47451,13.75264],[100.47171,13.75207],[100.46997,13.75148],[100.46541,13.75117],[100.46524,13.75092],[100.46219,13.75026]],[[100.47541,13.75665],[100.47492,13.7561],[100.47469,13.75544]],[[100.47469,13.75544],[100.47458,13.75515]]]}},{"type":"Feature","properties":{"id":"คลองวัดยานนาวา","name":"คลองวัดยานนาวา","kind":"canal"},"geometry":{"type":"MultiLineString","coordinates":[[[100.52079,13.7155],[100.51441,13.71677]],[[100.51262,13.71715],[100.51142,13.71752]],[[100.51441,13.71677],[100.51328,13.717]],[[100.51328,13.717],[100.51297,13.71707]],[[100.51297,13.71707],[100.51262,13.71715]]]}},{"type":"Feature","properties":{"id":"คลองวัดยายร่ม","name":"คลองวัดยายร่ม","kind":"canal"},"geometry":{"type":"MultiLineString","coordinates":[[[100.46903,13.67857],[100.4688,13.67862],[100.46747,13.67782],[100.46604,13.67757],[100.46505,13.67662],[100.46432,13.67665]]]}},{"type":"Feature","properties":{"id":"คลองวัดรวก","name":"คลองวัดรวก","kind":"canal"},"geometry":{"type":"MultiLineString","coordinates":[[[100.48396,13.78291],[100.47966,13.7852]]]}},{"type":"Feature","properties":{"id":"คลองวัดระฆัง","name":"คลองวัดระฆัง","kind":"canal"},"geometry":{"type":"MultiLineString","coordinates":[[[100.48308,13.75227],[100.48431,13.75216],[100.48495,13.75164],[100.48541,13.75153],[100.48765,13.75155]]]}},{"type":"Feature","properties":{"id":"คลองวัดราชสิทธาราม","name":"คลองวัดราชสิทธาราม","kind":"canal"},"geometry":{"type":"MultiLineString","coordinates":[[[100.48194,13.74267],[100.48206,13.74077],[100.48279,13.7402],[100.48311,13.73949],[100.48507,13.73703],[100.48734,13.73535]]]}},{"type":"Feature","properties":{"id":"คลองวัดราชาธิวาสราชวรวิหาร","name":"คลองวัดราชาธิวาสราชวรวิหาร","kind":"canal"},"geometry":{"type":"MultiLineString","coordinates":[[[100.50075,13.77699],[100.50399,13.77624],[100.50661,13.77519]]]}},{"type":"Feature","properties":{"id":"คลองวัดลาดปลาเค้า","name":"คลองวัดลาดปลาเค้า","kind":"canal"},"geometry":{"type":"MultiLineString","coordinates":[[[100.60637,13.84905],[100.60652,13.84794],[100.60567,13.84651],[100.60522,13.84398],[100.60482,13.84282],[100.60508,13.84195],[100.60584,13.84105],[100.60657,13.83937],[100.60653,13.83657],[100.60612,13.83592]]]}},{"type":"Feature","properties":{"id":"คลองวัดสนามนอก","name":"คลองวัดสนามนอก","kind":"canal"},"geometry":{"type":"MultiLineString","coordinates":[[[100.47875,13.79487],[100.4786,13.79466],[100.47588,13.79477],[100.47369,13.79584],[100.47063,13.79692]]]}},{"type":"Feature","properties":{"id":"คลองวัดสักน้อย","name":"คลองวัดสักน้อย","kind":"canal"},"geometry":{"type":"MultiLineString","coordinates":[[[100.46661,13.80879],[100.4661,13.80832],[100.46614,13.808],[100.46564,13.8072],[100.46512,13.80692],[100.46317,13.80483]],[[100.47292,13.81326],[100.47056,13.81203],[100.46906,13.81075],[100.4688,13.81075],[100.46852,13.8103],[100.46801,13.81012],[100.46669,13.80914],[100.46661,13.80879]]]}},{"type":"Feature","properties":{"id":"คลองวัดสักใหญ่","name":"คลองวัดสักใหญ่","kind":"canal"},"geometry":{"type":"MultiLineString","coordinates":[[[100.46836,13.81409],[100.46791,13.81438],[100.46753,13.81497],[100.46705,13.8152],[100.46665,13.8153],[100.46529,13.81501],[100.46495,13.8143],[100.46425,13.81395],[100.46322,13.81291],[100.46322,13.81251],[100.46265,13.8124],[100.46195,13.81148],[100.46188,13.81091],[100.46157,13.81061],[100.46147,13.81018],[100.46066,13.80961],[100.46013,13.80959],[100.45978,13.80936],[100.45869,13.80832]],[[100.47142,13.81602],[100.47056,13.81475],[100.46984,13.81411],[100.46876,13.81397],[100.46836,13.81409]]]}},{"type":"Feature","properties":{"id":"คลองวัดสังข์กระจายวรวิหาร","name":"คลองวัดสังข์กระจายวรวิหาร","kind":"canal"},"geometry":{"type":"MultiLineString","coordinates":[[[100.48549,13.73671],[100.4837,13.73534],[100.48373,13.73515],[100.48463,13.73453],[100.48543,13.73348],[100.48643,13.73285]]]}},{"type":"Feature","properties":{"id":"คลองวัดสังเวช","name":"คลองวัดสังเวช","kind":"canal"},"geometry":{"type":"MultiLineString","coordinates":[[[100.49656,13.76561],[100.49804,13.76476]]]}},{"type":"Feature","properties":{"id":"คลองวัดสิงห์","name":"คลองวัดสิงห์","kind":"canal"},"geometry":{"type":"MultiLineString","coordinates":[[[100.44251,13.68785],[100.44402,13.68656],[100.44421,13.6859],[100.44509,13.68485]],[[100.44687,13.68254],[100.4473,13.68157],[100.44756,13.68141]],[[100.44509,13.68485],[100.44548,13.68416],[100.44643,13.68386],[100.4464,13.68305],[100.44687,13.68254]],[[100.43771,13.69368],[100.44251,13.68785]],[[100.43465,13.69878],[100.43713,13.69458]],[[100.43743,13.69413],[100.43771,13.69368]],[[100.43713,13.69458],[100.43743,13.69413]]]}},{"type":"Feature","properties":{"id":"คลองวัดสีชมพู","name":"คลองวัดสีชมพู","kind":"canal"},"geometry":{"type":"MultiLineString","coordinates":[[[100.83899,13.93242],[100.8372,13.93196],[100.83605,13.93095],[100.83508,13.93079],[100.83238,13.93122],[100.82891,13.93251],[100.82836,13.93255],[100.82753,13.93225],[100.82559,13.92972],[100.82286,13.92827],[100.82116,13.92842],[100.81957,13.92824],[100.81913,13.92883],[100.81894,13.92884],[100.81796,13.92876],[100.81408,13.92758]]]}},{"type":"Feature","properties":{"id":"คลองวัดสีสุก","name":"คลองวัดสีสุก","kind":"canal"},"geometry":{"type":"MultiLineString","coordinates":[[[100.47015,13.68219],[100.46857,13.68185],[100.46678,13.68113],[100.46597,13.68051],[100.46438,13.68027],[100.46379,13.68041]]]}},{"type":"Feature","properties":{"id":"คลองวัดหลักสี่","name":"คลองวัดหลักสี่","kind":"canal"},"geometry":{"type":"MultiLineString","coordinates":[[[100.58447,13.8904],[100.58678,13.88996],[100.5872,13.88957],[100.58812,13.88928],[100.58876,13.88953],[100.58991,13.88937],[100.59467,13.88761]],[[100.58281,13.89068],[100.58447,13.8904]]]}},{"type":"Feature","properties":{"id":"คลองวัดหลังบาง","name":"คลองวัดหลังบาง","kind":"canal"},"geometry":{"type":"MultiLineString","coordinates":[[[100.39233,13.8581],[100.39242,13.85733],[100.3919,13.85655],[100.39129,13.8561],[100.39098,13.85548],[100.39104,13.85431],[100.39179,13.85292],[100.39168,13.85178],[100.39147,13.85122],[100.39114,13.85093],[100.39132,13.85054],[100.39116,13.85007],[100.39155,13.84904],[100.39157,13.84773],[100.39133,13.8476],[100.39135,13.84735]]]}},{"type":"Feature","properties":{"id":"คลองวัดอรุณ","name":"คลองวัดอรุณ","kind":"canal"},"geometry":{"type":"MultiLineString","coordinates":[[[100.47712,13.7441],[100.47765,13.74372],[100.47776,13.74338],[100.47872,13.74292],[100.48091,13.74267]],[[100.48091,13.74267],[100.48194,13.74267],[100.48657,13.74439]],[[100.48657,13.74439],[100.48957,13.74545]]]}},{"type":"Feature","properties":{"id":"คลองวัดอังกุลา","name":"คลองวัดอังกุลา","kind":"canal"},"geometry":{"type":"MultiLineString","coordinates":[[[100.44995,13.77907],[100.44975,13.77476],[100.45152,13.77417],[100.45103,13.77195]]]}},{"type":"Feature","properties":{"id":"คลองวัดอัปสรสวรรค์","name":"คลองวัดอัปสรสวรรค์","kind":"canal"},"geometry":{"type":"MultiLineString","coordinates":[[[100.46637,13.7196],[100.47023,13.71944]],[[100.46607,13.72135],[100.46635,13.7197]]]}},{"type":"Feature","properties":{"id":"คลองวัดเกตุ","name":"คลองวัดเกตุ","kind":"canal"},"geometry":{"type":"MultiLineString","coordinates":[[[100.4547,13.81623],[100.45538,13.81489],[100.45409,13.81332],[100.45983,13.80705],[100.46165,13.80567],[100.46317,13.80483]],[[100.46679,13.80276],[100.46317,13.80483]],[[100.46866,13.80166],[100.46679,13.80276]],[[100.4719,13.80032],[100.46866,13.80166]]]}},{"type":"Feature","properties":{"id":"คลองวัดเจ้ามูล","name":"คลองวัดเจ้ามูล","kind":"canal"},"geometry":{"type":"MultiLineString","coordinates":[[[100.4712,13.73678],[100.46703,13.73599],[100.46211,13.73581]]]}},{"type":"Feature","properties":{"id":"คลองวัดเจ้าอาม","name":"คลองวัดเจ้าอาม","kind":"canal"},"geometry":{"type":"MultiLineString","coordinates":[[[100.46657,13.77908],[100.46559,13.77615],[100.46533,13.77405]]]}},{"type":"Feature","properties":{"id":"คลองวัดเทพนารี","name":"คลองวัดเทพนารี","kind":"canal"},"geometry":{"type":"MultiLineString","coordinates":[[[100.50112,13.78418],[100.50351,13.78307]]]}},{"type":"Feature","properties":{"id":"คลองวัดเบญจมบพิตร","name":"คลองวัดเบญจมบพิตร","kind":"canal"},"geometry":{"type":"MultiLineString","coordinates":[[[100.51281,13.76675],[100.51471,13.76591]]]}},{"type":"Feature","properties":{"id":"คลองวัดเพลง","name":"คลองวัดเพลง","kind":"canal"},"geometry":{"type":"MultiLineString","coordinates":[[[100.46277,13.71788],[100.46912,13.71588]],[[100.46043,13.71939],[100.4608,13.719],[100.46277,13.71788]],[[100.48516,13.79447],[100.48766,13.79447],[100.48885,13.79467]]]}},{"type":"Feature","properties":{"id":"คลองวัดเสาหิน","name":"คลองวัดเสาหิน","kind":"canal"},"geometry":{"type":"MultiLineString","coordinates":[[[100.51845,13.81905],[100.51877,13.81904],[100.52071,13.81998]],[[100.51531,13.81996],[100.51643,13.81957]],[[100.51805,13.81908],[100.51845,13.81905]],[[100.51643,13.81957],[100.51805,13.81908]],[[100.51461,13.82044],[100.51531,13.81996]]]}},{"type":"Feature","properties":{"id":"คลองวัดแจ้ง","name":"คลองวัดแจ้ง","kind":"canal"},"geometry":{"type":"MultiLineString","coordinates":[[[100.53674,14.04157],[100.53731,14.04344],[100.53794,14.04403],[100.54016,14.04698]],[[100.54016,14.04698],[100.54221,14.05028],[100.54301,14.05126],[100.54297,14.05223],[100.54627,14.05648]]]}},{"type":"Feature","properties":{"id":"คลองวัดแดง","name":"คลองวัดแดง","kind":"canal"},"geometry":{"type":"MultiLineString","coordinates":[[[100.44964,13.88911],[100.45016,13.88908],[100.45165,13.88947],[100.45252,13.88927],[100.45883,13.89032]],[[100.48499,13.88567],[100.48309,13.88633],[100.48146,13.88771],[100.4799,13.88821],[100.48015,13.88876],[100.47944,13.88955],[100.47894,13.88938],[100.47839,13.89027],[100.47682,13.89151],[100.47493,13.8918],[100.47451,13.89213],[100.47243,13.89155],[100.47031,13.89161],[100.46975,13.89181]],[[100.45883,13.89032],[100.46181,13.89217]],[[100.46975,13.89181],[100.4683,13.8921],[100.46831,13.89247],[100.4662,13.89276],[100.46608,13.89224],[100.46493,13.89234]],[[100.46493,13.89234],[100.46281,13.89261]]]}},{"type":"Feature","properties":{"id":"คลองวัดแดงประชาราษฎร์","name":"คลองวัดแดงประชาราษฎร์","kind":"canal"},"geometry":{"type":"MultiLineString","coordinates":[[[100.47295,13.83165],[100.47215,13.83084],[100.46998,13.82928],[100.46594,13.82538]],[[100.47372,13.83276],[100.473,13.83173]],[[100.473,13.83173],[100.47295,13.83165]]]}},{"type":"Feature","properties":{"id":"คลองวัดโคก","name":"คลองวัดโคก","kind":"canal"},"geometry":{"type":"MultiLineString","coordinates":[[[100.52553,14.0089],[100.52721,14.0072],[100.52847,14.00502],[100.52883,14.00406],[100.52974,14.00291]],[[100.53042,14.00187],[100.53197,13.99939],[100.53231,13.99847],[100.53231,13.99788],[100.53268,13.99756],[100.53289,13.99701],[100.53511,13.99465]]]}},{"type":"Feature","properties":{"id":"คลองวัดโคนอน","name":"คลองวัดโคนอน","kind":"canal"},"geometry":{"type":"MultiLineString","coordinates":[[[100.45501,13.71746],[100.45517,13.71263],[100.45591,13.70835]]]}},{"type":"Feature","properties":{"id":"คลองวัดใหม่ภาวนา","name":"คลองวัดใหม่ภาวนา","kind":"canal"},"geometry":{"type":"MultiLineString","coordinates":[[[100.47018,13.77685],[100.46898,13.77652],[100.46878,13.77628],[100.46885,13.77571],[100.46866,13.77536],[100.46776,13.77464],[100.46642,13.77202],[100.46655,13.77096],[100.46696,13.77025],[100.46724,13.76881],[100.46815,13.76735]]]}},{"type":"Feature","properties":{"id":"คลองวัดใหม่ยายนุ้ย","name":"คลองวัดใหม่ยายนุ้ย","kind":"canal"},"geometry":{"type":"MultiLineString","coordinates":[[[100.47128,13.71018],[100.4679,13.71157],[100.46769,13.7118]],[[100.47636,13.71118],[100.47319,13.71058]]]}},{"type":"Feature","properties":{"id":"คลองวัดไชยทิศ","name":"คลองวัดไชยทิศ","kind":"canal"},"geometry":{"type":"MultiLineString","coordinates":[[[100.46699,13.7698],[100.46583,13.76917],[100.46558,13.76869],[100.46475,13.76594],[100.46475,13.76356],[100.46234,13.7636],[100.46235,13.76442],[100.46064,13.76453]]]}},{"type":"Feature","properties":{"id":"คลองวัดไทยเจริญ","name":"คลองวัดไทยเจริญ","kind":"canal"},"geometry":{"type":"MultiLineString","coordinates":[[[100.44388,13.8182],[100.44526,13.82157],[100.44557,13.82392]],[[100.44559,13.82449],[100.44593,13.82718],[100.44569,13.82917]],[[100.44557,13.82392],[100.44558,13.82405]],[[100.44558,13.82405],[100.44558,13.82409]],[[100.44558,13.82409],[100.44559,13.82419]],[[100.44559,13.82419],[100.44559,13.82422]],[[100.44559,13.82422],[100.4456,13.82435]],[[100.4456,13.82437],[100.44559,13.82449]],[[100.4456,13.82435],[100.4456,13.82437]]]}},{"type":"Feature","properties":{"id":"คลองวัดไทร","name":"คลองวัดไทร","kind":"canal"},"geometry":{"type":"MultiLineString","coordinates":[[[100.51712,13.6873],[100.51597,13.68603],[100.51481,13.68405]],[[100.52155,13.69539],[100.51712,13.6873]]]}},{"type":"Feature","properties":{"id":"คลองวัดไผ่เงิน","name":"คลองวัดไผ่เงิน","kind":"canal"},"geometry":{"type":"MultiLineString","coordinates":[[[100.5245,13.70012],[100.52067,13.69576]]]}},{"type":"Feature","properties":{"id":"คลองวัว","name":"คลองวัว","kind":"canal"},"geometry":{"type":"MultiLineString","coordinates":[[[100.33721,13.83857],[100.33704,13.84005]],[[100.33704,13.84005],[100.33723,13.84063],[100.33637,13.84341]],[[100.33637,13.84341],[100.33539,13.84668],[100.33531,13.84715],[100.33553,13.84759],[100.3351,13.84911],[100.33251,13.85377],[100.33232,13.85525]],[[100.52133,14.09394],[100.5228,14.09323],[100.52417,14.09161],[100.525,14.09102],[100.526,14.09116],[100.5263,14.09136],[100.52656,14.09196],[100.52718,14.09169],[100.52722,14.09128],[100.52765,14.09078],[100.5277,14.09029],[100.5275,14.08977],[100.52837,14.08904],[100.52944,14.08714]]]}},{"type":"Feature","properties":{"id":"คลองวาสุกรี","name":"คลองวาสุกรี","kind":"canal"},"geometry":{"type":"MultiLineString","coordinates":[[[100.50621,13.77394],[100.5058,13.77407],[100.50527,13.7739],[100.50036,13.77588]]]}},{"type":"Feature","properties":{"id":"คลองวาเดียว","name":"คลองวาเดียว","kind":"canal"},"geometry":{"type":"MultiLineString","coordinates":[[[100.3637,13.8763],[100.35932,13.87658],[100.3473,13.87668],[100.34548,13.87695],[100.33973,13.87844],[100.33519,13.87785],[100.33115,13.8769]],[[100.37773,13.87656],[100.38534,13.87539],[100.39318,13.87349],[100.39423,13.8734],[100.3956,13.87365],[100.39624,13.87351],[100.3976,13.87284],[100.39949,13.87234],[100.40066,13.87182],[100.4051,13.87076],[100.40779,13.86976]],[[100.36446,13.87621],[100.3637,13.8763]],[[100.37773,13.87656],[100.37439,13.87653],[100.36908,13.87586],[100.3684,13.87601],[100.36752,13.87658],[100.36446,13.87621]]]}},{"type":"Feature","properties":{"id":"คลองศรีกุมาร","name":"คลองศรีกุมาร","kind":"canal"},"geometry":{"type":"MultiLineString","coordinates":[[[100.42348,13.51006],[100.42091,13.51452],[100.42022,13.51628],[100.42048,13.51929],[100.42057,13.52632]]]}},{"type":"Feature","properties":{"id":"คลองศรีสำราญ","name":"คลองศรีสำราญ","kind":"canal"},"geometry":{"type":"MultiLineString","coordinates":[[[100.33016,13.70276],[100.33027,13.69985]],[[100.33027,13.69985],[100.33056,13.69911]],[[100.33126,13.6973],[100.33175,13.69385]],[[100.33206,13.69204],[100.33241,13.68842],[100.33382,13.68326]],[[100.33056,13.69911],[100.33126,13.6973]],[[100.33382,13.68326],[100.33356,13.68147]],[[100.33356,13.68147],[100.33604,13.67695]],[[100.33175,13.69385],[100.33209,13.69271],[100.33206,13.69204]]]}},{"type":"Feature","properties":{"id":"คลองศาลาคู้","name":"คลองศาลาคู้","kind":"canal"},"geometry":{"type":"MultiLineString","coordinates":[[[100.79773,13.83982],[100.79594,13.84334],[100.79636,13.8442],[100.79496,13.84698]],[[100.79692,13.84308],[100.79636,13.8442]],[[100.79981,13.83485],[100.79778,13.83973]],[[100.79778,13.83973],[100.79773,13.83982]]]}},{"type":"Feature","properties":{"id":"คลองศาลาลอยบน","name":"คลองศาลาลอยบน","kind":"canal"},"geometry":{"type":"MultiLineString","coordinates":[[[100.67832,13.71912],[100.6789,13.71776],[100.67889,13.71717],[100.67816,13.71552],[100.67593,13.71303],[100.67489,13.71236],[100.67472,13.71151],[100.67479,13.71063],[100.6736,13.70951],[100.67333,13.70908],[100.67342,13.70884],[100.67294,13.70879],[100.67232,13.70809],[100.67189,13.70813],[100.67148,13.70777]],[[100.67891,13.72399],[100.67897,13.72195],[100.67831,13.72184],[100.67832,13.71912]]]}},{"type":"Feature","properties":{"id":"คลองศาลเจ้า","name":"คลองศาลเจ้า","kind":"canal"},"geometry":{"type":"MultiLineString","coordinates":[[[100.44376,13.78688],[100.44376,13.78747],[100.44456,13.78795],[100.44471,13.78828],[100.44491,13.79921]]]}},{"type":"Feature","properties":{"id":"คลองศิริธร","name":"คลองศิริธร","kind":"canal"},"geometry":{"type":"MultiLineString","coordinates":[[[100.38166,13.67917],[100.38134,13.68103],[100.38051,13.68168],[100.37886,13.69079]]]}},{"type":"Feature","properties":{"id":"คลองสกัด 100","name":"คลองสกัด 100","kind":"canal"},"geometry":{"type":"MultiLineString","coordinates":[[[100.78041,13.55155],[100.77432,13.55309]],[[100.77432,13.55309],[100.76303,13.55595]]]}},{"type":"Feature","properties":{"id":"คลองสกัด 50","name":"คลองสกัด 50","kind":"canal"},"geometry":{"type":"MultiLineString","coordinates":[[[100.78561,13.56957],[100.76655,13.57451]]]}},{"type":"Feature","properties":{"id":"คลองสกัด 75","name":"คลองสกัด 75","kind":"canal"},"geometry":{"type":"MultiLineString","coordinates":[[[100.78297,13.56046],[100.76431,13.56517]]]}},{"type":"Feature","properties":{"id":"คลองสถาพร","name":"คลองสถาพร","kind":"canal"},"geometry":{"type":"MultiLineString","coordinates":[[[100.25461,13.99189],[100.25227,13.98901],[100.24222,13.97493],[100.23525,13.96696],[100.23125,13.96419],[100.22228,13.95572],[100.21797,13.94898]],[[100.26238,13.99816],[100.25461,13.99189]],[[100.26975,14.00582],[100.26558,14.00125]],[[100.26558,14.00125],[100.26378,13.99934]],[[100.26378,13.99934],[100.26238,13.99816]]]}},{"type":"Feature","properties":{"id":"คลองสนามกลางลำ","name":"คลองสนามกลางลำ","kind":"canal"},"geometry":{"type":"MultiLineString","coordinates":[[[100.8105,13.89123],[100.80939,13.89111],[100.80921,13.89092],[100.80891,13.88999],[100.80891,13.88922]],[[100.83815,13.90666],[100.83704,13.90531],[100.83627,13.90353],[100.83389,13.90135],[100.83184,13.89841],[100.82983,13.89602]],[[100.82983,13.89602],[100.82856,13.89556],[100.82707,13.89574],[100.82462,13.89574],[100.82379,13.89556],[100.81895,13.89416],[100.81786,13.89362],[100.8165,13.89324],[100.81491,13.89242],[100.81343,13.89101],[100.81285,13.89079],[100.81175,13.89073],[100.8105,13.89123]]]}},{"type":"Feature","properties":{"id":"คลองสนามชัย","name":"คลองสนามชัย","kind":"canal"},"geometry":{"type":"MultiLineString","coordinates":[[[100.44869,13.67536],[100.44846,13.67364],[100.44882,13.67237],[100.44754,13.67087],[100.44689,13.66746],[100.44704,13.66644],[100.44548,13.66497],[100.44621,13.66366],[100.44608,13.66334],[100.44511,13.66272],[100.44582,13.66104],[100.44554,13.66061],[100.44494,13.66043],[100.4448,13.65989],[100.44535,13.65833],[100.44511,13.65724],[100.4452,13.65693],[100.44622,13.65609],[100.44531,13.6555],[100.44535,13.65505]],[[100.4488,13.62953],[100.44831,13.62991],[100.44824,13.63068],[100.4478,13.63183],[100.44741,13.63194],[100.4468,13.63159],[100.44658,13.63109],[100.44694,13.6302],[100.44684,13.62977],[100.44644,13.62974],[100.44549,13.63012],[100.44493,13.62915],[100.44434,13.62899],[100.44366,13.62907],[100.44286,13.6295],[100.44185,13.62838],[100.44018,13.62809],[100.43984,13.62765],[100.43971,13.62707],[100.44023,13.62567],[100.44004,13.62486],[100.43943,13.62427],[100.43865,13.6239],[100.43698,13.62435],[100.43633,13.62393],[100.43607,13.62363],[100.43605,13.62326],[100.43676,13.62232],[100.43678,13.62202],[100.43613,13.62107],[100.43571,13.62086],[100.43539,13.62098],[100.43509,13.62215],[100.43458,13.6223],[100.43423,13.62186],[100.43409,13.6206],[100.43388,13.62035],[100.43277,13.62],[100.43141,13.6191],[100.43015,13.61861],[100.42914,13.61711],[100.42659,13.6163],[100.42632,13.61601],[100.42627,13.61506],[100.42606,13.61472]],[[100.44535,13.65505],[100.4457,13.65473],[100.44672,13.65464],[100.44668,13.6542],[100.44617,13.65373],[100.44607,13.65326],[100.4469,13.65222],[100.44674,13.65104],[100.44704,13.65004],[100.44619,13.64923],[100.44629,13.64884],[100.44694,13.64838],[100.44688,13.64693],[100.44721,13.64566],[100.44711,13.64525],[100.4465,13.64469],[100.44642,13.64432],[100.44657,13.64398],[100.44736,13.64369],[100.44749,13.64346],[100.44755,13.64189],[100.44688,13.64141],[100.44673,13.64082],[100.44752,13.63974],[100.44781,13.63753],[100.44775,13.63685],[100.44727,13.63626],[100.44732,13.63574],[100.4482,13.63454],[100.44809,13.63408],[100.44729,13.63351],[100.44723,13.63306],[100.44748,13.63261],[100.44855,13.63173],[100.4493,13.6306],[100.44931,13.63015],[100.4488,13.62953]],[[100.42606,13.61472],[100.42224,13.61286],[100.42006,13.61044],[100.4189,13.6098],[100.41725,13.60923],[100.41312,13.60582],[100.4109,13.60506],[100.41014,13.60439],[100.40965,13.60311],[100.40743,13.60225],[100.40658,13.60172],[100.40237,13.59846],[100.40069,13.59671],[100.3995,13.59658],[100.39921,13.59617],[100.39991,13.59509],[100.40003,13.5944],[100.39987,13.59399],[100.39936,13.59373],[100.39875,13.59383],[100.39754,13.59484],[100.39681,13.5949],[100.39616,13.59297],[100.39546,13.5925],[100.39464,13.59242]],[[100.44863,13.68163],[100.44835,13.67952],[100.44881,13.67733],[100.44869,13.67536]],[[100.46371,13.69843],[100.46189,13.69631],[100.4587,13.69089],[100.45809,13.68919],[100.45655,13.68792],[100.45552,13.68742],[100.4551,13.68643],[100.45364,13.68496],[100.45309,13.68474],[100.45206,13.68489],[100.4516,13.68474],[100.4497,13.68249],[100.44863,13.68163]],[[100.39464,13.59242],[100.39301,13.59215],[100.3899,13.59112],[100.38758,13.59008],[100.38433,13.589]]]}},{"type":"Feature","properties":{"id":"คลองสนามพลี","name":"คลองสนามพลี","kind":"canal"},"geometry":{"type":"MultiLineString","coordinates":[[[100.84275,13.61506],[100.8401,13.61053],[100.83999,13.61007],[100.84073,13.6083],[100.84095,13.60679],[100.84196,13.60562],[100.84205,13.60448],[100.84175,13.60359],[100.84148,13.6012],[100.84124,13.60082],[100.84045,13.6004],[100.8402,13.60004],[100.839,13.59731],[100.83681,13.59573],[100.83541,13.59353],[100.83445,13.58966],[100.83231,13.58417],[100.83213,13.57979],[100.83235,13.57903],[100.83228,13.57855]],[[100.85232,13.63686],[100.85248,13.63587],[100.85232,13.63493],[100.85168,13.63378],[100.85101,13.63351],[100.85026,13.63287],[100.84853,13.63101],[100.8476,13.62851],[100.84773,13.62752],[100.847,13.62688],[100.8458,13.62013],[100.84428,13.61675],[100.84275,13.61506]]]}},{"type":"Feature","properties":{"id":"คลองสมคิด","name":"คลองสมคิด","kind":"canal"},"geometry":{"type":"MultiLineString","coordinates":[[[100.54549,13.7436],[100.54552,13.74378]],[[100.54552,13.74378],[100.54629,13.74848]],[[100.54393,13.7347],[100.54549,13.7436]]]}},{"type":"Feature","properties":{"id":"คลองสมนึก","name":"คลองสมนึก","kind":"canal"},"geometry":{"type":"MultiLineString","coordinates":[[[100.34281,13.89045],[100.33139,13.88774]],[[100.34721,13.89195],[100.34281,13.89045]],[[100.34886,13.89232],[100.34721,13.89195]]]}},{"type":"Feature","properties":{"id":"คลองสมเด็จเจ้าพระยา","name":"คลองสมเด็จเจ้าพระยา","kind":"canal"},"geometry":{"type":"MultiLineString","coordinates":[[[100.4869,13.73157],[100.48728,13.73257],[100.48804,13.73308],[100.49248,13.73375],[100.49631,13.73408],[100.50765,13.73029],[100.50799,13.72948]],[[100.49436,13.73074],[100.49077,13.72956],[100.48999,13.72913]],[[100.49621,13.73406],[100.49535,13.73107],[100.49501,13.73092]],[[100.49501,13.73092],[100.49436,13.73074]]]}},{"type":"Feature","properties":{"id":"คลองสรรพสามิต","name":"คลองสรรพสามิต","kind":"canal"},"geometry":{"type":"MultiLineString","coordinates":[[[100.50468,13.5529],[100.52166,13.55885],[100.54383,13.56601],[100.55046,13.56761],[100.55696,13.56953],[100.57563,13.5742],[100.57907,13.57465]],[[100.4466,13.54089],[100.4481,13.54137],[100.45802,13.54235],[100.48218,13.54536],[100.50003,13.55164],[100.50468,13.5529]]]}},{"type":"Feature","properties":{"id":"คลองสระ","name":"คลองสระ","kind":"canal"},"geometry":{"type":"MultiLineString","coordinates":[[[100.52474,14.08218],[100.52123,14.08351],[100.51661,14.08351],[100.51385,14.0832],[100.512,14.08391],[100.51118,14.08454],[100.50774,14.08501],[100.5012,14.08544],[100.49795,14.08618],[100.48396,14.09242],[100.46228,14.10247]]]}},{"type":"Feature","properties":{"id":"คลองสลุด","name":"คลองสลุด","kind":"canal"},"geometry":{"type":"MultiLineString","coordinates":[[[100.70553,13.67878],[100.7047,13.67477],[100.70516,13.67445],[100.70515,13.67418],[100.70401,13.67145],[100.69973,13.66368],[100.69895,13.66087],[100.69828,13.65616]],[[100.69717,13.65018],[100.69705,13.64898],[100.69751,13.64664],[100.6985,13.64514],[100.69874,13.64327],[100.69783,13.64061],[100.69816,13.64041],[100.70064,13.63686],[100.70182,13.63486],[100.70186,13.63415]],[[100.69828,13.65616],[100.69814,13.65437],[100.69722,13.65102],[100.69717,13.65018]]]}},{"type":"Feature","properties":{"id":"คลองสวน","name":"คลองสวน","kind":"canal"},"geometry":{"type":"MultiLineString","coordinates":[[[100.68652,13.63718],[100.6892,13.63634],[100.69277,13.63557],[100.69665,13.6357],[100.69861,13.63478],[100.70186,13.63415]],[[100.57634,13.56592],[100.57239,13.56555],[100.56947,13.5665],[100.56856,13.56549],[100.56732,13.56523],[100.56657,13.56657],[100.56609,13.56669],[100.56515,13.56602],[100.56288,13.5654]],[[100.65177,13.61905],[100.65168,13.61636],[100.65104,13.61366],[100.65117,13.61218],[100.65215,13.61076],[100.65296,13.60996],[100.65503,13.60882],[100.65365,13.60371]],[[100.70186,13.63415],[100.70559,13.63218],[100.70671,13.63201],[100.70927,13.63109]],[[100.54814,13.56065],[100.54836,13.56097],[100.54815,13.56104],[100.54761,13.56076],[100.54746,13.56106],[100.54757,13.56128],[100.54838,13.56138],[100.54867,13.56194],[100.54984,13.5628],[100.55129,13.56302],[100.56184,13.56565],[100.56288,13.5654]],[[100.70927,13.63109],[100.70984,13.63037],[100.71022,13.62949]],[[100.54812,13.68544],[100.55013,13.68552],[100.55245,13.68525]],[[100.54417,13.68486],[100.54478,13.6851],[100.54757,13.68544]],[[100.54757,13.68544],[100.54812,13.68544]]]}},{"type":"Feature","properties":{"id":"คลองสวนบ้านล่าง","name":"คลองสวนบ้านล่าง","kind":"canal"},"geometry":{"type":"MultiLineString","coordinates":[[[100.49357,13.55599],[100.49392,13.55621],[100.49389,13.55671],[100.49407,13.55682],[100.49467,13.5566],[100.49534,13.55666],[100.49568,13.55631],[100.49575,13.55583],[100.49546,13.5553],[100.49515,13.55502],[100.49436,13.55507],[100.49432,13.55471],[100.49477,13.55413],[100.49533,13.55408],[100.49704,13.55456],[100.49725,13.55488],[100.49646,13.55571],[100.49654,13.55599],[100.49724,13.55647],[100.49844,13.55563],[100.49825,13.55482],[100.49848,13.55459],[100.49883,13.55476],[100.49926,13.55587],[100.50012,13.55558],[100.50045,13.55448],[100.50037,13.5541],[100.4987,13.55335],[100.49895,13.55291],[100.49954,13.55267],[100.50003,13.55164]]]}},{"type":"Feature","properties":{"id":"คลองสวนผัก","name":"คลองสวนผัก","kind":"canal"},"geometry":{"type":"MultiLineString","coordinates":[[[100.24931,13.67867],[100.2484,13.67874],[100.24869,13.68145],[100.24858,13.68352]],[[100.25546,13.68094],[100.25356,13.68113],[100.2533,13.68094],[100.2517,13.68073],[100.2519,13.68236],[100.25146,13.68472]],[[100.25856,13.67965],[100.25717,13.68036]],[[100.25556,13.68093],[100.25546,13.68094]],[[100.25708,13.6804],[100.25556,13.68093]],[[100.25717,13.68036],[100.25708,13.6804]]]}},{"type":"Feature","properties":{"id":"คลองสวนหลวง","name":"คลองสวนหลวง","kind":"canal"},"geometry":{"type":"MultiLineString","coordinates":[[[100.52137,13.73607],[100.52347,13.74736]],[[100.49844,13.70514],[100.49944,13.70334],[100.50036,13.70239],[100.50598,13.69893]],[[100.52361,13.74805],[100.52382,13.74883]]]}},{"type":"Feature","properties":{"id":"คลองสวนหลวงใต้","name":"คลองสวนหลวงใต้","kind":"canal"},"geometry":{"type":"MultiLineString","coordinates":[[[100.45278,13.71007],[100.4498,13.70534]]]}},{"type":"Feature","properties":{"id":"คลองสวนอ้อย","name":"คลองสวนอ้อย","kind":"canal"},"geometry":{"type":"MultiLineString","coordinates":[[[100.61632,13.70409],[100.61573,13.70384],[100.61625,13.70146]],[[100.61589,13.70684],[100.61632,13.70767],[100.61622,13.70861],[100.61655,13.7098]],[[100.61589,13.70684],[100.61632,13.70409]]]}},{"type":"Feature","properties":{"id":"คลองสวนเลียบ","name":"คลองสวนเลียบ","kind":"canal"},"geometry":{"type":"MultiLineString","coordinates":[[[100.45996,13.71347],[100.45904,13.71641]],[[100.4616,13.70531],[100.46139,13.70795],[100.45996,13.71347]]]}},{"type":"Feature","properties":{"id":"คลองสวนแดน","name":"คลองสวนแดน","kind":"canal"},"geometry":{"type":"MultiLineString","coordinates":[[[100.45222,13.78903],[100.45332,13.78935],[100.45522,13.79039],[100.45791,13.79309],[100.46179,13.7908],[100.46642,13.78942]]]}},{"type":"Feature","properties":{"id":"คลองสวัสดิ์","name":"คลองสวัสดิ์","kind":"canal"},"geometry":{"type":"MultiLineString","coordinates":[[[100.35568,13.78034],[100.35233,13.77982],[100.3519,13.77954],[100.35042,13.77931],[100.34524,13.77883],[100.34247,13.77892],[100.34012,13.77838]]]}},{"type":"Feature","properties":{"id":"คลองสหกรณ์","name":"คลองสหกรณ์","kind":"canal"},"geometry":{"type":"MultiLineString","coordinates":[[[100.32174,13.52266],[100.33533,13.52257],[100.38875,13.52295]],[[100.38901,13.59077],[100.38885,13.57296]],[[100.41101,13.52304],[100.41231,13.52305],[100.41261,13.52282],[100.4127,13.52185]],[[100.38885,13.57296],[100.38892,13.5716]],[[100.38875,13.52295],[100.38887,13.56442]],[[100.38892,13.5716],[100.38887,13.56442]],[[100.409,13.52302],[100.41101,13.52304]],[[100.38875,13.52295],[100.409,13.52302]],[[100.37974,13.56234],[100.38887,13.56442]],[[100.36176,13.55797],[100.37974,13.56234]]]}},{"type":"Feature","properties":{"id":"คลองสหกรณ์สาย 2","name":"คลองสหกรณ์สาย 2","kind":"canal"},"geometry":{"type":"MultiLineString","coordinates":[[[100.34751,13.53597],[100.31628,13.53606],[100.31436,13.53593]],[[100.37673,13.53598],[100.34751,13.53597]]]}},{"type":"Feature","properties":{"id":"คลองสหกรณ์สาย3","name":"คลองสหกรณ์สาย3","kind":"canal"},"geometry":{"type":"MultiLineString","coordinates":[[[100.38886,13.55584],[100.38777,13.5561],[100.38741,13.55601],[100.38611,13.55501],[100.38538,13.55511],[100.38269,13.55415],[100.38194,13.55222],[100.38154,13.55168],[100.38268,13.54963],[100.38262,13.54927],[100.38178,13.54886],[100.37168,13.54863],[100.3494,13.54854]],[[100.32533,13.54904],[100.34082,13.54871]],[[100.34089,13.54871],[100.3494,13.54854]],[[100.34089,13.54871],[100.34082,13.54871]]]}},{"type":"Feature","properties":{"id":"คลองสอง","name":"คลองสอง","kind":"canal"},"geometry":{"type":"MultiLineString","coordinates":[[[100.64125,14.15439],[100.64236,13.98963]],[[100.63978,13.93737],[100.6397,13.93221]],[[100.73162,13.52179],[100.74692,13.51854]],[[100.73162,13.52179],[100.71662,13.52491],[100.68639,13.52917]],[[100.74692,13.51854],[100.77199,13.51299]],[[100.41398,13.5358],[100.41963,13.53585],[100.44499,13.55021]],[[100.41254,13.53581],[100.39969,13.53579],[100.39956,13.53561],[100.39951,13.52951]],[[100.64051,13.95704],[100.63978,13.93737]],[[100.6397,13.93221],[100.63879,13.93012],[100.63571,13.92469],[100.62623,13.90821],[100.62516,13.90669]],[[100.8607,13.81881],[100.86111,13.81991],[100.86142,13.82003],[100.87605,13.81423],[100.88775,13.80417],[100.90753,13.78632]],[[100.64236,13.98963],[100.64229,13.98586],[100.64051,13.95704]],[[100.62516,13.90669],[100.62386,13.906],[100.61622,13.90309],[100.61101,13.89978]],[[100.41398,13.5358],[100.41254,13.53581]],[[100.89049,13.75608],[100.91758,13.73175]]]}},{"type":"Feature","properties":{"id":"คลองสองตอน","name":"คลองสองตอน","kind":"canal"},"geometry":{"type":"MultiLineString","coordinates":[[[100.61227,13.81181],[100.60263,13.81035],[100.60258,13.81061],[100.60216,13.81056],[100.60196,13.81023],[100.60115,13.81002],[100.60094,13.80868],[100.60062,13.80835],[100.6001,13.80829],[100.6,13.80541],[100.60144,13.80168],[100.60136,13.80036]]]}},{"type":"Feature","properties":{"id":"คลองสองตะวันตก","name":"คลองสองตะวันตก","kind":"canal"},"geometry":{"type":"MultiLineString","coordinates":[[[100.72917,13.86472],[100.70647,13.86213],[100.69275,13.86082],[100.68597,13.85928],[100.68327,13.85929],[100.68159,13.85906],[100.68023,13.85865]]]}},{"type":"Feature","properties":{"id":"คลองสองตะวันออก","name":"คลองสองตะวันออก","kind":"canal"},"geometry":{"type":"MultiLineString","coordinates":[[[100.76506,13.86894],[100.72917,13.86472]],[[100.76541,13.86898],[100.76506,13.86894]],[[100.77956,13.87074],[100.76541,13.86898]]]}},{"type":"Feature","properties":{"id":"คลองสองต้นนุ่น","name":"คลองสองต้นนุ่น","kind":"canal"},"geometry":{"type":"MultiLineString","coordinates":[[[100.7297,13.81121],[100.73372,13.79887],[100.73449,13.79697]],[[100.73887,13.77735],[100.73902,13.72732]],[[100.73449,13.79697],[100.73879,13.78352],[100.73887,13.77735]],[[100.73902,13.72732],[100.73904,13.72397]]]}},{"type":"Feature","properties":{"id":"คลองสองห้อง","name":"คลองสองห้อง","kind":"canal"},"geometry":{"type":"MultiLineString","coordinates":[[[100.68714,13.70526],[100.68802,13.70484],[100.68995,13.70433],[100.69137,13.70361],[100.69263,13.70454],[100.69297,13.70461],[100.69345,13.70438],[100.69392,13.70465]],[[100.67889,13.71717],[100.67929,13.7161],[100.68035,13.71467],[100.68072,13.71326],[100.68158,13.71261],[100.68335,13.71069],[100.68385,13.70907],[100.68523,13.70677],[100.68714,13.70526]]]}},{"type":"Feature","properties":{"id":"คลองสะพานควาย","name":"คลองสะพานควาย","kind":"canal"},"geometry":{"type":"MultiLineString","coordinates":[[[100.50379,13.64445],[100.51034,13.64521],[100.51279,13.64471],[100.51549,13.64466]],[[100.51549,13.64466],[100.51823,13.64475],[100.52163,13.64223]]]}},{"type":"Feature","properties":{"id":"คลองสะพานคู่","name":"คลองสะพานคู่","kind":"canal"},"geometry":{"type":"MultiLineString","coordinates":[[[100.4698,13.67639],[100.47228,13.67738]]]}},{"type":"Feature","properties":{"id":"คลองสะพานดำ","name":"คลองสะพานดำ","kind":"canal"},"geometry":{"type":"MultiLineString","coordinates":[[[100.30283,13.65769],[100.30368,13.66709]],[[100.30368,13.66719],[100.30367,13.66739]],[[100.30368,13.66709],[100.30368,13.66719]],[[100.30136,13.64073],[100.30214,13.64405],[100.30193,13.6443],[100.30233,13.64951],[100.30383,13.64942],[100.30424,13.64961],[100.30452,13.64982],[100.30539,13.65173]],[[100.30229,13.65024],[100.30213,13.65125],[100.30238,13.65385],[100.30288,13.65552],[100.30283,13.65769]],[[100.30235,13.64956],[100.30234,13.6496]],[[100.30234,13.6496],[100.30229,13.65024]]]}},{"type":"Feature","properties":{"id":"คลองสะพานผัก","name":"คลองสะพานผัก","kind":"canal"},"geometry":{"type":"MultiLineString","coordinates":[[[100.44501,13.80798],[100.44504,13.8086]],[[100.44493,13.79921],[100.44501,13.80798]]]}},{"type":"Feature","properties":{"id":"คลองสะพานพลอย","name":"คลองสะพานพลอย","kind":"canal"},"geometry":{"type":"MultiLineString","coordinates":[[[100.49476,13.74018],[100.49468,13.73932],[100.49526,13.73788],[100.49502,13.73768]]]}},{"type":"Feature","properties":{"id":"คลองสะพานยาว","name":"คลองสะพานยาว","kind":"canal"},"geometry":{"type":"MultiLineString","coordinates":[[[100.50416,13.80226],[100.50502,13.80202],[100.50511,13.80227],[100.50844,13.80105],[100.50965,13.80044],[100.51249,13.79837],[100.51495,13.79698]]]}},{"type":"Feature","properties":{"id":"คลองสะพานสูง","name":"คลองสะพานสูง","kind":"canal"},"geometry":{"type":"MultiLineString","coordinates":[[[100.67158,13.75517],[100.67139,13.75437],[100.67162,13.75323],[100.67272,13.75085],[100.67262,13.74941]]]}},{"type":"Feature","properties":{"id":"คลองสันดาบ","name":"คลองสันดาบ","kind":"canal"},"geometry":{"type":"MultiLineString","coordinates":[[[100.3494,13.54854],[100.34758,13.53919],[100.34753,13.5384],[100.34788,13.53757],[100.34751,13.53597]]]}},{"type":"Feature","properties":{"id":"คลองสันนิธิ","name":"คลองสันนิธิ","kind":"canal"},"geometry":{"type":"MultiLineString","coordinates":[[[100.76078,13.82826],[100.75903,13.83081],[100.75628,13.83562]]]}},{"type":"Feature","properties":{"id":"คลองสาทร","name":"คลองสาทร","kind":"canal"},"geometry":{"type":"MultiLineString","coordinates":[[[100.52779,13.72116],[100.51733,13.7181],[100.51208,13.71934]],[[100.53643,13.72368],[100.53412,13.72302]],[[100.54395,13.72591],[100.53883,13.72443]],[[100.53883,13.72443],[100.53856,13.72434]],[[100.53397,13.72298],[100.5305,13.72195]],[[100.53412,13.72302],[100.53397,13.72298]],[[100.5305,13.72195],[100.53004,13.72182]],[[100.53004,13.72182],[100.52793,13.7212]],[[100.52793,13.7212],[100.52779,13.72116]],[[100.53856,13.72434],[100.53669,13.72376]],[[100.53669,13.72376],[100.53643,13.72368]]]}},{"type":"Feature","properties":{"id":"คลองสาธารณประโยชน์","name":"คลองสาธารณประโยชน์","kind":"canal"},"geometry":{"type":"MultiLineString","coordinates":[[[100.87863,13.57482],[100.87829,13.57885],[100.87806,13.57893],[100.87811,13.57958],[100.87781,13.58078]],[[100.40016,13.72474],[100.40183,13.72505]],[[100.8776,13.58093],[100.87698,13.58167],[100.87688,13.58242],[100.8772,13.58378],[100.87638,13.58507]],[[100.87781,13.58078],[100.8776,13.58093]]]}},{"type":"Feature","properties":{"id":"คลองสาธารณะ","name":"คลองสาธารณะ","kind":"canal"},"geometry":{"type":"MultiLineString","coordinates":[[[100.51563,13.69387],[100.51437,13.69216]],[[100.51221,13.68922],[100.51287,13.68944],[100.51326,13.68984],[100.51388,13.69153],[100.51437,13.69216]],[[100.51751,13.6969],[100.51563,13.69387]],[[100.51111,13.68518],[100.51108,13.68693],[100.51167,13.68871],[100.51221,13.68922]],[[100.44485,13.75364],[100.44489,13.75676]],[[100.46635,13.7197],[100.46637,13.7196]]]}},{"type":"Feature","properties":{"id":"คลองสาธารณะประโยชน์","name":"คลองสาธารณะประโยชน์","kind":"canal"},"geometry":{"type":"MultiLineString","coordinates":[[[100.86556,13.58642],[100.86711,13.58715],[100.86839,13.58679],[100.86882,13.58645]],[[100.86882,13.58645],[100.86858,13.58268],[100.86908,13.58154],[100.86909,13.5808],[100.86978,13.58051],[100.87016,13.57966],[100.86958,13.57759],[100.86975,13.57617],[100.87023,13.57537],[100.87042,13.57455],[100.87119,13.57413],[100.87195,13.57285],[100.87202,13.57238]],[[100.47568,13.6629],[100.46946,13.66208]],[[100.41987,13.72837],[100.42014,13.72845],[100.41998,13.72972],[100.42487,13.73037]],[[100.42449,13.7001],[100.42344,13.70271],[100.42314,13.70295],[100.42241,13.706]]]}},{"type":"Feature","properties":{"id":"คลองสาน","name":"คลองสาน","kind":"canal"},"geometry":{"type":"MultiLineString","coordinates":[[[100.54009,13.67959],[100.54099,13.67757],[100.54131,13.67741],[100.54151,13.67684],[100.54262,13.67558],[100.54515,13.67366],[100.54669,13.67167]],[[100.50336,13.72767],[100.50652,13.72872],[100.50952,13.73003],[100.51191,13.73074]],[[100.35102,14.21396],[100.35166,14.17944]],[[100.35166,14.17944],[100.35185,14.16723],[100.35049,14.15594]],[[100.53899,13.68155],[100.53985,13.68015]],[[100.53985,13.68015],[100.54009,13.67959]]]}},{"type":"Feature","properties":{"id":"คลองสาม","name":"คลองสาม","kind":"canal"},"geometry":{"type":"MultiLineString","coordinates":[[[100.66352,13.97924],[100.66293,13.95632],[100.66257,13.93043]],[[100.73221,13.52668],[100.74801,13.52438]],[[100.70183,13.53226],[100.71887,13.5293],[100.73221,13.52668]],[[100.68929,13.53466],[100.69135,13.53447],[100.69318,13.53372],[100.70183,13.53226]],[[100.68656,13.53385],[100.68929,13.53466]],[[100.66402,14.0098],[100.66405,13.9947]],[[100.66353,13.97943],[100.66352,13.97924]],[[100.66405,13.9947],[100.66353,13.97943]],[[100.66287,14.16573],[100.66402,14.0098]],[[100.44444,13.55371],[100.4434,13.5534],[100.44164,13.55249],[100.41836,13.53973],[100.41794,13.53965],[100.41786,13.54018]]]}},{"type":"Feature","properties":{"id":"คลองสามง่าม","name":"คลองสามง่าม","kind":"canal"},"geometry":{"type":"MultiLineString","coordinates":[[[100.631,13.91655],[100.63231,13.91595],[100.63379,13.91466],[100.63536,13.91473],[100.63582,13.91212],[100.63614,13.90806],[100.63699,13.90564]],[[100.51031,13.91044],[100.5101,13.90821]],[[100.51082,13.91236],[100.51047,13.9117],[100.51032,13.91055]],[[100.51032,13.91055],[100.51031,13.91044]],[[100.63536,13.91473],[100.63714,13.9149],[100.64206,13.91362],[100.64281,13.91644]]]}},{"type":"Feature","properties":{"id":"คลองสามตะวันตก","name":"คลองสามตะวันตก","kind":"canal"},"geometry":{"type":"MultiLineString","coordinates":[[[100.68787,13.87846],[100.70095,13.87852],[100.71047,13.87885],[100.72905,13.87989]]]}},{"type":"Feature","properties":{"id":"คลองสามตะวันออก","name":"คลองสามตะวันออก","kind":"canal"},"geometry":{"type":"MultiLineString","coordinates":[[[100.72905,13.87989],[100.77738,13.8867]]]}},{"type":"Feature","properties":{"id":"คลองสามประเวศ","name":"คลองสามประเวศ","kind":"canal"},"geometry":{"type":"MultiLineString","coordinates":[[[100.75387,13.8005],[100.75415,13.72409]]]}},{"type":"Feature","properties":{"id":"คลองสามวัง","name":"คลองสามวัง","kind":"canal"},"geometry":{"type":"MultiLineString","coordinates":[[[100.39597,13.94268],[100.40236,13.93688],[100.40761,13.93475],[100.40805,13.93433],[100.40935,13.93377],[100.40915,13.93316],[100.41048,13.93207]],[[100.41048,13.93207],[100.41249,13.93092],[100.41295,13.92953],[100.41616,13.92862],[100.41854,13.92714],[100.41916,13.92706],[100.42221,13.9255],[100.42688,13.92419]]]}},{"type":"Feature","properties":{"id":"คลองสามวา","name":"คลองสามวา","kind":"canal"},"geometry":{"type":"MultiLineString","coordinates":[[[100.37891,14.02675],[100.38255,14.02458],[100.38747,14.02107],[100.38905,14.02025],[100.42202,14.00842],[100.44022,14.00237]],[[100.72582,13.93212],[100.72615,13.92538],[100.72674,13.9247],[100.72808,13.92368],[100.72848,13.92301],[100.72858,13.91755]],[[100.72858,13.91755],[100.72985,13.81129]],[[100.3785,14.02698],[100.37891,14.02675]],[[100.37484,14.02912],[100.3785,14.02698]]]}},{"type":"Feature","properties":{"id":"คลองสามสิบ","name":"คลองสามสิบ","kind":"canal"},"geometry":{"type":"MultiLineString","coordinates":[[[101.01942,14.20792],[100.98476,14.1824],[100.9751,14.17579],[100.96845,14.1715],[100.94233,14.1573]]]}},{"type":"Feature","properties":{"id":"คลองสามสิบเอ็ด","name":"คลองสามสิบเอ็ด","kind":"canal"},"geometry":{"type":"MultiLineString","coordinates":[[[100.94961,14.19456],[100.95039,14.19489],[100.96206,14.20265],[101.00326,14.23287]]]}},{"type":"Feature","properties":{"id":"คลองสามเสน","name":"คลองสามเสน","kind":"canal"},"geometry":{"type":"MultiLineString","coordinates":[[[100.60064,13.74776],[100.59709,13.74919],[100.58946,13.75136],[100.58643,13.75243],[100.58084,13.75381],[100.57189,13.75457],[100.5695,13.75458],[100.56789,13.75492],[100.55915,13.75575],[100.55684,13.75577],[100.55428,13.75609],[100.55389,13.75584],[100.55238,13.75602],[100.55093,13.75812],[100.55033,13.75868],[100.54808,13.75962],[100.54734,13.75972],[100.54715,13.76042],[100.54604,13.76043],[100.54545,13.76133],[100.54338,13.76261],[100.54236,13.76369],[100.54124,13.76414],[100.5405,13.76499],[100.53746,13.76684],[100.5371,13.76745],[100.53652,13.76771],[100.53621,13.76814],[100.53549,13.76851],[100.53264,13.77095],[100.53033,13.77255]],[[100.53033,13.77255],[100.52424,13.77679],[100.5238,13.77755],[100.52246,13.77804],[100.52176,13.77793],[100.52135,13.77806],[100.52017,13.77897],[100.51785,13.77947],[100.51655,13.78052],[100.51547,13.78058],[100.5143,13.78187],[100.5133,13.78173],[100.51129,13.78314],[100.51043,13.78322],[100.50885,13.78398],[100.50827,13.78491],[100.5072,13.7849],[100.50671,13.78556],[100.50561,13.78622]]]}},{"type":"Feature","properties":{"id":"คลองสามเสนฝั่งใต้","name":"คลองสามเสนฝั่งใต้","kind":"canal"},"geometry":{"type":"MultiLineString","coordinates":[[[100.52769,13.77437],[100.52317,13.76319]],[[100.52297,13.76281],[100.52097,13.75794]],[[100.52317,13.76319],[100.52297,13.76281]]]}},{"type":"Feature","properties":{"id":"คลองสามเสนใน","name":"คลองสามเสนใน","kind":"canal"},"geometry":{"type":"MultiLineString","coordinates":[[[100.56618,13.75581],[100.56602,13.75498]],[[100.5663,13.75628],[100.56628,13.75618]],[[100.56628,13.75618],[100.56618,13.75581]]]}},{"type":"Feature","properties":{"id":"คลองสามแพรก","name":"คลองสามแพรก","kind":"canal"},"geometry":{"type":"MultiLineString","coordinates":[[[100.56932,13.57357],[100.56986,13.57273]],[[100.566,13.58091],[100.56628,13.58055],[100.56656,13.58081],[100.56698,13.58048],[100.56711,13.58009],[100.56698,13.5796],[100.56743,13.57938],[100.56709,13.57899],[100.56652,13.57763],[100.5675,13.57591],[100.56715,13.57491],[100.56932,13.57357]]]}},{"type":"Feature","properties":{"id":"คลองสามแหวน","name":"คลองสามแหวน","kind":"canal"},"geometry":{"type":"MultiLineString","coordinates":[[[100.4909,14.18494],[100.49024,14.18616],[100.4884,14.1859],[100.48834,14.18499],[100.48354,14.18398],[100.48311,14.18409],[100.48249,14.18359],[100.47766,14.18115]],[[100.47759,14.18111],[100.47722,14.1809]],[[100.47766,14.18115],[100.47759,14.18111]]]}},{"type":"Feature","properties":{"id":"คลองสาระหงษ์","name":"คลองสาระหงษ์","kind":"canal"},"geometry":{"type":"MultiLineString","coordinates":[[[100.78494,13.61814],[100.78596,13.6171],[100.78635,13.61588],[100.78618,13.61537],[100.78629,13.61496],[100.78449,13.61201],[100.78451,13.61145],[100.78429,13.61095],[100.78447,13.61038],[100.78403,13.60964],[100.78418,13.60907],[100.78307,13.60754]],[[100.79417,13.62446],[100.79375,13.62422],[100.79268,13.62262],[100.7922,13.62248],[100.79101,13.6227],[100.79022,13.62191],[100.78753,13.6207],[100.78549,13.61911],[100.78494,13.61814]],[[100.78307,13.60754],[100.78319,13.6063],[100.78294,13.60576],[100.78247,13.60539],[100.78272,13.60465],[100.78238,13.6041],[100.78253,13.60334],[100.78231,13.60205],[100.78134,13.60155],[100.77981,13.60004],[100.77961,13.59952],[100.77942,13.59821],[100.77962,13.59587],[100.77939,13.59496]]]}},{"type":"Feature","properties":{"id":"คลองสาหร่าย","name":"คลองสาหร่าย","kind":"canal"},"geometry":{"type":"MultiLineString","coordinates":[[[100.65833,13.67099],[100.65726,13.67163],[100.65541,13.67229],[100.65378,13.66892]],[[100.47029,13.579],[100.46785,13.5786],[100.46534,13.57877],[100.46453,13.57908],[100.46375,13.57893],[100.46141,13.57911],[100.4609,13.57869],[100.45973,13.57858],[100.459,13.57878],[100.45637,13.57823],[100.45457,13.57839],[100.45407,13.57796],[100.45236,13.57823],[100.45194,13.5786],[100.45171,13.57846],[100.45094,13.57699],[100.44975,13.57619],[100.44819,13.57609],[100.4461,13.57547]]]}},{"type":"Feature","properties":{"id":"คลองสาเก","name":"คลองสาเก","kind":"canal"},"geometry":{"type":"MultiLineString","coordinates":[[[100.42209,13.66756],[100.42057,13.6703],[100.42011,13.67199],[100.41917,13.6743]]]}},{"type":"Feature","properties":{"id":"คลองสำเหร่","name":"คลองสำเหร่","kind":"canal"},"geometry":{"type":"MultiLineString","coordinates":[[[100.48154,13.72358],[100.48576,13.71595],[100.48667,13.71461],[100.48746,13.71287],[100.48879,13.71067],[100.48936,13.70908],[100.48977,13.70845],[100.49147,13.70848],[100.49309,13.70896],[100.49357,13.70874],[100.49437,13.70809],[100.49582,13.70738],[100.49773,13.70477]]]}},{"type":"Feature","properties":{"id":"คลองสำโรง","name":"คลองสำโรง","kind":"canal"},"geometry":{"type":"MultiLineString","coordinates":[[[100.98854,13.54275],[100.9882,13.54226],[100.98785,13.54225],[100.98423,13.54281],[100.98262,13.54347],[100.98159,13.54344],[100.96687,13.53877],[100.96421,13.53865],[100.95744,13.53715],[100.95076,13.53535],[100.93121,13.53375],[100.92316,13.53517],[100.92061,13.53603],[100.9191,13.53738],[100.91521,13.54302],[100.9147,13.54396],[100.9143,13.54595],[100.91003,13.54977],[100.90408,13.55411]],[[100.57047,13.66039],[100.57168,13.65869],[100.57162,13.65702],[100.5718,13.65683],[100.57241,13.65744],[100.57349,13.65789],[100.57404,13.65847],[100.57626,13.65629],[100.57623,13.65585],[100.57543,13.65577],[100.5748,13.65535],[100.57506,13.65463],[100.57576,13.65393],[100.57591,13.65327],[100.57637,13.65273],[100.57726,13.6533],[100.57775,13.65278],[100.57919,13.65301],[100.58069,13.65234],[100.58146,13.65239],[100.58376,13.65181],[100.58453,13.65192],[100.58474,13.65141],[100.58568,13.65106],[100.58622,13.65057],[100.58702,13.65072],[100.58797,13.65042],[100.58882,13.65051],[100.58961,13.64978],[100.59129,13.64942],[100.59174,13.649],[100.59189,13.64917],[100.59183,13.6499],[100.5921,13.65005],[100.59306,13.65003],[100.59326,13.64965],[100.59262,13.649],[100.59266,13.64874],[100.59312,13.64847]],[[100.74435,13.60169],[100.74628,13.60069],[100.74791,13.5993]],[[100.22318,13.83742],[100.22449,13.83825],[100.22705,13.83804],[100.23228,13.83915],[100.24841,13.83995],[100.25617,13.84001],[100.25601,13.83399],[100.25617,13.82891]],[[100.81748,13.57803],[100.8183,13.57682],[100.8188,13.5766],[100.82,13.57686],[100.8214,13.57788],[100.82202,13.57804],[100.82291,13.57789],[100.82444,13.57675],[100.82567,13.5752]],[[100.90408,13.55411],[100.89345,13.56192],[100.89008,13.56463]],[[100.81635,13.5826],[100.81787,13.58223],[100.81861,13.58183],[100.81889,13.58134],[100.81874,13.58006],[100.81748,13.57803]],[[100.79919,13.59021],[100.79874,13.58937],[100.79794,13.58875],[100.79834,13.5881],[100.79881,13.58788],[100.7994,13.58779],[100.80007,13.58803],[100.80031,13.58834],[100.80055,13.58972]],[[100.82935,13.57705],[100.83043,13.57828],[100.83131,13.57858],[100.83228,13.57855]],[[100.83559,13.57333],[100.83763,13.57434],[100.83992,13.57432],[100.84297,13.57598],[100.84521,13.57607],[100.84656,13.57655],[100.84736,13.57709],[100.84831,13.57733],[100.85092,13.57729],[100.85249,13.57765],[100.85284,13.57738],[100.85322,13.57597]],[[100.77939,13.59496],[100.77751,13.59586],[100.77476,13.59634]],[[100.77226,13.59675],[100.77024,13.5969],[100.76654,13.59658],[100.76151,13.59781],[100.76025,13.59895],[100.75926,13.59927],[100.75588,13.59979],[100.75394,13.59866],[100.7531,13.59854],[100.75175,13.59858],[100.74791,13.5993]],[[100.67057,13.6139],[100.66528,13.61437],[100.66346,13.61433],[100.66166,13.61656],[100.65989,13.61687],[100.6578,13.61769],[100.65464,13.61808],[100.65221,13.619],[100.65065,13.61914],[100.6497,13.61956],[100.6481,13.61988],[100.64112,13.62267],[100.63985,13.62349],[100.63822,13.62399],[100.63722,13.62488],[100.63597,13.6252]],[[100.72045,13.60305],[100.71672,13.60301],[100.71031,13.60332],[100.70967,13.60385],[100.70939,13.60451],[100.70783,13.60541],[100.70523,13.60543],[100.70199,13.60636],[100.69858,13.60678],[100.69349,13.60811],[100.68768,13.61012],[100.68216,13.61128],[100.67697,13.61262],[100.67562,13.61323],[100.67245,13.61385],[100.67112,13.6139]],[[100.83376,13.5779],[100.83414,13.5773],[100.83446,13.57438],[100.83472,13.57394],[100.83559,13.57333]],[[100.77476,13.59634],[100.77226,13.59675]],[[100.62905,13.62877],[100.62809,13.62956],[100.62651,13.62985],[100.6247,13.63097],[100.62184,13.63214],[100.61977,13.63382],[100.61841,13.63414],[100.61755,13.63485],[100.61509,13.6361],[100.61217,13.63808],[100.61052,13.63888]],[[100.60482,13.64243],[100.6039,13.64283],[100.60285,13.64372],[100.60142,13.64427],[100.60039,13.64533],[100.59899,13.64598],[100.59573,13.64836],[100.59411,13.64842]],[[100.63591,13.62522],[100.63376,13.62647],[100.63167,13.62724],[100.63088,13.62784],[100.62968,13.62813],[100.62905,13.62877]],[[100.61052,13.63888],[100.60891,13.63969],[100.60736,13.64113],[100.60482,13.64243]],[[100.63597,13.6252],[100.63591,13.62522]],[[100.72441,13.60267],[100.72173,13.60286]],[[100.74435,13.60169],[100.74359,13.60177],[100.73988,13.60111],[100.73716,13.60116],[100.73326,13.60182],[100.73043,13.60196],[100.72441,13.60267]],[[100.67112,13.6139],[100.67057,13.6139]],[[100.78145,13.59419],[100.78285,13.59382],[100.78641,13.59333]],[[100.78809,13.59307],[100.78889,13.59301]],[[100.83228,13.57855],[100.83288,13.57844],[100.83376,13.5779]],[[100.87202,13.57238],[100.86898,13.57294]],[[100.88789,13.56665],[100.88356,13.57095],[100.88262,13.57137],[100.88164,13.57162],[100.8803,13.57132],[100.87893,13.5713],[100.87627,13.5721],[100.87386,13.5718],[100.87202,13.57238]],[[100.89008,13.56463],[100.88789,13.56665]],[[100.86898,13.57294],[100.86437,13.57451],[100.85837,13.57605],[100.85322,13.57597]],[[100.77939,13.59496],[100.78145,13.59419]],[[100.78641,13.59333],[100.78809,13.59307]],[[100.78889,13.59301],[100.79091,13.59273]],[[100.79091,13.59273],[100.79508,13.59167]],[[100.79508,13.59167],[100.79916,13.59055]],[[100.82935,13.57705],[100.82784,13.57602],[100.82593,13.57515],[100.82567,13.5752]],[[100.81441,13.57927],[100.81748,13.57803]],[[100.80702,13.58209],[100.80846,13.5815],[100.81104,13.58114],[100.81312,13.57952],[100.81441,13.57927]],[[100.80597,13.58266],[100.80702,13.58209]],[[100.80055,13.58972],[100.80365,13.58862],[100.80413,13.58772],[100.804,13.58711],[100.8021,13.58561],[100.80206,13.58516],[100.80227,13.58464],[100.80278,13.58419],[100.80597,13.58266]],[[100.80055,13.58972],[100.79919,13.59021]],[[100.79916,13.59055],[100.79919,13.59021]],[[100.59312,13.64847],[100.59411,13.64842]],[[100.72173,13.60286],[100.72045,13.60305]],[[100.21297,13.62536],[100.21068,13.62606],[100.2094,13.62564],[100.20917,13.62592],[100.20875,13.62595],[100.20743,13.62465],[100.20582,13.62432],[100.20303,13.62454],[100.19803,13.62437],[100.19247,13.62448]]]}},{"type":"Feature","properties":{"id":"คลองสิงห์โต","name":"คลองสิงห์โต","kind":"canal"},"geometry":{"type":"MultiLineString","coordinates":[[[100.71021,13.69505],[100.7098,13.69094],[100.70898,13.68825],[100.70734,13.68481],[100.70643,13.67857]]]}},{"type":"Feature","properties":{"id":"คลองสิทธิโสม","name":"คลองสิทธิโสม","kind":"canal"},"geometry":{"type":"MultiLineString","coordinates":[[[100.76005,13.8383],[100.76033,13.83741],[100.76442,13.83025]]]}},{"type":"Feature","properties":{"id":"คลองสิบ","name":"คลองสิบ","kind":"canal"},"geometry":{"type":"MultiLineString","coordinates":[[[100.82352,14.15681],[100.82405,14.05227]],[[100.81585,13.94878],[100.81367,13.92341],[100.81207,13.89832],[100.81138,13.89829],[100.81124,13.89805],[100.8105,13.89123]],[[100.82405,14.05227],[100.81585,13.94878]],[[100.82352,14.15733],[100.82352,14.15681]],[[100.82312,14.24339],[100.82352,14.15733]]]}},{"type":"Feature","properties":{"id":"คลองสิบศอก","name":"คลองสิบศอก","kind":"canal"},"geometry":{"type":"MultiLineString","coordinates":[[[100.32075,13.88643],[100.31451,13.88544],[100.31198,13.88564],[100.31044,13.88543],[100.30934,13.88568],[100.30771,13.88541],[100.303,13.88512],[100.2971,13.88522],[100.29344,13.88413],[100.29054,13.88297]],[[100.32359,13.88739],[100.32075,13.88643]],[[100.33127,13.88883],[100.32786,13.88774],[100.32568,13.88776],[100.32359,13.88739]]]}},{"type":"Feature","properties":{"id":"คลองสิบสอง","name":"คลองสิบสอง","kind":"canal"},"geometry":{"type":"MultiLineString","coordinates":[[[100.85943,13.88176],[100.85925,13.88002],[100.85962,13.87683],[100.86051,13.87614],[100.86071,13.87553],[100.85864,13.87349],[100.8556,13.87151],[100.8551,13.87093]],[[100.86309,13.88559],[100.86297,13.88497],[100.86162,13.88324],[100.85943,13.88176]],[[100.86405,13.94754],[100.86167,13.89867],[100.86171,13.89554],[100.86309,13.88559]],[[100.86407,13.9479],[100.86405,13.94754]],[[100.86436,13.95484],[100.86407,13.9479]],[[100.86671,14.00646],[100.86436,13.95484]],[[100.86952,14.06823],[100.8668,14.00836]],[[100.8668,14.00836],[100.86671,14.00646]],[[100.86866,14.26508],[100.8688,14.16825]],[[100.8688,14.16825],[100.86879,14.14805]],[[100.86879,14.14805],[100.86873,14.09802],[100.86952,14.06823]]]}},{"type":"Feature","properties":{"id":"คลองสิบสาม","name":"คลองสิบสาม","kind":"canal"},"geometry":{"type":"MultiLineString","coordinates":[[[100.88469,13.87869],[100.88375,13.87572],[100.88319,13.87483],[100.87968,13.87157],[100.87896,13.86961]],[[100.89434,14.00877],[100.8944,14.00684]],[[100.89218,14.07613],[100.89434,14.00877]],[[100.89158,14.24362],[100.89193,14.16552],[100.89171,14.09259],[100.89218,14.07613]],[[100.8944,14.00684],[100.89527,13.97925],[100.89561,13.97407],[100.8951,13.95878]],[[100.8951,13.95878],[100.89481,13.9545],[100.89464,13.94609],[100.89475,13.94334],[100.89458,13.94119],[100.88469,13.87869]]]}},{"type":"Feature","properties":{"id":"คลองสิบสี่","name":"คลองสิบสี่","kind":"canal"},"geometry":{"type":"MultiLineString","coordinates":[[[100.9142,13.96124],[100.91414,13.94621]],[[100.91419,14.09962],[100.91494,14.08386],[100.91483,14.06824]],[[100.90559,13.85919],[100.90462,13.85867],[100.90222,13.84885]],[[100.91483,14.06824],[100.91448,14.00847]],[[100.91381,14.1824],[100.91394,14.17417],[100.9136,14.15722],[100.91368,14.11417],[100.91419,14.09962]],[[100.91414,13.94621],[100.90919,13.90744],[100.90651,13.87976]],[[100.90651,13.87976],[100.9063,13.86037],[100.9058,13.85993],[100.90559,13.85919]],[[100.91448,14.00847],[100.9142,13.96124]],[[100.91402,14.22152],[100.91381,14.1824]]]}},{"type":"Feature","properties":{"id":"คลองสิบหก","name":"คลองสิบหก","kind":"canal"},"geometry":{"type":"MultiLineString","coordinates":[[[100.95931,13.96744],[100.95887,13.95158],[100.94705,13.8509]]]}},{"type":"Feature","properties":{"id":"คลองสิบห้า","name":"คลองสิบห้า","kind":"canal"},"geometry":{"type":"MultiLineString","coordinates":[[[100.93741,14.09206],[100.93721,14.06979],[100.93535,13.96411]],[[100.92446,13.84471],[100.92413,13.85952],[100.92416,13.86043],[100.92461,13.86219],[100.92432,13.86452],[100.92466,13.87145],[100.93519,13.94872],[100.93535,13.96411]],[[100.9446,14.0948],[100.9433,14.12518],[100.94344,14.12594]]]}},{"type":"Feature","properties":{"id":"คลองสิบเอ็ด","name":"คลองสิบเอ็ด","kind":"canal"},"geometry":{"type":"MultiLineString","coordinates":[[[100.83951,13.93655],[100.83899,13.93242],[100.83812,13.91142],[100.83815,13.90666]],[[100.8465,14.07588],[100.84669,14.06023]],[[100.84594,14.04413],[100.84433,14.0094]],[[100.84154,13.95175],[100.83951,13.93655]],[[100.84669,14.06023],[100.84594,14.04413]],[[100.84433,14.0094],[100.84154,13.95175]],[[100.84597,14.25422],[100.84613,14.15709],[100.8465,14.07588]]]}},{"type":"Feature","properties":{"id":"คลองสีล้ง","name":"คลองสีล้ง","kind":"canal"},"geometry":{"type":"MultiLineString","coordinates":[[[100.85018,13.48348],[100.84993,13.48264],[100.84956,13.48232],[100.84915,13.48122],[100.84898,13.47915]],[[100.85021,13.48443],[100.85074,13.48656],[100.85179,13.49348],[100.85222,13.49526]],[[100.85222,13.49526],[100.85243,13.49571]],[[100.85243,13.49571],[100.85255,13.496]],[[100.85018,13.48348],[100.85021,13.48443]]]}},{"type":"Feature","properties":{"id":"คลองสี่","name":"คลองสี่","kind":"canal"},"geometry":{"type":"MultiLineString","coordinates":[[[100.6873,13.98342],[100.68638,13.93092]],[[100.68898,13.5379],[100.73271,13.53136]],[[100.73271,13.53136],[100.75829,13.52995],[100.76433,13.52892],[100.77688,13.52609]],[[100.6745,13.73465],[100.67487,13.73648],[100.67519,13.74001],[100.67483,13.74216]],[[100.68741,14.01595],[100.68741,14.01501]],[[100.68741,14.01501],[100.68749,13.99984]],[[100.68749,13.99984],[100.68732,13.98455]],[[100.68732,13.98455],[100.6873,13.98342]],[[100.68632,14.17813],[100.68741,14.01595]],[[100.77688,13.52609],[100.77723,13.52538]],[[100.42008,13.54505],[100.42411,13.54745]],[[100.4236,13.54703],[100.42688,13.54893]],[[100.67467,13.74246],[100.67466,13.74267]],[[100.67483,13.74216],[100.67467,13.74246]],[[100.67295,13.72917],[100.67412,13.73263],[100.67447,13.73448]],[[100.67447,13.73448],[100.6745,13.73465]]]}},{"type":"Feature","properties":{"id":"คลองสี่ตะวันตก","name":"คลองสี่ตะวันตก","kind":"canal"},"geometry":{"type":"MultiLineString","coordinates":[[[100.69139,13.88979],[100.69801,13.89095],[100.72885,13.89707]]]}},{"type":"Feature","properties":{"id":"คลองสี่ตะวันออก","name":"คลองสี่ตะวันออก","kind":"canal"},"geometry":{"type":"MultiLineString","coordinates":[[[100.72885,13.89707],[100.78092,13.90809],[100.78148,13.90794],[100.78183,13.90862],[100.78583,13.90866],[100.78637,13.90911],[100.78793,13.91148],[100.78891,13.91209],[100.79056,13.91262],[100.79183,13.91197],[100.79232,13.91199]]]}},{"type":"Feature","properties":{"id":"คลองสี่บาท","name":"คลองสี่บาท","kind":"canal"},"geometry":{"type":"MultiLineString","coordinates":[[[100.42267,13.6556],[100.422,13.65632],[100.42181,13.6575],[100.42184,13.65789],[100.42246,13.65869],[100.43113,13.66348],[100.43481,13.66571],[100.44443,13.67192],[100.44663,13.67368],[100.44812,13.6744],[100.44856,13.67441]]]}},{"type":"Feature","properties":{"id":"คลองสี่ประเวศ","name":"คลองสี่ประเวศ","kind":"canal"},"geometry":{"type":"MultiLineString","coordinates":[[[100.76882,13.75693],[100.76921,13.72404]],[[100.7685,13.80684],[100.76858,13.78239]],[[100.76858,13.78239],[100.76856,13.78196]],[[100.76856,13.78196],[100.76875,13.77826],[100.76861,13.7775],[100.76882,13.75693]],[[100.76147,13.82863],[100.76473,13.82276],[100.76589,13.81658]]]}},{"type":"Feature","properties":{"id":"คลองสี่วาตากล่อม","name":"คลองสี่วาตากล่อม","kind":"canal"},"geometry":{"type":"MultiLineString","coordinates":[[[100.33941,13.65495],[100.33938,13.65436],[100.33875,13.65289],[100.33863,13.65214],[100.33819,13.64338]],[[100.33759,13.67738],[100.33824,13.67502],[100.33886,13.66946],[100.33931,13.66771],[100.34012,13.66648],[100.34012,13.6653],[100.34128,13.66086],[100.34084,13.65889],[100.33979,13.65784],[100.3394,13.65626],[100.33941,13.65495]],[[100.33819,13.64338],[100.33845,13.64237],[100.34315,13.63571]],[[100.34315,13.63571],[100.35284,13.622]]]}},{"type":"Feature","properties":{"id":"คลองสี่วาพาสวัสดิ์","name":"คลองสี่วาพาสวัสดิ์","kind":"canal"},"geometry":{"type":"MultiLineString","coordinates":[[[100.22711,13.60196],[100.23275,13.59954],[100.23784,13.59821],[100.24132,13.59707],[100.24488,13.59664],[100.25034,13.59677],[100.28814,13.59956],[100.3252,13.59738],[100.32851,13.59624],[100.33065,13.59529],[100.33352,13.59075],[100.33478,13.58938],[100.33557,13.58893],[100.33599,13.58803],[100.33764,13.58596],[100.33779,13.5854],[100.3388,13.58425],[100.33949,13.5839],[100.33981,13.58298],[100.33967,13.58267],[100.33916,13.5827],[100.33911,13.5825],[100.34026,13.58209],[100.34106,13.58234],[100.34114,13.58213],[100.34072,13.58178],[100.34161,13.58151],[100.34172,13.58124],[100.34235,13.58081],[100.34234,13.58046],[100.34175,13.58024],[100.34199,13.5798],[100.34193,13.57948],[100.34165,13.57938],[100.34116,13.57961],[100.34122,13.57916],[100.34153,13.5789],[100.34211,13.57917],[100.34325,13.57885],[100.34365,13.577],[100.34379,13.57686],[100.34446,13.57723],[100.34464,13.57712],[100.34491,13.57617],[100.34543,13.57632],[100.34579,13.5761],[100.34602,13.57488],[100.34689,13.57441]]]}},{"type":"Feature","properties":{"id":"คลองสี่ศอก","name":"คลองสี่ศอก","kind":"canal"},"geometry":{"type":"MultiLineString","coordinates":[[[100.77476,13.59634],[100.77355,13.59444],[100.77302,13.59392],[100.77181,13.59035],[100.77111,13.58943],[100.77043,13.58907],[100.77016,13.58854],[100.77011,13.58794],[100.77039,13.5873],[100.77058,13.58575],[100.76985,13.58437],[100.7698,13.58283],[100.76891,13.58206],[100.76791,13.58036],[100.7643,13.56512]],[[100.7643,13.56512],[100.76286,13.55897],[100.76231,13.55898]]]}},{"type":"Feature","properties":{"id":"คลองสุคต","name":"คลองสุคต","kind":"canal"},"geometry":{"type":"MultiLineString","coordinates":[[[100.27268,13.80773],[100.27247,13.80653],[100.27143,13.80666],[100.27099,13.80342],[100.27109,13.80316],[100.27083,13.80212],[100.26761,13.79314],[100.2676,13.78865],[100.26715,13.78639],[100.26661,13.78491],[100.26629,13.78147],[100.26659,13.78065],[100.2666,13.77981],[100.26728,13.77857],[100.26747,13.77648],[100.26837,13.77554]]]}},{"type":"Feature","properties":{"id":"คลองสุคัน","name":"คลองสุคัน","kind":"canal"},"geometry":{"type":"MultiLineString","coordinates":[[[100.85807,13.62888],[100.86026,13.62721],[100.86213,13.62676],[100.86327,13.62672],[100.87204,13.62815],[100.87444,13.62824],[100.87571,13.6287],[100.87668,13.62977],[100.87891,13.63145],[100.88005,13.63145],[100.88288,13.63084],[100.88417,13.63002]],[[100.88417,13.63002],[100.88437,13.62931],[100.88537,13.62749]],[[100.88537,13.62749],[100.88577,13.62615],[100.88602,13.62288]]]}},{"type":"Feature","properties":{"id":"คลองสุจิตรา","name":"คลองสุจิตรา","kind":"canal"},"geometry":{"type":"MultiLineString","coordinates":[[[100.51158,13.76455],[100.51061,13.76246]]]}},{"type":"Feature","properties":{"id":"คลองสุทธาวาส","name":"คลองสุทธาวาส","kind":"canal"},"geometry":{"type":"MultiLineString","coordinates":[[[100.47759,13.70624],[100.48142,13.70731]],[[100.48177,13.70742],[100.4829,13.70778]],[[100.48142,13.70731],[100.48177,13.70742]]]}},{"type":"Feature","properties":{"id":"คลองสุนัขหอน","name":"คลองสุนัขหอน","kind":"canal"},"geometry":{"type":"MultiLineString","coordinates":[[[100.07867,13.4952],[100.07972,13.49549],[100.08099,13.49614],[100.08242,13.4961],[100.08348,13.4971],[100.08453,13.4971],[100.1055,13.50299],[100.10613,13.50302],[100.10775,13.50201],[100.11007,13.50175],[100.11259,13.50053],[100.11499,13.50013],[100.11718,13.49864],[100.1201,13.49802],[100.12261,13.4965],[100.12506,13.49631],[100.12879,13.49451],[100.13311,13.49345],[100.13699,13.49151],[100.13767,13.49057],[100.13798,13.48913],[100.13841,13.48888],[100.13909,13.48888],[100.1396,13.48913],[100.13999,13.48974],[100.1404,13.49197],[100.14113,13.49445],[100.14271,13.49637],[100.14357,13.49829],[100.144,13.49877],[100.14488,13.49868],[100.14666,13.49739],[100.14754,13.497],[100.15062,13.49694],[100.15264,13.49651],[100.15342,13.49589],[100.15461,13.49418],[100.15525,13.49357],[100.15594,13.49332],[100.1566,13.4935],[100.15693,13.49437],[100.15764,13.49805],[100.15923,13.50187],[100.15965,13.50227],[100.16011,13.5024],[100.16195,13.50198],[100.1625,13.50203],[100.16292,13.50225],[100.16337,13.50288],[100.16338,13.50408],[100.16223,13.50634],[100.16234,13.50716],[100.16293,13.50767],[100.16386,13.50765],[100.16451,13.50723],[100.16518,13.50503],[100.16557,13.50472],[100.16603,13.50465],[100.16659,13.50483],[100.16696,13.50521],[100.16707,13.50602],[100.16688,13.50749],[100.16748,13.50822],[100.16809,13.50845],[100.1691,13.50849],[100.17139,13.50805],[100.17214,13.50768],[100.1728,13.50693],[100.17308,13.50537],[100.17346,13.50457],[100.17414,13.50409],[100.1747,13.50396],[100.17544,13.50409],[100.17608,13.50452],[100.17737,13.50669],[100.17831,13.50683],[100.17904,13.5062],[100.17944,13.50451],[100.17988,13.50383],[100.18126,13.50326],[100.18285,13.50325],[100.18361,13.50416],[100.18389,13.50547],[100.18352,13.50745],[100.18244,13.50996],[100.18261,13.51104],[100.18306,13.51143],[100.18573,13.51218],[100.18711,13.51293],[100.18789,13.51381],[100.18919,13.51593],[100.18991,13.5161],[100.19078,13.51593],[100.19302,13.51445],[100.19381,13.51417],[100.19522,13.51429],[100.19645,13.51548],[100.19776,13.51828],[100.19821,13.51889],[100.19888,13.51935],[100.20027,13.51967],[100.20252,13.51917],[100.20324,13.51925],[100.20374,13.51986],[100.20438,13.52219],[100.20518,13.5226],[100.20612,13.52226],[100.20719,13.52137],[100.20805,13.5203],[100.2089,13.51962],[100.2099,13.51914],[100.21116,13.51889],[100.21227,13.51899],[100.21356,13.51959],[100.21418,13.52043],[100.21429,13.52119],[100.21413,13.52191],[100.21256,13.52353],[100.21179,13.52479],[100.21169,13.52604],[100.21217,13.52736],[100.21333,13.5285],[100.21471,13.52936],[100.21724,13.52991],[100.21865,13.52947],[100.21957,13.52859],[100.22005,13.52726],[100.22031,13.52488],[100.22115,13.52404],[100.22211,13.52396],[100.22301,13.52416],[100.22442,13.52552],[100.22594,13.52767],[100.22749,13.52931],[100.2288,13.53032],[100.23045,13.53124],[100.23205,13.53254],[100.23274,13.53384],[100.23322,13.53695],[100.23349,13.5376],[100.23435,13.53854],[100.23477,13.53875],[100.2364,13.53879],[100.23713,13.53858],[100.23859,13.53769],[100.23958,13.53662],[100.23995,13.53604],[100.24007,13.53471],[100.23937,13.53131],[100.23996,13.53081],[100.24061,13.53087],[100.24208,13.53183],[100.24691,13.53586],[100.24757,13.53662],[100.24973,13.53746]]]}},{"type":"Feature","properties":{"id":"คลองสุรศักดิ์","name":"คลองสุรศักดิ์","kind":"canal"},"geometry":{"type":"MultiLineString","coordinates":[[[100.52501,13.72052],[100.52359,13.72411]],[[100.52507,13.72036],[100.52501,13.72052]],[[100.52507,13.72035],[100.52507,13.72036]]]}},{"type":"Feature","properties":{"id":"คลองสุเหร่าสวนพลู","name":"คลองสุเหร่าสวนพลู","kind":"canal"},"geometry":{"type":"MultiLineString","coordinates":[[[100.48891,13.7249],[100.48632,13.7236],[100.4858,13.72458],[100.48539,13.72488],[100.48476,13.72582]]]}},{"type":"Feature","properties":{"id":"คลองสุเหร่าใหม่","name":"คลองสุเหร่าใหม่","kind":"canal"},"geometry":{"type":"MultiLineString","coordinates":[[[100.88689,13.85619],[100.88622,13.85596],[100.88544,13.85207]]]}},{"type":"Feature","properties":{"id":"คลองส่งน้ำ 1","name":"คลองส่งน้ำ 1","kind":"canal"},"geometry":{"type":"MultiLineString","coordinates":[[[100.81257,14.06424],[100.81137,14.2375]]]}},{"type":"Feature","properties":{"id":"คลองส่งน้ำ 2","name":"คลองส่งน้ำ 2","kind":"canal"},"geometry":{"type":"MultiLineString","coordinates":[[[100.78961,14.1605],[100.78934,14.22624],[100.78919,14.22687]],[[100.79002,14.05656],[100.78975,14.12438]],[[100.78975,14.12438],[100.78973,14.12838]],[[100.78973,14.12838],[100.78961,14.1605]]]}},{"type":"Feature","properties":{"id":"คลองส่งน้ำ 3","name":"คลองส่งน้ำ 3","kind":"canal"},"geometry":{"type":"MultiLineString","coordinates":[[[100.76648,14.2162],[100.76666,14.21571],[100.76703,14.11994]],[[100.76703,14.11994],[100.76705,14.1158]],[[100.76705,14.1158],[100.76736,14.04879]]]}},{"type":"Feature","properties":{"id":"คลองส่งน้ำ 4","name":"คลองส่งน้ำ 4","kind":"canal"},"geometry":{"type":"MultiLineString","coordinates":[[[100.74339,14.20554],[100.74363,14.20499],[100.74366,14.20403],[100.74379,14.08107],[100.74417,14.04064]]]}},{"type":"Feature","properties":{"id":"คลองส่งน้ำ 5","name":"คลองส่งน้ำ 5","kind":"canal"},"geometry":{"type":"MultiLineString","coordinates":[[[100.72087,14.19464],[100.72104,14.19411],[100.72095,14.04266]]]}},{"type":"Feature","properties":{"id":"คลองส่งน้ำ 6","name":"คลองส่งน้ำ 6","kind":"canal"},"geometry":{"type":"MultiLineString","coordinates":[[[100.69869,14.18429],[100.69895,14.10829],[100.69886,14.0242]],[[100.61833,14.1842],[100.61818,14.1879],[100.61783,14.18923],[100.61707,14.18979],[100.61412,14.19088],[100.61351,14.19162],[100.61365,14.19812],[100.61319,14.19989],[100.61244,14.20076],[100.60923,14.20321]],[[100.61834,14.18398],[100.61834,14.18406]],[[100.61834,14.18406],[100.61833,14.1842]]]}},{"type":"Feature","properties":{"id":"คลองส่งน้ำ 7","name":"คลองส่งน้ำ 7","kind":"canal"},"geometry":{"type":"MultiLineString","coordinates":[[[100.67439,14.17179],[100.67463,14.17088],[100.67563,14.01262]]]}},{"type":"Feature","properties":{"id":"คลองส่งน้ำ 8","name":"คลองส่งน้ำ 8","kind":"canal"},"geometry":{"type":"MultiLineString","coordinates":[[[100.65246,14.16023],[100.65302,14.06578]],[[100.65302,14.06578],[100.65327,14.00765]]]}},{"type":"Feature","properties":{"id":"คลองส่งน้ำ 9","name":"คลองส่งน้ำ 9","kind":"canal"},"geometry":{"type":"MultiLineString","coordinates":[[[100.63098,14.149],[100.63102,14.14889]],[[100.63154,14.08726],[100.63154,14.08717]],[[100.63102,14.14889],[100.63111,14.14869]],[[100.63156,14.08497],[100.63168,14.06541]],[[100.63154,14.08717],[100.63156,14.08506]],[[100.63111,14.14869],[100.63154,14.08726]],[[100.63156,14.08506],[100.63156,14.08497]],[[100.63168,14.06541],[100.63168,14.06512]],[[100.63168,14.06512],[100.63169,14.06362]],[[100.63169,14.06362],[100.63203,14.00264]]]}},{"type":"Feature","properties":{"id":"คลองส่งน้ำสาย 1","name":"คลองส่งน้ำสาย 1","kind":"canal"},"geometry":{"type":"MultiLineString","coordinates":[[[100.18966,14.34432],[100.18877,14.33893],[100.18828,14.3383],[100.18768,14.33607],[100.1837,14.32479],[100.17704,14.30653],[100.17642,14.30397],[100.17643,14.30339],[100.17711,14.30157],[100.20353,14.25365],[100.20392,14.25267],[100.20498,14.2411],[100.20984,14.17912]]]}},{"type":"Feature","properties":{"id":"คลองส่งน้ำสาย 4","name":"คลองส่งน้ำสาย 4","kind":"canal"},"geometry":{"type":"MultiLineString","coordinates":[[[100.38168,14.21497],[100.38268,14.15338]]]}},{"type":"Feature","properties":{"id":"คลองส่วย","name":"คลองส่วย","kind":"canal"},"geometry":{"type":"MultiLineString","coordinates":[[[100.56325,13.93422],[100.54524,13.85738]],[[100.53248,13.58327],[100.52392,13.58241]],[[100.56673,13.9504],[100.56685,13.94905],[100.56338,13.93473]],[[100.56338,13.93473],[100.56319,13.93455],[100.56325,13.93422]],[[100.54449,13.85453],[100.54329,13.84946]],[[100.54524,13.85738],[100.54449,13.85453]]]}},{"type":"Feature","properties":{"id":"คลองส้มป่อย","name":"คลองส้มป่อย","kind":"canal"},"geometry":{"type":"MultiLineString","coordinates":[[[100.52041,13.75211],[100.52065,13.75348]],[[100.52083,13.7547],[100.521,13.75636]],[[100.52065,13.75348],[100.52067,13.75357]],[[100.52083,13.75463],[100.52083,13.7547]],[[100.52067,13.75357],[100.52083,13.75463]],[[100.40821,13.84781],[100.40827,13.84834],[100.40879,13.8483],[100.40895,13.84877],[100.4095,13.84895],[100.40954,13.85021],[100.40919,13.85113]]]}},{"type":"Feature","properties":{"id":"คลองส้มป่อย 1","name":"คลองส้มป่อย 1","kind":"canal"},"geometry":{"type":"MultiLineString","coordinates":[[[100.4117,13.83935],[100.40909,13.84417],[100.40913,13.84534],[100.40888,13.84668],[100.40821,13.84781]]]}},{"type":"Feature","properties":{"id":"คลองส้มป่อย 2","name":"คลองส้มป่อย 2","kind":"canal"},"geometry":{"type":"MultiLineString","coordinates":[[[100.40777,13.83646],[100.40657,13.83833],[100.40615,13.83935],[100.40589,13.83923],[100.40545,13.8403],[100.40544,13.84139],[100.4056,13.84255],[100.40618,13.84317],[100.40639,13.8439],[100.40671,13.84423],[100.40748,13.84651],[100.40821,13.84781]]]}},{"type":"Feature","properties":{"id":"คลองหก","name":"คลองหก","kind":"canal"},"geometry":{"type":"MultiLineString","coordinates":[[[100.73161,14.19987],[100.73174,14.09268],[100.7322,14.03508]],[[100.75083,13.53935],[100.78021,13.53658]],[[100.75083,13.53935],[100.73383,13.54134]],[[100.7323,14.01882],[100.73225,14.01484],[100.73062,14.00266],[100.72957,13.98633],[100.72916,13.9834],[100.72808,13.97038],[100.72582,13.93212]],[[100.73169,14.23256],[100.73167,14.2005],[100.73181,14.19997]],[[100.69041,13.54605],[100.72422,13.54253],[100.72742,13.54249]],[[100.7322,14.03508],[100.7322,14.03458]],[[100.7322,14.03458],[100.7323,14.01882]]]}},{"type":"Feature","properties":{"id":"คลองหกขุด","name":"คลองหกขุด","kind":"canal"},"geometry":{"type":"MultiLineString","coordinates":[[[100.67531,13.85642],[100.67405,13.85685],[100.672,13.8572],[100.66955,13.85689],[100.66743,13.85631],[100.66627,13.85577],[100.66478,13.85462],[100.66402,13.85508],[100.66322,13.85606],[100.66121,13.85255],[100.65833,13.85225]],[[100.65886,13.84849],[100.65869,13.84776]]]}},{"type":"Feature","properties":{"id":"คลองหกวา","name":"คลองหกวา","kind":"canal"},"geometry":{"type":"MultiLineString","coordinates":[[[101.13783,13.96975],[101.11029,13.97345],[101.10089,13.97449],[101.04406,13.97667],[101.02116,13.97098],[100.98306,13.97052],[100.95976,13.96751],[100.9142,13.96124]],[[100.6397,13.93221],[100.64029,13.9317],[100.64131,13.93131],[100.65092,13.9309]],[[100.68977,13.93105],[100.72582,13.93212]],[[100.87697,13.95643],[100.87646,13.95637]],[[100.87993,13.9568],[100.87697,13.95643]],[[100.85174,13.95306],[100.85104,13.95297]],[[100.87646,13.95637],[100.85174,13.95306]],[[100.85104,13.95297],[100.81585,13.94878],[100.78686,13.9456],[100.74993,13.93315],[100.74754,13.93291],[100.72582,13.93212]],[[100.88034,13.95686],[100.87993,13.9568]],[[100.9142,13.96124],[100.88034,13.95686]],[[100.65092,13.9309],[100.66257,13.93043]],[[100.66257,13.93043],[100.66784,13.93036],[100.68977,13.93105]]]}},{"type":"Feature","properties":{"id":"คลองหกส่วน","name":"คลองหกส่วน","kind":"canal"},"geometry":{"type":"MultiLineString","coordinates":[[[100.65591,13.5618],[100.657,13.56122],[100.65869,13.56066],[100.65989,13.5599],[100.66108,13.5596],[100.66161,13.55968],[100.66354,13.56084],[100.66474,13.5609],[100.6663,13.56002],[100.66881,13.55979],[100.67025,13.55874],[100.67086,13.5586],[100.67259,13.55749]],[[100.64234,13.57947],[100.64164,13.57868],[100.64143,13.57678],[100.64041,13.57202],[100.63956,13.56989]],[[100.64067,13.56917],[100.64076,13.56913]],[[100.64076,13.56913],[100.64122,13.56899],[100.64271,13.56727],[100.64339,13.56675],[100.64637,13.56617],[100.647,13.56574],[100.64789,13.56549],[100.64858,13.56481],[100.65013,13.56473],[100.65101,13.56384],[100.65587,13.56182]],[[100.65587,13.56182],[100.65591,13.5618]],[[100.63956,13.56989],[100.6397,13.5694],[100.64067,13.56917]],[[100.67259,13.55749],[100.67433,13.55704],[100.67505,13.55622]]]}},{"type":"Feature","properties":{"id":"คลองหกโรง","name":"คลองหกโรง","kind":"canal"},"geometry":{"type":"MultiLineString","coordinates":[[[100.88784,13.799],[100.88917,13.79847],[100.89051,13.79847],[100.89306,13.79941],[100.89501,13.79974],[100.89559,13.8],[100.89619,13.8006],[100.89729,13.80233],[100.8971,13.80307],[100.89646,13.80422],[100.8929,13.80798],[100.8927,13.80877],[100.89379,13.81041],[100.89366,13.81177],[100.89396,13.8124],[100.89454,13.81341],[100.89732,13.81682],[100.8979,13.81697],[100.89841,13.81676],[100.89941,13.81594]]]}},{"type":"Feature","properties":{"id":"คลองหงษ์ทอง","name":"คลองหงษ์ทอง","kind":"canal"},"geometry":{"type":"MultiLineString","coordinates":[[[100.87222,13.48804],[100.87191,13.48727]],[[100.8723,13.48823],[100.87222,13.48804]],[[100.87191,13.48727],[100.87086,13.482],[100.87112,13.4762],[100.87091,13.47568],[100.86909,13.47533]]]}},{"type":"Feature","properties":{"id":"คลองหนองกง","name":"คลองหนองกง","kind":"canal"},"geometry":{"type":"MultiLineString","coordinates":[[[100.66635,13.87188],[100.66829,13.87222],[100.66823,13.87304],[100.67129,13.8733],[100.67263,13.87412],[100.67324,13.87493],[100.67331,13.87716],[100.67453,13.87998]]]}},{"type":"Feature","properties":{"id":"คลองหนองควายหาย","name":"คลองหนองควายหาย","kind":"canal"},"geometry":{"type":"MultiLineString","coordinates":[[[100.6638,13.90629],[100.66418,13.90483],[100.66392,13.90281],[100.66355,13.90222],[100.66341,13.89613],[100.66332,13.89503],[100.66305,13.89485],[100.66325,13.89283],[100.6644,13.89164],[100.66473,13.89075],[100.66507,13.89047],[100.66635,13.89006],[100.66852,13.88837],[100.67042,13.88656],[100.67109,13.88626]]]}},{"type":"Feature","properties":{"id":"คลองหนองคา","name":"คลองหนองคา","kind":"canal"},"geometry":{"type":"MultiLineString","coordinates":[[[100.76634,13.72408],[100.76673,13.72148],[100.76665,13.71531]]]}},{"type":"Feature","properties":{"id":"คลองหนองงูเห่า","name":"คลองหนองงูเห่า","kind":"canal"},"geometry":{"type":"MultiLineString","coordinates":[[[100.78076,13.70264],[100.78236,13.70333],[100.78333,13.70413],[100.78544,13.70647],[100.78802,13.70716]],[[100.76316,13.67475],[100.76379,13.67669],[100.76525,13.67937],[100.77078,13.68758],[100.77305,13.69258],[100.77855,13.70113],[100.78076,13.70264]],[[100.75523,13.64852],[100.75547,13.64986],[100.75552,13.65209],[100.75641,13.65353],[100.75901,13.65641],[100.7595,13.65734],[100.76074,13.66111],[100.76098,13.66246],[100.76237,13.66687],[100.76271,13.66868],[100.76262,13.67189],[100.76316,13.67475]],[[100.75495,13.64674],[100.75523,13.64852]]]}},{"type":"Feature","properties":{"id":"คลองหนองจอก","name":"คลองหนองจอก","kind":"canal"},"geometry":{"type":"MultiLineString","coordinates":[[[100.65273,13.88286],[100.65299,13.88286]],[[100.65299,13.88286],[100.65568,13.88293]],[[100.62314,13.88299],[100.62418,13.88289],[100.62453,13.88303],[100.6247,13.88335],[100.62539,13.88332],[100.62541,13.88412],[100.62681,13.88411],[100.62985,13.88552],[100.63259,13.88577],[100.63401,13.8851],[100.63698,13.88551],[100.64004,13.88669],[100.64049,13.88661],[100.64135,13.88607]],[[100.65253,13.88286],[100.65273,13.88286]]]}},{"type":"Feature","properties":{"id":"คลองหนองตะกร้า","name":"คลองหนองตะกร้า","kind":"canal"},"geometry":{"type":"MultiLineString","coordinates":[[[100.7618,13.72405],[100.76181,13.71661],[100.76168,13.71627]]]}},{"type":"Feature","properties":{"id":"คลองหนองตะแคง","name":"คลองหนองตะแคง","kind":"canal"},"geometry":{"type":"MultiLineString","coordinates":[[[100.65273,13.88324],[100.65273,13.88286]],[[100.64932,13.90139],[100.65,13.89615],[100.64958,13.89597],[100.64991,13.89358],[100.65068,13.89236],[100.65114,13.89008],[100.65193,13.88925],[100.65251,13.88931],[100.65313,13.88634]],[[100.65313,13.88634],[100.65269,13.88529],[100.65273,13.88324]]]}},{"type":"Feature","properties":{"id":"คลองหนองนกไข่","name":"คลองหนองนกไข่","kind":"canal"},"geometry":{"type":"MultiLineString","coordinates":[[[100.18254,13.68764],[100.18302,13.68566],[100.19024,13.67138],[100.19173,13.66937],[100.19448,13.66752],[100.20602,13.65709],[100.20881,13.65521],[100.20965,13.65541],[100.20997,13.6553],[100.21025,13.65478],[100.21074,13.65469],[100.21301,13.65325]]]}},{"type":"Feature","properties":{"id":"คลองหนองนาย","name":"คลองหนองนาย","kind":"canal"},"geometry":{"type":"MultiLineString","coordinates":[[[100.48176,13.57642],[100.48304,13.57686],[100.48326,13.57739],[100.48378,13.57756],[100.48483,13.57857],[100.48723,13.57905],[100.48854,13.57989],[100.49067,13.58061],[100.49209,13.5822],[100.49265,13.58246]]]}},{"type":"Feature","properties":{"id":"คลองหนองบอน","name":"คลองหนองบอน","kind":"canal"},"geometry":{"type":"MultiLineString","coordinates":[[[100.65294,13.70004],[100.65324,13.69577],[100.65315,13.69499],[100.6534,13.69386],[100.6529,13.69106],[100.65285,13.68946],[100.65397,13.68592],[100.65528,13.68312],[100.65607,13.68206],[100.65815,13.68061],[100.65862,13.68069],[100.65982,13.68016],[100.66286,13.67804],[100.66697,13.67634],[100.66689,13.67516],[100.66961,13.67406]],[[100.65097,13.71372],[100.65638,13.70978],[100.65897,13.70732]],[[100.6515,13.71809],[100.65101,13.71549],[100.65064,13.71468],[100.65072,13.71418],[100.65106,13.71386],[100.65019,13.71275],[100.64969,13.71074],[100.64957,13.70867],[100.64912,13.70743],[100.64994,13.70604],[100.65027,13.70458],[100.65081,13.70371],[100.65094,13.70283]],[[100.65094,13.70283],[100.65215,13.70191],[100.6528,13.70076],[100.65294,13.70004]],[[100.59389,13.81082],[100.59156,13.8109],[100.58892,13.81045]]]}},{"type":"Feature","properties":{"id":"คลองหนองบัวบาน","name":"คลองหนองบัวบาน","kind":"canal"},"geometry":{"type":"MultiLineString","coordinates":[[[100.65621,13.88143],[100.65499,13.87676],[100.65132,13.87655],[100.65088,13.87616],[100.64909,13.87576]],[[100.64739,13.87328],[100.64599,13.87274],[100.64476,13.87199],[100.64411,13.87145],[100.64433,13.87077],[100.64413,13.87063],[100.64018,13.86975]],[[100.64781,13.87338],[100.64739,13.87328]],[[100.64893,13.87525],[100.64852,13.87518],[100.64828,13.87491],[100.64834,13.8736],[100.64781,13.87338]],[[100.649,13.8755],[100.64893,13.87525]],[[100.64904,13.87558],[100.649,13.8755]],[[100.64909,13.87576],[100.64904,13.87558]],[[100.64948,13.87565],[100.64902,13.87553]],[[100.64953,13.87584],[100.64948,13.87565]],[[100.64956,13.87592],[100.64953,13.87584]]]}},{"type":"Feature","properties":{"id":"คลองหนองบัวมน","name":"คลองหนองบัวมน","kind":"canal"},"geometry":{"type":"MultiLineString","coordinates":[[[100.65313,13.88634],[100.65414,13.88549],[100.65535,13.88548],[100.65595,13.88173],[100.65676,13.88087],[100.65821,13.88001],[100.66139,13.87885],[100.6628,13.87887],[100.66376,13.87919],[100.66446,13.87971],[100.66476,13.88023],[100.6648,13.88104],[100.66573,13.88089],[100.66638,13.88043],[100.66711,13.88028],[100.66885,13.8805],[100.66938,13.88109],[100.67251,13.87966],[100.67316,13.88081],[100.67341,13.88106],[100.67382,13.88101]]]}},{"type":"Feature","properties":{"id":"คลองหนองปลาหมอ","name":"คลองหนองปลาหมอ","kind":"canal"},"geometry":{"type":"MultiLineString","coordinates":[[[100.82939,13.88908],[100.83433,13.88889],[100.83597,13.88858],[100.83803,13.88756],[100.83903,13.8875],[100.84151,13.88636],[100.84312,13.8861]]]}},{"type":"Feature","properties":{"id":"คลองหนองระแหง","name":"คลองหนองระแหง","kind":"canal"},"geometry":{"type":"MultiLineString","coordinates":[[[100.69031,13.90116],[100.69412,13.90448],[100.6964,13.90725],[100.69691,13.90739],[100.6977,13.90725],[100.69901,13.90735],[100.70156,13.90932],[100.7027,13.91042],[100.70382,13.91221],[100.70508,13.91369],[100.70847,13.91684],[100.71178,13.91693]]]}},{"type":"Feature","properties":{"id":"คลองหนองรี","name":"คลองหนองรี","kind":"canal"},"geometry":{"type":"MultiLineString","coordinates":[[[100.51644,13.61851],[100.51547,13.61835],[100.5125,13.61846],[100.51095,13.61823]],[[100.26833,13.6401],[100.26718,13.64023],[100.26559,13.64077],[100.26586,13.64242],[100.2657,13.64305],[100.26616,13.64441],[100.2663,13.64588],[100.26689,13.64735],[100.2666,13.64764]]]}},{"type":"Feature","properties":{"id":"คลองหนองหอย","name":"คลองหนองหอย","kind":"canal"},"geometry":{"type":"MultiLineString","coordinates":[[[100.60165,14.22119],[100.60254,14.21876],[100.60485,14.21725],[100.60505,14.21663],[100.60574,14.21663],[100.60597,14.21641],[100.6057,14.2158],[100.60565,14.2148],[100.60586,14.21381],[100.60533,14.21311],[100.60545,14.21197],[100.6051,14.21112],[100.60523,14.20991],[100.60382,14.20548],[100.60417,14.20324],[100.60386,14.20201],[100.60376,14.19748]],[[100.60376,14.19748],[100.6038,14.19655],[100.6036,14.19565],[100.60328,14.1953],[100.60263,14.1952],[100.60155,14.1946],[100.59982,14.19321]],[[100.59982,14.19321],[100.59861,14.1923],[100.59767,14.19116],[100.5936,14.18761],[100.59293,14.18681],[100.5924,14.18562],[100.59207,14.18539],[100.58958,14.18505],[100.58779,14.18426],[100.58663,14.18414],[100.58532,14.18361],[100.5849,14.18383],[100.58022,14.18231],[100.57526,14.17916],[100.57459,14.17745],[100.57377,14.17706]]]}},{"type":"Feature","properties":{"id":"คลองหนองหัวไร่","name":"คลองหนองหัวไร่","kind":"canal"},"geometry":{"type":"MultiLineString","coordinates":[[[100.92342,13.5292],[100.92382,13.5296],[100.92427,13.53078],[100.9248,13.53148],[100.92552,13.53169],[100.92573,13.53193],[100.92557,13.53376],[100.92603,13.53465],[100.92669,13.53687]]]}},{"type":"Feature","properties":{"id":"คลองหนองเขิน","name":"คลองหนองเขิน","kind":"canal"},"geometry":{"type":"MultiLineString","coordinates":[[[100.67177,13.9012],[100.67633,13.90281],[100.67617,13.9057],[100.6781,13.90679]]]}},{"type":"Feature","properties":{"id":"คลองหนองแขม","name":"คลองหนองแขม","kind":"canal"},"geometry":{"type":"MultiLineString","coordinates":[[[100.66156,13.8309],[100.66117,13.82554],[100.66015,13.82453],[100.66014,13.82375]],[[100.66014,13.82375],[100.66076,13.82159],[100.66075,13.8193],[100.66096,13.81779],[100.66148,13.81606],[100.66258,13.81377],[100.66296,13.81252],[100.66283,13.81012],[100.66313,13.80971],[100.66413,13.80998],[100.66662,13.80505]],[[100.66138,13.83345],[100.66156,13.8309]]]}},{"type":"Feature","properties":{"id":"คลองหนองใหญ่","name":"คลองหนองใหญ่","kind":"canal"},"geometry":{"type":"MultiLineString","coordinates":[[[100.43465,13.69878],[100.43001,13.69581],[100.42291,13.69171],[100.41239,13.68607],[100.40524,13.68193],[100.39487,13.67666],[100.39419,13.67883],[100.39335,13.68063],[100.39288,13.68096],[100.39191,13.68341]],[[100.43472,13.69892],[100.43465,13.69878]]]}},{"type":"Feature","properties":{"id":"คลองหนาม","name":"คลองหนาม","kind":"canal"},"geometry":{"type":"MultiLineString","coordinates":[[[100.34751,13.53597],[100.34758,13.53563],[100.34645,13.53288],[100.34567,13.53035],[100.34811,13.51487],[100.34813,13.51357]]]}},{"type":"Feature","properties":{"id":"คลองหนามแดง","name":"คลองหนามแดง","kind":"canal"},"geometry":{"type":"MultiLineString","coordinates":[[[100.38483,13.67138],[100.38334,13.67164],[100.38004,13.66998],[100.37578,13.66829],[100.3616,13.66197],[100.36092,13.66152],[100.36097,13.6613],[100.35933,13.66118],[100.35742,13.66162],[100.3571,13.66154],[100.3567,13.6607],[100.35659,13.65984],[100.35513,13.6593],[100.35268,13.65799],[100.35109,13.65745],[100.35135,13.65653],[100.34957,13.65513],[100.34869,13.65477],[100.34779,13.65472],[100.34742,13.65534],[100.34675,13.6553]],[[100.38483,13.67138],[100.38728,13.6704],[100.38772,13.66972],[100.38833,13.66798]],[[100.34675,13.6553],[100.34512,13.65469],[100.33941,13.65493]],[[100.62556,13.5971],[100.62715,13.59733],[100.62986,13.59835],[100.63383,13.60168],[100.64181,13.60673],[100.64343,13.60802],[100.64394,13.60882],[100.64586,13.60981],[100.64745,13.61355],[100.64921,13.61969]]]}},{"type":"Feature","properties":{"id":"คลองหนึ่ง","name":"คลองหนึ่ง","kind":"canal"},"geometry":{"type":"MultiLineString","coordinates":[[[100.27963,14.12662],[100.28118,14.13842],[100.28208,14.14758]],[[100.28419,14.16983],[100.2841,14.16924]],[[100.2841,14.16924],[100.28208,14.14758]],[[100.61165,14.22293],[100.61209,14.22234],[100.61217,14.22122],[100.61242,14.22093],[100.61432,14.22039],[100.6159,14.22023],[100.61678,14.21984],[100.61726,14.21931],[100.61837,14.2189],[100.61955,14.21681],[100.61961,14.21642],[100.61915,14.21508],[100.6186,14.21185],[100.61769,14.20986],[100.61827,14.20814],[100.61851,14.20627],[100.61922,14.20518],[100.61915,14.20499],[100.61838,14.20486],[100.6182,14.20448],[100.61743,14.20383],[100.61541,14.20008],[100.61426,14.19841],[100.61428,14.19804],[100.61497,14.19685],[100.61659,14.19641],[100.6162,14.19501]],[[100.73114,13.7751],[100.73004,13.77011],[100.73002,13.76812],[100.72968,13.76617],[100.72936,13.76562],[100.7277,13.76418],[100.72664,13.76279],[100.72509,13.76126],[100.72411,13.75903],[100.72393,13.75765]],[[100.72393,13.75765],[100.72393,13.72398]],[[100.91807,13.80163],[100.91753,13.80212],[100.91431,13.80368],[100.91379,13.80477],[100.91317,13.80547],[100.90447,13.81262],[100.89969,13.81566],[100.89941,13.81594],[100.8995,13.81661],[100.89934,13.81682],[100.89728,13.81842],[100.88929,13.82352],[100.88756,13.82489],[100.88366,13.82691],[100.88262,13.82731],[100.87779,13.82738],[100.87548,13.82762],[100.85563,13.83122]],[[100.61935,14.19019],[100.61949,14.17629]],[[100.61961,14.15869],[100.61968,14.14496]],[[100.61985,14.12978],[100.62072,13.98541],[100.62087,13.98365],[100.62363,13.96699],[100.6241,13.96614],[100.63905,13.95843],[100.64051,13.95704]],[[100.6162,14.19501],[100.61573,14.19426],[100.6141,14.193],[100.61421,14.19218],[100.61457,14.19188],[100.61667,14.19129],[100.61846,14.19042]],[[100.61949,14.17629],[100.61961,14.15869]],[[100.61973,14.14311],[100.61985,14.12978]],[[100.61968,14.14496],[100.61973,14.14311]],[[100.27707,14.10122],[100.27688,14.09932],[100.27693,14.08835],[100.27672,14.08433],[100.2761,14.08009],[100.27393,14.07386]],[[100.41248,13.52947],[100.41631,13.52959],[100.4173,13.52992],[100.43674,13.54102],[100.44575,13.54595]],[[100.69562,13.52341],[100.6848,13.52494]],[[100.72081,13.51933],[100.71366,13.52071],[100.69562,13.52341]],[[100.27393,14.07386],[100.27332,14.07319],[100.27192,14.07236],[100.27229,14.07027],[100.27232,14.0684],[100.27094,14.06666]],[[100.75077,13.51338],[100.72081,13.51933]],[[100.61846,14.19042],[100.61935,14.19019]],[[100.88023,13.73986],[100.88884,13.73165],[100.90414,13.71773]],[[100.411,13.52947],[100.41248,13.52947]],[[100.38881,13.52956],[100.411,13.52947]],[[100.27963,14.12662],[100.27823,14.11481],[100.27707,14.10122]]]}},{"type":"Feature","properties":{"id":"คลองหนึ่งตะวันตก","name":"คลองหนึ่งตะวันตก","kind":"canal"},"geometry":{"type":"MultiLineString","coordinates":[[[100.71306,13.84587],[100.71513,13.84607]],[[100.70445,13.84504],[100.71306,13.84587]],[[100.71513,13.84607],[100.72653,13.84743],[100.72941,13.84882]]]}},{"type":"Feature","properties":{"id":"คลองหนึ่งตะวันออก","name":"คลองหนึ่งตะวันออก","kind":"canal"},"geometry":{"type":"MultiLineString","coordinates":[[[100.72941,13.84882],[100.746,13.85684],[100.76159,13.86472],[100.76394,13.86789],[100.76463,13.86853],[100.76471,13.8689]]]}},{"type":"Feature","properties":{"id":"คลองหมอนสี่สิบ","name":"คลองหมอนสี่สิบ","kind":"canal"},"geometry":{"type":"MultiLineString","coordinates":[[[100.63532,13.91676],[100.64234,13.91651],[100.64372,13.9163],[100.64585,13.9164],[100.6601,13.91579]],[[100.63124,13.91697],[100.63532,13.91676]],[[100.68135,13.91603],[100.68677,13.91619]],[[100.68109,13.91603],[100.68135,13.91603]],[[100.6601,13.91579],[100.66658,13.91559],[100.6728,13.9159],[100.68109,13.91603]]]}},{"type":"Feature","properties":{"id":"คลองหมาหลง","name":"คลองหมาหลง","kind":"canal"},"geometry":{"type":"MultiLineString","coordinates":[[[100.66105,13.91572],[100.66615,13.91745],[100.66862,13.91893],[100.67064,13.91942]]]}},{"type":"Feature","properties":{"id":"คลองหมื่นปรารมย์","name":"คลองหมื่นปรารมย์","kind":"canal"},"geometry":{"type":"MultiLineString","coordinates":[[[100.31544,13.67093],[100.31575,13.6683],[100.31658,13.66448],[100.3169,13.66122],[100.31681,13.65873],[100.3166,13.65773],[100.31714,13.65489],[100.31692,13.65394],[100.3163,13.65388],[100.31594,13.65246],[100.31515,13.65177],[100.31435,13.64826],[100.31424,13.64289],[100.31399,13.64145],[100.31341,13.63995],[100.3141,13.63498]],[[100.30259,13.64024],[100.30287,13.63995],[100.30642,13.63837],[100.30847,13.63668],[100.30891,13.63592],[100.31424,13.63495],[100.31485,13.63472],[100.31519,13.63407],[100.31505,13.63037],[100.31447,13.6266],[100.31209,13.61775],[100.30916,13.59853]],[[100.30914,13.59842],[100.30913,13.59836]],[[100.30916,13.59853],[100.30914,13.59842]]]}},{"type":"Feature","properties":{"id":"คลองหมื่นแช่ม","name":"คลองหมื่นแช่ม","kind":"canal"},"geometry":{"type":"MultiLineString","coordinates":[[[100.3663,13.6865],[100.36873,13.68248],[100.36987,13.68134],[100.37065,13.67969],[100.37033,13.67753],[100.37057,13.67724],[100.37103,13.67725],[100.37174,13.67444],[100.37124,13.6742],[100.37143,13.6731],[100.37186,13.67306],[100.37354,13.67146],[100.37578,13.66829]]]}},{"type":"Feature","properties":{"id":"คลองหมู่ใหญ่","name":"คลองหมู่ใหญ่","kind":"canal"},"geometry":{"type":"MultiLineString","coordinates":[[[100.48652,14.00268],[100.48691,14.00367],[100.48798,14.00531],[100.4894,14.00806],[100.48904,14.00841],[100.48889,14.01001],[100.48868,14.01033],[100.48869,14.01182]]]}},{"type":"Feature","properties":{"id":"คลองหม่อมแช่ม","name":"คลองหม่อมแช่ม","kind":"canal"},"geometry":{"type":"MultiLineString","coordinates":[[[100.26635,14.04549],[100.26203,14.04893],[100.25745,14.05321]],[[100.30239,14.03809],[100.29389,14.03816],[100.28631,14.03919],[100.27872,14.04116],[100.27222,14.0431],[100.26711,14.04515]],[[100.26711,14.04515],[100.26635,14.04549]]]}},{"type":"Feature","properties":{"id":"คลองหม้อข้าวหม้อแกง","name":"คลองหม้อข้าวหม้อแกง","kind":"canal"},"geometry":{"type":"MultiLineString","coordinates":[[[100.90802,13.65257],[100.90919,13.65157],[100.90975,13.65015],[100.91173,13.64794],[100.91264,13.64749],[100.915,13.64538],[100.91614,13.64345],[100.91753,13.64174]]]}},{"type":"Feature","properties":{"id":"คลองหม้อแตก","name":"คลองหม้อแตก","kind":"canal"},"geometry":{"type":"MultiLineString","coordinates":[[[100.67778,13.56451],[100.678,13.56182],[100.67725,13.55878],[100.67714,13.55853],[100.67627,13.55797],[100.67606,13.55722],[100.67505,13.55622]],[[100.67649,13.5744],[100.67619,13.57386],[100.67669,13.57312],[100.67675,13.57238],[100.67699,13.57192],[100.67662,13.57141],[100.677,13.56897],[100.67695,13.56757]],[[100.67695,13.56757],[100.677,13.5666],[100.67778,13.56451]]]}},{"type":"Feature","properties":{"id":"คลองหลวง","name":"คลองหลวง","kind":"canal"},"geometry":{"type":"MultiLineString","coordinates":[[[100.20382,13.60236],[100.20199,13.60274],[100.19696,13.60229],[100.18392,13.60398],[100.18353,13.60371],[100.18128,13.60423],[100.17731,13.60288],[100.17659,13.60241],[100.1732,13.60152],[100.16918,13.60089],[100.16314,13.60109]]]}},{"type":"Feature","properties":{"id":"คลองหลวงณรงค์","name":"คลองหลวงณรงค์","kind":"canal"},"geometry":{"type":"MultiLineString","coordinates":[[[100.89402,13.83486],[100.89831,13.84551]]]}},{"type":"Feature","properties":{"id":"คลองหลวงวิจิตร","name":"คลองหลวงวิจิตร","kind":"canal"},"geometry":{"type":"MultiLineString","coordinates":[[[100.64852,13.83384],[100.65351,13.83504],[100.65398,13.83533],[100.65732,13.83556]]]}},{"type":"Feature","properties":{"id":"คลองหลวงสหกรณ์","name":"คลองหลวงสหกรณ์","kind":"canal"},"geometry":{"type":"MultiLineString","coordinates":[[[100.32174,13.52266],[100.32179,13.5221],[100.32293,13.52024],[100.3252,13.51866],[100.3257,13.51789],[100.32625,13.5164],[100.32671,13.51341]],[[100.31314,13.5606],[100.31348,13.54096],[100.31336,13.53842],[100.31483,13.53466],[100.31639,13.53265],[100.31768,13.52892],[100.31862,13.52738],[100.32152,13.5237],[100.32174,13.52266]]]}},{"type":"Feature","properties":{"id":"คลองหลวงเดิมบาง","name":"คลองหลวงเดิมบาง","kind":"canal"},"geometry":{"type":"MultiLineString","coordinates":[[[100.27982,13.56489],[100.28567,13.55005]],[[100.27673,13.5684],[100.27774,13.56776],[100.27984,13.56591]],[[100.27984,13.56591],[100.27982,13.56489]],[[100.28567,13.55005],[100.28595,13.54992],[100.28633,13.55033],[100.28691,13.55041],[100.28699,13.55011],[100.28635,13.54956],[100.28671,13.5489]]]}},{"type":"Feature","properties":{"id":"คลองหลวงแพ่ง","name":"คลองหลวงแพ่ง","kind":"canal"},"geometry":{"type":"MultiLineString","coordinates":[[[100.93082,13.80443],[100.92952,13.80284],[100.929,13.80187],[100.92831,13.80119],[100.92553,13.79974],[100.91971,13.79617],[100.90992,13.79055],[100.90755,13.78636]],[[100.87894,13.73781],[100.8661,13.71729],[100.85515,13.69936]],[[100.90755,13.78636],[100.89052,13.75613],[100.87894,13.73781]],[[100.9386,13.8143],[100.93739,13.81305],[100.93082,13.80443]]]}},{"type":"Feature","properties":{"id":"คลองหลอดวัดราชนัดดา","name":"คลองหลอดวัดราชนัดดา","kind":"canal"},"geometry":{"type":"MultiLineString","coordinates":[[[100.4952,13.7566],[100.49526,13.75658]],[[100.49544,13.75652],[100.50553,13.75379]],[[100.49526,13.75658],[100.49544,13.75652]]]}},{"type":"Feature","properties":{"id":"คลองหลอดวัดราชบพิธ","name":"คลองหลอดวัดราชบพิธ","kind":"canal"},"geometry":{"type":"MultiLineString","coordinates":[[[100.4963,13.7485],[100.5012,13.74803]],[[100.5012,13.74803],[100.50142,13.74801]],[[100.50142,13.74801],[100.50399,13.74775]],[[100.50406,13.74773],[100.50413,13.74772]],[[100.50399,13.74775],[100.50406,13.74773]]]}},{"type":"Feature","properties":{"id":"คลองหลอแหล","name":"คลองหลอแหล","kind":"canal"},"geometry":{"type":"MultiLineString","coordinates":[[[100.70111,13.80355],[100.69853,13.80096],[100.69766,13.79959],[100.69691,13.79792]],[[100.69691,13.79792],[100.69595,13.79516],[100.69583,13.79352],[100.69615,13.79268]]]}},{"type":"Feature","properties":{"id":"คลองหลักชัย","name":"คลองหลักชัย","kind":"canal"},"geometry":{"type":"MultiLineString","coordinates":[[[100.2805,14.21708],[100.27879,14.21389],[100.27902,14.21319],[100.27702,14.21126],[100.27446,14.21015],[100.27432,14.2094],[100.27298,14.20708],[100.27203,14.20239],[100.27141,14.20057],[100.27121,14.20037],[100.27065,14.20031],[100.26881,14.18821],[100.26882,14.1867],[100.26799,14.18042],[100.26688,14.17724],[100.26595,14.17213]],[[100.26285,14.16552],[100.26283,14.1636],[100.26178,14.15593],[100.2614,14.15164],[100.26149,14.15148],[100.26316,14.15116],[100.26221,14.14667],[100.26227,14.1463]]]}},{"type":"Feature","properties":{"id":"คลองหลังกรมสื่อสารฯ","name":"คลองหลังกรมสื่อสารฯ","kind":"canal"},"geometry":{"type":"MultiLineString","coordinates":[[[100.52437,13.79046],[100.5286,13.7988]]]}},{"type":"Feature","properties":{"id":"คลองหลังขุน","name":"คลองหลังขุน","kind":"canal"},"geometry":{"type":"MultiLineString","coordinates":[[[100.48217,13.55807],[100.47897,13.55421],[100.47798,13.55234],[100.4776,13.54938],[100.47842,13.5471],[100.47967,13.54577],[100.47987,13.54506]]]}},{"type":"Feature","properties":{"id":"คลองหลังซอยจำเริญ","name":"คลองหลังซอยจำเริญ","kind":"canal"},"geometry":{"type":"MultiLineString","coordinates":[[[100.49299,13.71574],[100.49645,13.7153],[100.49884,13.71424],[100.50001,13.7133],[100.50105,13.71159],[100.50209,13.71064],[100.50227,13.71019],[100.50391,13.70821]]]}},{"type":"Feature","properties":{"id":"คลองหลังวัดราชสิทธาราม","name":"คลองหลังวัดราชสิทธาราม","kind":"canal"},"geometry":{"type":"MultiLineString","coordinates":[[[100.4838,13.73541],[100.48369,13.73579],[100.48252,13.73523],[100.48209,13.73553],[100.48114,13.73677],[100.48083,13.73909],[100.47884,13.73921],[100.47677,13.73867]]]}},{"type":"Feature","properties":{"id":"คลองหลังวัดเกาะ","name":"คลองหลังวัดเกาะ","kind":"canal"},"geometry":{"type":"MultiLineString","coordinates":[[[100.63591,13.90961],[100.6287,13.90783],[100.62844,13.90851],[100.62661,13.90802],[100.62615,13.90809]]]}},{"type":"Feature","properties":{"id":"คลองหลุมบัว","name":"คลองหลุมบัว","kind":"canal"},"geometry":{"type":"MultiLineString","coordinates":[[[100.85597,13.75476],[100.85519,13.75481],[100.85425,13.75515],[100.84874,13.75577],[100.84508,13.75594],[100.84387,13.75567],[100.84351,13.75539],[100.84293,13.75428],[100.84267,13.75329]],[[100.85597,13.75476],[100.85809,13.75452],[100.85878,13.7531],[100.86062,13.75065],[100.86141,13.75003],[100.86213,13.74977],[100.8633,13.74967],[100.86424,13.7501],[100.86592,13.75184],[100.8663,13.75195],[100.86701,13.75181]]]}},{"type":"Feature","properties":{"id":"คลองหลุมลี","name":"คลองหลุมลี","kind":"canal"},"geometry":{"type":"MultiLineString","coordinates":[[[100.34767,13.85639],[100.35352,13.85728],[100.35363,13.85748],[100.35425,13.85757],[100.35376,13.86069],[100.35312,13.86237],[100.35329,13.8642],[100.3531,13.86611]]]}},{"type":"Feature","properties":{"id":"คลองหลุมไผ่","name":"คลองหลุมไผ่","kind":"canal"},"geometry":{"type":"MultiLineString","coordinates":[[[100.60637,13.84905],[100.60455,13.84825],[100.60218,13.84677],[100.59856,13.8463],[100.59691,13.84579],[100.59506,13.84554],[100.58974,13.84383]],[[100.61893,13.84849],[100.61412,13.84909],[100.60705,13.84923],[100.60637,13.84905]]]}},{"type":"Feature","properties":{"id":"คลองหวังโต","name":"คลองหวังโต","kind":"canal"},"geometry":{"type":"MultiLineString","coordinates":[[[100.81428,13.86764],[100.8145,13.86468],[100.81497,13.86232],[100.81481,13.86069],[100.81435,13.85942],[100.81489,13.85473],[100.81481,13.85373]]]}},{"type":"Feature","properties":{"id":"คลองหวายลิง","name":"คลองหวายลิง","kind":"canal"},"geometry":{"type":"MultiLineString","coordinates":[[[100.29078,13.57956],[100.29205,13.57948],[100.29333,13.57982],[100.29409,13.57958],[100.29409,13.57893],[100.29437,13.57853],[100.29431,13.57807],[100.29498,13.57542],[100.29488,13.57383],[100.29507,13.57321],[100.29426,13.57245],[100.29386,13.57263],[100.2934,13.57207],[100.29342,13.57181],[100.29373,13.57159],[100.2937,13.57128],[100.29434,13.57036],[100.29488,13.57019],[100.29551,13.57028],[100.29564,13.57001],[100.29669,13.56936],[100.29822,13.56711],[100.30048,13.55933],[100.30181,13.55899],[100.30214,13.55926],[100.3027,13.55917],[100.30311,13.55943],[100.30377,13.55934],[100.3038,13.55873],[100.30457,13.55726]]]}},{"type":"Feature","properties":{"id":"คลองหอพัก","name":"คลองหอพัก","kind":"canal"},"geometry":{"type":"MultiLineString","coordinates":[[[100.52904,13.74187],[100.52817,13.74191],[100.52811,13.74117],[100.52766,13.74114],[100.52754,13.74081]]]}},{"type":"Feature","properties":{"id":"คลองหอมศีล","name":"คลองหอมศีล","kind":"canal"},"geometry":{"type":"MultiLineString","coordinates":[[[100.91454,13.57462],[100.91511,13.57263],[100.91505,13.57103],[100.91401,13.56922],[100.91193,13.56751],[100.91115,13.56524],[100.90844,13.56237],[100.90769,13.56037],[100.90641,13.55878],[100.90408,13.55411]],[[100.90691,13.58057],[100.90852,13.58044],[100.91326,13.57775],[100.91383,13.57693],[100.91454,13.57462]]]}},{"type":"Feature","properties":{"id":"คลองหัวกระบือ","name":"คลองหัวกระบือ","kind":"canal"},"geometry":{"type":"MultiLineString","coordinates":[[[100.4488,13.62953],[100.44871,13.62878],[100.44917,13.62544],[100.44948,13.62485],[100.44967,13.62332],[100.45015,13.62201],[100.44945,13.62139],[100.45026,13.62133],[100.44968,13.62054],[100.45009,13.61939],[100.45008,13.61818],[100.45034,13.61734],[100.4502,13.61681],[100.45064,13.61583],[100.45125,13.61563],[100.45147,13.61518],[100.45116,13.61394],[100.45124,13.61222],[100.4515,13.6115],[100.45131,13.61109],[100.4517,13.61045],[100.45167,13.60973],[100.45243,13.60774],[100.45298,13.60694],[100.45316,13.60605],[100.45374,13.60599]]]}},{"type":"Feature","properties":{"id":"คลองหัวคนเพลง","name":"คลองหัวคนเพลง","kind":"canal"},"geometry":{"type":"MultiLineString","coordinates":[[[100.29075,13.76429],[100.29073,13.76463],[100.29109,13.76481],[100.29116,13.76558],[100.29139,13.76587],[100.29256,13.76621],[100.29352,13.76783],[100.29499,13.76876],[100.29686,13.77124],[100.29852,13.77166],[100.30265,13.77397],[100.30437,13.77445],[100.30542,13.77449],[100.30691,13.77531],[100.30773,13.77517],[100.30885,13.77548],[100.30948,13.77588]]]}},{"type":"Feature","properties":{"id":"คลองหัวคูนอก","name":"คลองหัวคูนอก","kind":"canal"},"geometry":{"type":"MultiLineString","coordinates":[[[100.39901,13.83129],[100.40303,13.824]]]}},{"type":"Feature","properties":{"id":"คลองหัวคูใน","name":"คลองหัวคูใน","kind":"canal"},"geometry":{"type":"MultiLineString","coordinates":[[[100.39497,13.84827],[100.39378,13.84421],[100.39345,13.84207]],[[100.39345,13.84207],[100.39347,13.84134],[100.39627,13.83636]],[[100.39627,13.83636],[100.39901,13.83129]]]}},{"type":"Feature","properties":{"id":"คลองหัวตะเข้","name":"คลองหัวตะเข้","kind":"canal"},"geometry":{"type":"MultiLineString","coordinates":[[[100.78991,13.72396],[100.78944,13.72233],[100.78778,13.71972],[100.78773,13.7142],[100.78811,13.71261],[100.78802,13.70716]]]}},{"type":"Feature","properties":{"id":"คลองหัวถนน","name":"คลองหัวถนน","kind":"canal"},"geometry":{"type":"MultiLineString","coordinates":[[[100.38303,13.52298],[100.38295,13.5149],[100.38308,13.51377]]]}},{"type":"Feature","properties":{"id":"คลองหัวลำโพง","name":"คลองหัวลำโพง","kind":"canal"},"geometry":{"type":"MultiLineString","coordinates":[[[100.58806,13.7051],[100.58789,13.70602],[100.5867,13.70733],[100.58162,13.71025],[100.56199,13.71856],[100.5603,13.71951]]]}},{"type":"Feature","properties":{"id":"คลองหัวลำโพงเก่า","name":"คลองหัวลำโพงเก่า","kind":"canal"},"geometry":{"type":"MultiLineString","coordinates":[[[100.52424,13.73162],[100.5248,13.73136],[100.52516,13.73058],[100.52534,13.73059],[100.52685,13.7286]],[[100.52685,13.7286],[100.52697,13.72845]]]}},{"type":"Feature","properties":{"id":"คลองหัวสิงห์","name":"คลองหัวสิงห์","kind":"canal"},"geometry":{"type":"MultiLineString","coordinates":[[[100.53394,13.89143],[100.53308,13.88825],[100.53221,13.88649],[100.53164,13.88461]],[[100.53161,13.88452],[100.53159,13.88445]],[[100.53164,13.88461],[100.53161,13.88452]]]}},{"type":"Feature","properties":{"id":"คลองหัวหมาก","name":"คลองหัวหมาก","kind":"canal"},"geometry":{"type":"MultiLineString","coordinates":[[[100.63159,13.7274],[100.62991,13.72754],[100.62861,13.7272],[100.62838,13.72602],[100.62803,13.72554],[100.6271,13.72492],[100.62617,13.72509],[100.6253,13.72467],[100.62439,13.72323],[100.62433,13.72235],[100.62518,13.72101],[100.62512,13.72038]],[[100.62405,13.71667],[100.62369,13.71659],[100.62366,13.71637],[100.6239,13.7157],[100.6239,13.71473]],[[100.62512,13.72038],[100.62539,13.71918],[100.62603,13.71831],[100.62602,13.71761],[100.62545,13.71672],[100.62495,13.71643],[100.62455,13.71635],[100.62405,13.71667]],[[100.65108,13.74957],[100.65072,13.74879],[100.64959,13.74814],[100.64835,13.74679],[100.64804,13.74534],[100.64806,13.74449]],[[100.63808,13.7294],[100.63672,13.72935],[100.63568,13.72895],[100.63421,13.72881],[100.63335,13.72912],[100.63279,13.72833],[100.63159,13.7274]],[[100.64738,13.74264],[100.64644,13.74223],[100.64526,13.74024],[100.64509,13.73962],[100.6453,13.73886],[100.64522,13.73827]],[[100.65587,13.76074],[100.65469,13.75795],[100.65368,13.75733],[100.65243,13.7561],[100.65141,13.75456],[100.64942,13.75293],[100.64929,13.75099],[100.64959,13.75054],[100.65078,13.74994],[100.65108,13.74957]],[[100.65595,13.77045],[100.65656,13.76943],[100.65755,13.76672],[100.65659,13.76397],[100.65641,13.76316],[100.65648,13.76216],[100.65587,13.76074]],[[100.64522,13.73827],[100.64484,13.73807],[100.64485,13.73781]],[[100.64485,13.73781],[100.64472,13.73729],[100.64408,13.73663],[100.64358,13.73569],[100.6432,13.73356],[100.64263,13.73332],[100.64138,13.73333],[100.64043,13.73238],[100.63918,13.7303],[100.63808,13.7294]],[[100.64806,13.74449],[100.64848,13.74412],[100.64841,13.74332],[100.64799,13.74286],[100.64738,13.74264]]]}},{"type":"Feature","properties":{"id":"คลองหัวหมากน้อย","name":"คลองหัวหมากน้อย","kind":"canal"},"geometry":{"type":"MultiLineString","coordinates":[[[100.66682,13.75517],[100.66385,13.75595],[100.65747,13.75851],[100.6563,13.75874],[100.65525,13.7592]]]}},{"type":"Feature","properties":{"id":"คลองหัวเกลือ","name":"คลองหัวเกลือ","kind":"canal"},"geometry":{"type":"MultiLineString","coordinates":[[[100.79513,13.5634],[100.7902,13.5485]],[[100.80227,13.58464],[100.80162,13.5834],[100.79627,13.56695]],[[100.79627,13.56695],[100.79513,13.5634]]]}},{"type":"Feature","properties":{"id":"คลองหีบ","name":"คลองหีบ","kind":"canal"},"geometry":{"type":"MultiLineString","coordinates":[[[100.54774,13.68391],[100.54524,13.68401],[100.54347,13.68434]],[[100.55218,13.68314],[100.54819,13.68387]],[[100.54792,13.68388],[100.54774,13.68391]],[[100.54803,13.68387],[100.54792,13.68388]],[[100.54819,13.68387],[100.54803,13.68387]]]}},{"type":"Feature","properties":{"id":"คลองห้วยขวาง","name":"คลองห้วยขวาง","kind":"canal"},"geometry":{"type":"MultiLineString","coordinates":[[[100.57926,13.76168],[100.58044,13.75964],[100.58127,13.7591]],[[100.56675,13.79476],[100.56767,13.79417],[100.56959,13.79055],[100.5706,13.78531],[100.57042,13.78422],[100.57066,13.78167],[100.57088,13.78133],[100.57092,13.78048],[100.57297,13.77623],[100.57289,13.77404],[100.57398,13.77372],[100.57587,13.7727],[100.57529,13.7703],[100.57657,13.7686],[100.57674,13.7678],[100.57657,13.766],[100.57786,13.76389]],[[100.57818,13.76332],[100.5789,13.76212]],[[100.57898,13.76198],[100.57926,13.76168]],[[100.5789,13.76212],[100.57898,13.76198]],[[100.57786,13.76389],[100.57816,13.76335]],[[100.57816,13.76335],[100.57818,13.76332]],[[100.57818,13.76332],[100.57877,13.76214]],[[100.57909,13.76172],[100.57942,13.76146]],[[100.57885,13.76198],[100.57909,13.76172]],[[100.57877,13.76214],[100.57885,13.76198]]]}},{"type":"Feature","properties":{"id":"คลองห้า","name":"คลองห้า","kind":"canal"},"geometry":{"type":"MultiLineString","coordinates":[[[100.70991,14.18964],[100.70984,14.02554]],[[100.70625,13.99403],[100.70563,13.98865],[100.70589,13.97272],[100.70656,13.97072],[100.70578,13.9644],[100.7055,13.95565],[100.70605,13.93153]],[[100.72336,13.53786],[100.68982,13.54262]],[[100.72359,13.53784],[100.7499,13.53452]],[[100.7499,13.53452],[100.77973,13.53118]],[[100.70984,14.02554],[100.70992,14.0094]],[[100.70637,13.99489],[100.70625,13.99403]],[[100.70992,14.0094],[100.70691,13.99875],[100.70637,13.99489]]]}},{"type":"Feature","properties":{"id":"คลองห้าร้อย","name":"คลองห้าร้อย","kind":"canal"},"geometry":{"type":"MultiLineString","coordinates":[[[100.31393,13.97726],[100.31832,13.98517]],[[100.31832,13.98517],[100.32735,14.00144],[100.32745,14.00192]]]}},{"type":"Feature","properties":{"id":"คลองอรชร","name":"คลองอรชร","kind":"canal"},"geometry":{"type":"MultiLineString","coordinates":[[[100.53571,13.74554],[100.5364,13.74963]]]}},{"type":"Feature","properties":{"id":"คลองออเกาะ","name":"คลองออเกาะ","kind":"canal"},"geometry":{"type":"MultiLineString","coordinates":[[[100.62516,13.90669],[100.62663,13.90477],[100.62792,13.90393],[100.62824,13.90322],[100.62879,13.90354],[100.62963,13.90369],[100.63108,13.90349],[100.63276,13.90374],[100.63589,13.90474],[100.63699,13.90564]]]}},{"type":"Feature","properties":{"id":"คลองออเงิน","name":"คลองออเงิน","kind":"canal"},"geometry":{"type":"MultiLineString","coordinates":[[[100.64932,13.90139],[100.65044,13.90129],[100.65351,13.9025],[100.65515,13.90283],[100.65786,13.90374],[100.65958,13.90519],[100.66018,13.90676],[100.66059,13.90871],[100.66059,13.91054],[100.65903,13.91397],[100.65896,13.91446],[100.65901,13.91519],[100.66014,13.91543],[100.6601,13.91579]],[[100.63699,13.90564],[100.63915,13.90492],[100.6417,13.90494],[100.6422,13.90468],[100.64291,13.90314],[100.64331,13.90128],[100.64358,13.90083],[100.64405,13.90052],[100.64436,13.90048],[100.64671,13.90167],[100.64932,13.90139]]]}},{"type":"Feature","properties":{"id":"คลองออเงินน้อย","name":"คลองออเงินน้อย","kind":"canal"},"geometry":{"type":"MultiLineString","coordinates":[[[100.66033,13.90741],[100.66152,13.90658],[100.66349,13.90627],[100.66435,13.90643],[100.66577,13.90617],[100.66673,13.90476],[100.66742,13.90298],[100.66813,13.90217],[100.67029,13.90056],[100.67177,13.9012]]]}},{"type":"Feature","properties":{"id":"คลองออเป้ง","name":"คลองออเป้ง","kind":"canal"},"geometry":{"type":"MultiLineString","coordinates":[[[100.67049,13.90053],[100.67073,13.89986],[100.67126,13.89926],[100.67161,13.89775],[100.67272,13.89476],[100.67446,13.89301],[100.67391,13.89266],[100.67224,13.89057],[100.67117,13.8881],[100.67101,13.88715],[100.67126,13.88577],[100.67216,13.88451],[100.67382,13.88101]]]}},{"type":"Feature","properties":{"id":"คลองอั๊งโล่","name":"คลองอั๊งโล่","kind":"canal"},"geometry":{"type":"MultiLineString","coordinates":[[[100.50668,13.78199],[100.50366,13.7833]]]}},{"type":"Feature","properties":{"id":"คลองอาจารย์พร","name":"คลองอาจารย์พร","kind":"canal"},"geometry":{"type":"MultiLineString","coordinates":[[[100.68812,13.65829],[100.68905,13.66193],[100.69013,13.6675],[100.69227,13.67617],[100.69525,13.67547],[100.6967,13.68028]]]}},{"type":"Feature","properties":{"id":"คลองอำแพง","name":"คลองอำแพง","kind":"canal"},"geometry":{"type":"MultiLineString","coordinates":[[[100.18895,13.6173],[100.1915,13.6151],[100.1956,13.61291],[100.19857,13.61097],[100.20111,13.6099],[100.20217,13.61047],[100.20274,13.61022],[100.20335,13.61068],[100.20412,13.61049],[100.20458,13.61061],[100.20575,13.61012],[100.20683,13.61078],[100.20727,13.61078],[100.20774,13.61001],[100.20783,13.60912],[100.20848,13.60868]]]}},{"type":"Feature","properties":{"id":"คลองอินทนิน","name":"คลองอินทนิน","kind":"canal"},"geometry":{"type":"MultiLineString","coordinates":[[[100.59876,13.70784],[100.59813,13.70915],[100.59709,13.71062]],[[100.59913,13.70699],[100.59876,13.70784]],[[100.59727,13.70709],[100.59876,13.70784]]]}},{"type":"Feature","properties":{"id":"คลองอุดมชลจร","name":"คลองอุดมชลจร","kind":"canal"},"geometry":{"type":"MultiLineString","coordinates":[[[100.96853,13.79129],[100.94336,13.75886],[100.93424,13.74796],[100.92965,13.74408],[100.92756,13.74205],[100.9041,13.71768],[100.90071,13.7144],[100.89433,13.70761],[100.89289,13.70634],[100.87741,13.68996]]]}},{"type":"Feature","properties":{"id":"คลองอ่อนใจ","name":"คลองอ่อนใจ","kind":"canal"},"geometry":{"type":"MultiLineString","coordinates":[[[100.29321,13.65548],[100.3029,13.65747],[100.30766,13.6588],[100.30644,13.66826]],[[100.2742,13.65629],[100.27219,13.65677],[100.26822,13.65834]],[[100.28326,13.65421],[100.27902,13.65538],[100.27446,13.65622]],[[100.27446,13.65622],[100.2742,13.65629]],[[100.293,13.65542],[100.28986,13.65489],[100.28844,13.65521]],[[100.26414,13.66037],[100.2665,13.65895],[100.26797,13.65834]],[[100.26797,13.65834],[100.26822,13.65834]]]}},{"type":"Feature","properties":{"id":"คลองอ่างซั้ง","name":"คลองอ่างซั้ง","kind":"canal"},"geometry":{"type":"MultiLineString","coordinates":[[[100.87277,13.64876],[100.87465,13.64729],[100.87564,13.64616],[100.87912,13.6437],[100.88213,13.6434]],[[100.86527,13.65426],[100.8656,13.65411]],[[100.8656,13.65411],[100.8657,13.65406]],[[100.8657,13.65406],[100.86992,13.65227],[100.87248,13.64912]],[[100.87248,13.64912],[100.87277,13.64876]]]}},{"type":"Feature","properties":{"id":"คลองอ่างหยก","name":"คลองอ่างหยก","kind":"canal"},"geometry":{"type":"MultiLineString","coordinates":[[[100.51157,13.77401],[100.51279,13.77336]]]}},{"type":"Feature","properties":{"id":"คลองอ้อ","name":"คลองอ้อ","kind":"canal"},"geometry":{"type":"MultiLineString","coordinates":[[[100.41351,13.6061],[100.41421,13.60457],[100.41731,13.60125],[100.41912,13.60055],[100.42004,13.59987]],[[100.42337,13.59683],[100.42405,13.59616],[100.42363,13.59543],[100.42374,13.59159]],[[100.42004,13.59987],[100.42093,13.59894],[100.42157,13.59781],[100.42337,13.59683]]]}},{"type":"Feature","properties":{"id":"คลองอ้อตัน","name":"คลองอ้อตัน","kind":"canal"},"geometry":{"type":"MultiLineString","coordinates":[[[100.72393,13.75765],[100.722,13.75619],[100.71986,13.75662],[100.71614,13.75673],[100.71461,13.75648],[100.71352,13.75663],[100.71289,13.75645],[100.71058,13.75655],[100.70974,13.75641]],[[100.70974,13.75641],[100.70777,13.75633],[100.70652,13.75669]]]}},{"type":"Feature","properties":{"id":"คลองอ้อม","name":"คลองอ้อม","kind":"canal"},"geometry":{"type":"MultiLineString","coordinates":[[[100.86446,13.6451],[100.86814,13.6444],[100.86874,13.6438],[100.87422,13.64159],[100.87456,13.64123],[100.87513,13.64123],[100.87629,13.64073],[100.87736,13.63942],[100.8775,13.63884],[100.87742,13.6371],[100.87847,13.63535],[100.87867,13.63458],[100.87877,13.63137]],[[100.34543,13.5671],[100.34465,13.56587],[100.34502,13.56459],[100.3448,13.56271],[100.34505,13.56181],[100.34468,13.56026],[100.34457,13.5572],[100.34372,13.55526],[100.34331,13.55238]],[[100.34329,13.55231],[100.34283,13.54867]],[[100.34331,13.55238],[100.34329,13.55231]]]}},{"type":"Feature","properties":{"id":"คลองอ้อมนนท์","name":"คลองอ้อมนนท์","kind":"canal"},"geometry":{"type":"MultiLineString","coordinates":[[[100.47948,13.85471],[100.47778,13.85369],[100.47454,13.85069],[100.47261,13.84954],[100.47068,13.84865],[100.46879,13.84836],[100.46775,13.84839]],[[100.46594,13.82538],[100.46773,13.8235],[100.46896,13.82143],[100.47142,13.81602]],[[100.4623,13.84939],[100.45757,13.85134],[100.45564,13.85239],[100.45453,13.85308],[100.4525,13.85488],[100.45099,13.85719],[100.44924,13.86107],[100.44842,13.8636],[100.44831,13.86452]],[[100.43036,13.83214],[100.4356,13.82931],[100.44013,13.82786],[100.44154,13.82786],[100.4435,13.82827],[100.44717,13.82978],[100.45471,13.831],[100.45615,13.83102],[100.45922,13.83003]],[[100.42547,13.83664],[100.42721,13.83431]],[[100.44793,13.86744],[100.44732,13.86893],[100.44586,13.8706],[100.44468,13.87123],[100.44228,13.87189],[100.43976,13.87195],[100.43794,13.8715],[100.4354,13.87055],[100.43341,13.86943],[100.43205,13.8683],[100.43076,13.86688],[100.42869,13.86302]],[[100.42432,13.85221],[100.42431,13.85111],[100.42315,13.84592],[100.42304,13.84474],[100.42321,13.84337]],[[100.4616,13.82844],[100.46594,13.82538]],[[100.46555,13.84855],[100.4623,13.84939]],[[100.46775,13.84839],[100.46555,13.84855]],[[100.42606,13.85855],[100.42473,13.85553],[100.42436,13.85421],[100.42432,13.85221]],[[100.42721,13.83431],[100.42824,13.83326],[100.43036,13.83214]],[[100.45922,13.83003],[100.4616,13.82844]],[[100.47214,13.81469],[100.47655,13.8077]],[[100.42321,13.84337],[100.42392,13.83939],[100.42547,13.83664]],[[100.42869,13.86302],[100.42708,13.8606],[100.42606,13.85855]],[[100.44831,13.86452],[100.44793,13.86744]],[[100.47142,13.81602],[100.47214,13.81469]]]}},{"type":"Feature","properties":{"id":"คลองอ้อมน้อย","name":"คลองอ้อมน้อย","kind":"canal"},"geometry":{"type":"MultiLineString","coordinates":[[[100.30385,13.70467],[100.30122,13.70452],[100.29836,13.70359],[100.29522,13.70169],[100.28966,13.69923],[100.28818,13.69767],[100.2878,13.69658],[100.2873,13.69635],[100.28737,13.69593],[100.28641,13.69577]],[[100.28641,13.69577],[100.28688,13.69427],[100.28676,13.69422],[100.28517,13.69386],[100.28265,13.69285],[100.28101,13.69298],[100.27823,13.69287],[100.27813,13.69111],[100.27781,13.69086]]]}},{"type":"Feature","properties":{"id":"คลองอ้อมหลังบ้าน","name":"คลองอ้อมหลังบ้าน","kind":"canal"},"geometry":{"type":"MultiLineString","coordinates":[[[100.89343,13.56526],[100.89383,13.56264]],[[100.89307,13.56715],[100.89379,13.5667],[100.89346,13.56627],[100.89341,13.56536]],[[100.89341,13.56536],[100.89343,13.56526]]]}},{"type":"Feature","properties":{"id":"คลองอ้อมโรงหีบ","name":"คลองอ้อมโรงหีบ","kind":"canal"},"geometry":{"type":"MultiLineString","coordinates":[[[100.23243,13.57545],[100.23,13.57326],[100.22702,13.56934],[100.22628,13.5678],[100.22508,13.56654],[100.22447,13.56632],[100.22218,13.56625],[100.22071,13.56642],[100.2194,13.56683],[100.21826,13.56735],[100.21741,13.56803],[100.216,13.56962],[100.21537,13.56987]],[[100.21537,13.56987],[100.21409,13.57235],[100.21393,13.57349],[100.21516,13.5787],[100.21574,13.57985],[100.21662,13.58081],[100.21795,13.58145],[100.2204,13.58151],[100.22199,13.58113],[100.22438,13.57988],[100.22552,13.57955],[100.22638,13.57965],[100.22824,13.58044]]]}},{"type":"Feature","properties":{"id":"คลองอ้อมใหญ่","name":"คลองอ้อมใหญ่","kind":"canal"},"geometry":{"type":"MultiLineString","coordinates":[[[100.25655,13.68847],[100.25694,13.68922],[100.25864,13.69049],[100.25992,13.69197],[100.26053,13.69318],[100.2613,13.69546],[100.26055,13.69888],[100.25938,13.70065],[100.25796,13.7019],[100.25779,13.70251],[100.25736,13.70285],[100.25725,13.70323],[100.25754,13.70467],[100.25808,13.70582],[100.25898,13.70707],[100.26064,13.70817],[100.26121,13.70816],[100.26237,13.70877],[100.26309,13.70859],[100.26393,13.70893],[100.26443,13.7087],[100.26518,13.70879],[100.26755,13.70792],[100.26789,13.70752],[100.26939,13.70666],[100.26987,13.70606],[100.27014,13.70603],[100.27094,13.70494],[100.27174,13.70428],[100.27495,13.70016],[100.27688,13.69724]],[[100.2903,13.72387],[100.28989,13.72328],[100.2901,13.72278],[100.28516,13.71994],[100.28404,13.71954],[100.28158,13.71817],[100.27848,13.71549],[100.27768,13.7146],[100.27758,13.7135],[100.27633,13.71153],[100.27641,13.70936],[100.27678,13.70795],[100.27292,13.70541],[100.27213,13.70471],[100.27159,13.70479],[100.27128,13.70461]]]}},{"type":"Feature","properties":{"id":"คลองเกรียง","name":"คลองเกรียง","kind":"canal"},"geometry":{"type":"MultiLineString","coordinates":[[[100.6255,13.81747],[100.623,13.80889],[100.62202,13.80739]],[[100.62596,13.81923],[100.6255,13.81747]]]}},{"type":"Feature","properties":{"id":"คลองเกลือ","name":"คลองเกลือ","kind":"canal"},"geometry":{"type":"MultiLineString","coordinates":[[[100.78198,13.54037],[100.78063,13.5377],[100.77988,13.53542],[100.77987,13.53353],[100.7795,13.53212],[100.77979,13.53064],[100.77967,13.52933],[100.77991,13.52842]],[[100.77965,13.51715],[100.77963,13.51615],[100.7799,13.51558],[100.78041,13.51558],[100.78175,13.51626],[100.78391,13.51627],[100.78461,13.51381],[100.78483,13.51358],[100.78638,13.51348],[100.78686,13.51307]],[[100.77991,13.52842],[100.78002,13.52746],[100.7795,13.52603],[100.77903,13.52569],[100.77723,13.52538]],[[100.77745,13.51878],[100.77965,13.51715]],[[100.77723,13.52538],[100.77676,13.52477],[100.77657,13.52411],[100.77637,13.52192],[100.77702,13.52056]],[[100.77702,13.52056],[100.777,13.52003],[100.77745,13.51878]],[[100.54631,13.90725],[100.54619,13.90612],[100.54702,13.90255],[100.54695,13.90054],[100.54659,13.89824]],[[100.54633,13.89406],[100.54613,13.89266]],[[100.54634,13.89416],[100.54633,13.89406]],[[100.5464,13.89478],[100.54634,13.89416]],[[100.54641,13.89488],[100.5464,13.89478]],[[100.54656,13.89784],[100.54641,13.89488]],[[100.54659,13.89824],[100.54656,13.89784]]]}},{"type":"Feature","properties":{"id":"คลองเกษรา","name":"คลองเกษรา","kind":"canal"},"geometry":{"type":"MultiLineString","coordinates":[[[100.81376,13.61483],[100.81135,13.61484],[100.81052,13.61462],[100.80915,13.61487],[100.80072,13.61083]]]}},{"type":"Feature","properties":{"id":"คลองเกาะเกรียง","name":"คลองเกาะเกรียง","kind":"canal"},"geometry":{"type":"MultiLineString","coordinates":[[[100.47175,13.97512],[100.47796,13.96869],[100.49006,13.95556],[100.50021,13.94505],[100.50398,13.94253],[100.50533,13.9412]],[[100.45862,13.97947],[100.46036,13.98013],[100.46659,13.98131],[100.46681,13.98061]],[[100.47151,13.97535],[100.47175,13.97512]],[[100.467,13.97992],[100.46718,13.97953],[100.47151,13.97535]],[[100.46681,13.98061],[100.467,13.97992]]]}},{"type":"Feature","properties":{"id":"คลองเกาะโพธิ์","name":"คลองเกาะโพธิ์","kind":"canal"},"geometry":{"type":"MultiLineString","coordinates":[[[100.39855,13.57007],[100.39932,13.56953],[100.40004,13.56957],[100.40043,13.56883],[100.40298,13.56738],[100.40631,13.56634],[100.40725,13.56548],[100.40794,13.56525],[100.40935,13.5654],[100.41051,13.56588],[100.41235,13.56763],[100.41422,13.56837],[100.41607,13.5687],[100.4176,13.56863],[100.41913,13.56899],[100.42041,13.56891],[100.42138,13.56857],[100.42238,13.56872],[100.42278,13.56864],[100.42298,13.56834],[100.42353,13.5683]],[[100.24028,13.65362],[100.24145,13.65105],[100.24398,13.64933],[100.2442,13.64893],[100.2449,13.64675],[100.24554,13.64265]],[[100.2477,13.6367],[100.24467,13.64144],[100.24433,13.64223],[100.25108,13.64426],[100.25197,13.64443],[100.25209,13.644],[100.253,13.64421]]]}},{"type":"Feature","properties":{"id":"คลองเกาะใหม่","name":"คลองเกาะใหม่","kind":"canal"},"geometry":{"type":"MultiLineString","coordinates":[[[100.53252,14.0666],[100.53181,14.06564],[100.53065,14.06503],[100.52811,14.0627],[100.52682,14.06193],[100.52413,14.05931],[100.52241,14.05821],[100.51663,14.05355],[100.51455,14.05164]],[[100.51455,14.05164],[100.51411,14.051],[100.51185,14.04885],[100.50732,14.04066]]]}},{"type":"Feature","properties":{"id":"คลองเก่า","name":"คลองเก่า","kind":"canal"},"geometry":{"type":"MultiLineString","coordinates":[[[100.44748,14.16304],[100.44874,14.16365],[100.4496,14.16314],[100.45056,14.16293],[100.45112,14.16246],[100.45299,14.16186],[100.45363,14.16094],[100.45401,14.16086],[100.45503,14.15996],[100.45511,14.15955],[100.45572,14.1589],[100.45743,14.15906],[100.45865,14.15868],[100.45976,14.1586],[100.46047,14.15901],[100.46095,14.15901],[100.46144,14.15851],[100.46263,14.15844],[100.46306,14.15897],[100.46575,14.15942],[100.46616,14.15907],[100.46677,14.15895],[100.46846,14.15957],[100.46898,14.15901],[100.46881,14.15857],[100.46897,14.15832],[100.47011,14.1584],[100.47165,14.15796],[100.47239,14.15828],[100.47271,14.15817],[100.47329,14.15732],[100.475,14.1566],[100.47536,14.15658],[100.47598,14.15696],[100.47682,14.1578],[100.47708,14.15774],[100.47758,14.15697],[100.47809,14.15709],[100.47849,14.15767],[100.47885,14.15773],[100.47924,14.15647],[100.47955,14.15632],[100.48037,14.15642],[100.4806,14.15723],[100.48093,14.15726],[100.48124,14.1566],[100.48076,14.15597],[100.48125,14.15536],[100.4816,14.15537],[100.48226,14.15621],[100.48249,14.15624],[100.48293,14.15612],[100.48394,14.15468],[100.48418,14.15469],[100.48464,14.15526],[100.48547,14.1552],[100.4859,14.1544],[100.48589,14.15395],[100.48522,14.15372],[100.48509,14.15298]]]}},{"type":"Feature","properties":{"id":"คลองเก้า","name":"คลองเก้า","kind":"canal"},"geometry":{"type":"MultiLineString","coordinates":[[[100.80049,14.02838],[100.79275,13.9463]],[[100.75328,13.55245],[100.77283,13.54948]],[[100.69322,13.56127],[100.75328,13.55245]],[[100.79247,13.93154],[100.79217,13.89737],[100.79279,13.89696],[100.79277,13.89389]],[[100.80122,14.06015],[100.80131,14.04448]],[[100.80053,14.02923],[100.80049,14.02838]],[[100.80131,14.04448],[100.80053,14.02923]],[[100.80032,14.23196],[100.80122,14.06015]],[[100.79275,13.9463],[100.79247,13.93154]]]}},{"type":"Feature","properties":{"id":"คลองเก้าห้อง","name":"คลองเก้าห้อง","kind":"canal"},"geometry":{"type":"MultiLineString","coordinates":[[[100.51382,13.60262],[100.50136,13.61568]]]}},{"type":"Feature","properties":{"id":"คลองเคล็ด","name":"คลองเคล็ด","kind":"canal"},"geometry":{"type":"MultiLineString","coordinates":[[[100.62718,13.7136],[100.62929,13.71145],[100.63042,13.71101],[100.63063,13.71066],[100.63065,13.7093],[100.63123,13.70873],[100.63165,13.70604],[100.63292,13.70303]],[[100.64394,13.67124],[100.64485,13.66996],[100.64582,13.66926],[100.64788,13.66904],[100.65278,13.66921],[100.65378,13.66892]],[[100.64017,13.67784],[100.64058,13.67625],[100.6432,13.67212],[100.64394,13.67124]],[[100.63292,13.70303],[100.63404,13.70068],[100.63692,13.69567],[100.63757,13.69263],[100.6395,13.68076],[100.64017,13.67784]]]}},{"type":"Feature","properties":{"id":"คลองเจริญผล","name":"คลองเจริญผล","kind":"canal"},"geometry":{"type":"MultiLineString","coordinates":[[[100.52526,13.74925],[100.52414,13.74886]],[[100.52382,13.74883],[100.52317,13.74881],[100.52226,13.74846]],[[100.52414,13.74886],[100.52394,13.74883]],[[100.52394,13.74883],[100.52382,13.74883]],[[100.52225,13.74845],[100.52135,13.74823]],[[100.52226,13.74846],[100.52225,13.74845]]]}},{"type":"Feature","properties":{"id":"คลองเจริญราษฎร์","name":"คลองเจริญราษฎร์","kind":"canal"},"geometry":{"type":"MultiLineString","coordinates":[[[100.76437,13.50212],[100.76369,13.49676]],[[100.79091,13.59273],[100.79067,13.59177],[100.78919,13.59007],[100.78905,13.58959],[100.78978,13.58873],[100.79085,13.58805],[100.79212,13.58871],[100.79501,13.58902],[100.79534,13.58931],[100.79542,13.58966],[100.79502,13.5911],[100.79508,13.59167]],[[100.78041,13.55155],[100.78045,13.55077],[100.78106,13.5492]],[[100.78106,13.5492],[100.78127,13.54846],[100.78409,13.54523],[100.78337,13.54401],[100.78323,13.54283],[100.78218,13.54104],[100.78198,13.54037]],[[100.79085,13.58805],[100.78975,13.58352],[100.78778,13.57737],[100.78041,13.55155]]]}},{"type":"Feature","properties":{"id":"คลองเจริญวัย","name":"คลองเจริญวัย","kind":"canal"},"geometry":{"type":"MultiLineString","coordinates":[[[100.91394,13.47789],[100.9136,13.4768],[100.9142,13.47182],[100.91401,13.47108],[100.91362,13.47067],[100.91397,13.46934],[100.91366,13.4687],[100.91326,13.46601]],[[100.91411,13.47842],[100.91394,13.47789]],[[100.91417,13.47859],[100.91411,13.47842]]]}},{"type":"Feature","properties":{"id":"คลองเจริญสุข","name":"คลองเจริญสุข","kind":"canal"},"geometry":{"type":"MultiLineString","coordinates":[[[100.342,13.71189],[100.34305,13.71239],[100.34762,13.71378],[100.35273,13.71607],[100.35647,13.71731],[100.35865,13.71716],[100.36017,13.71734],[100.36112,13.71712],[100.36825,13.71883]]]}},{"type":"Feature","properties":{"id":"คลองเจียรดับ","name":"คลองเจียรดับ","kind":"canal"},"geometry":{"type":"MultiLineString","coordinates":[[[100.82745,13.85529],[100.8274,13.85227],[100.82925,13.85064],[100.83044,13.84795],[100.83055,13.84681],[100.82881,13.84227],[100.82659,13.83908],[100.82515,13.83764],[100.82495,13.83552],[100.82439,13.83423],[100.82355,13.82962],[100.82381,13.82763],[100.82359,13.82694]]]}},{"type":"Feature","properties":{"id":"คลองเจือศักดิ์","name":"คลองเจือศักดิ์","kind":"canal"},"geometry":{"type":"MultiLineString","coordinates":[[[100.36604,13.64738],[100.36613,13.64636],[100.36796,13.64403],[100.37,13.63989],[100.37079,13.6391],[100.37191,13.63708]]]}},{"type":"Feature","properties":{"id":"คลองเจ็ก","name":"คลองเจ็ก","kind":"canal"},"geometry":{"type":"MultiLineString","coordinates":[[[100.53315,13.5537],[100.53386,13.55267],[100.53434,13.55232],[100.53479,13.55104],[100.53505,13.54977],[100.53467,13.54934],[100.53482,13.548]],[[100.53482,13.548],[100.53516,13.54523],[100.53505,13.54416],[100.53555,13.5426]],[[100.3501,13.56392],[100.35011,13.56322],[100.34977,13.5628],[100.35004,13.56193],[100.34978,13.5616],[100.3497,13.56095],[100.34998,13.5603],[100.34972,13.55982],[100.34994,13.55889],[100.34971,13.5584],[100.34988,13.55793],[100.34958,13.55713],[100.34978,13.55673],[100.34957,13.55624],[100.34972,13.55453],[100.34957,13.55408],[100.34963,13.55155],[100.34944,13.55117],[100.34959,13.55051],[100.3494,13.54854]],[[100.5284,13.56099],[100.52973,13.55889],[100.53072,13.55652]],[[100.47895,14.12419],[100.47895,14.12301],[100.47868,14.12197],[100.47775,14.12131],[100.49115,14.08917]],[[100.53072,13.55652],[100.53315,13.5537]]]}},{"type":"Feature","properties":{"id":"คลองเจ็ด","name":"คลองเจ็ด","kind":"canal"},"geometry":{"type":"MultiLineString","coordinates":[[[100.7551,14.21049],[100.75549,14.04485]],[[100.7177,13.54815],[100.76898,13.54078]],[[100.75559,14.01372],[100.75416,13.99777],[100.75348,13.98286],[100.75229,13.9801],[100.74937,13.97433],[100.74897,13.97263],[100.74878,13.96829],[100.74978,13.95693],[100.74949,13.94764]],[[100.7177,13.54815],[100.69148,13.55189]],[[100.74949,13.94764],[100.7485,13.94064],[100.74828,13.93297]],[[100.75605,14.02888],[100.75585,14.0175],[100.75559,14.01372]],[[100.75549,14.04485],[100.75605,14.02888]]]}},{"type":"Feature","properties":{"id":"คลองเจ็ดศอก","name":"คลองเจ็ดศอก","kind":"canal"},"geometry":{"type":"MultiLineString","coordinates":[[[100.28356,13.58871],[100.3075,13.58954],[100.30892,13.59702],[100.30888,13.59837]]]}},{"type":"Feature","properties":{"id":"คลองเจ้า","name":"คลองเจ้า","kind":"canal"},"geometry":{"type":"MultiLineString","coordinates":[[[100.93621,13.7839],[100.93564,13.78422],[100.93425,13.78451],[100.93074,13.78431],[100.92893,13.7835],[100.92552,13.78304],[100.92357,13.78221],[100.92277,13.78158],[100.9219,13.78037],[100.91934,13.7746],[100.91873,13.77361],[100.91774,13.77281],[100.91753,13.77221],[100.91787,13.77165],[100.91788,13.77114],[100.91729,13.77078],[100.91717,13.77039],[100.9174,13.7702],[100.92291,13.76933]],[[100.92302,13.76931],[100.92336,13.76925]],[[100.92291,13.76933],[100.92302,13.76931]]]}},{"type":"Feature","properties":{"id":"คลองเจ้าคุณ","name":"คลองเจ้าคุณ","kind":"canal"},"geometry":{"type":"MultiLineString","coordinates":[[[100.47054,13.67971],[100.47094,13.67969],[100.4715,13.67913],[100.47556,13.67048]]]}},{"type":"Feature","properties":{"id":"คลองเจ้าคุณสิงห์","name":"คลองเจ้าคุณสิงห์","kind":"canal"},"geometry":{"type":"MultiLineString","coordinates":[[[100.61337,13.78367],[100.61283,13.77932],[100.6133,13.77873],[100.61378,13.7775],[100.61554,13.7723],[100.61383,13.76885],[100.61539,13.76115]],[[100.61029,13.80007],[100.61043,13.79648],[100.61186,13.79655],[100.61199,13.79478],[100.61156,13.79402],[100.61231,13.79348],[100.612,13.79282],[100.61222,13.79263],[100.61166,13.78778],[100.61377,13.78694],[100.61341,13.78397]],[[100.61341,13.78397],[100.61337,13.78367]]]}},{"type":"Feature","properties":{"id":"คลองเจ้าเมือง","name":"คลองเจ้าเมือง","kind":"canal"},"geometry":{"type":"MultiLineString","coordinates":[[[100.45776,13.9773],[100.4567,13.97504],[100.45659,13.97101],[100.45532,13.96939],[100.45388,13.96974],[100.45262,13.96794]],[[100.46227,13.98765],[100.46,13.98275],[100.45776,13.9773]]]}},{"type":"Feature","properties":{"id":"คลองเจ๊ก","name":"คลองเจ๊ก","kind":"canal"},"geometry":{"type":"MultiLineString","coordinates":[[[100.58786,13.69144],[100.5896,13.69215],[100.59388,13.69267],[100.59525,13.69312],[100.59673,13.69436]],[[100.72229,13.83748],[100.72229,13.82747]],[[100.72229,13.82747],[100.72206,13.82747],[100.72202,13.81893],[100.72273,13.8174]],[[100.72289,13.81707],[100.72454,13.81273]],[[100.72273,13.8174],[100.72289,13.81707]],[[100.72468,13.81235],[100.72586,13.80908]],[[100.72454,13.81273],[100.72468,13.81235]],[[100.722,13.84686],[100.72229,13.83748]],[[100.82657,13.74356],[100.82683,13.74333],[100.82921,13.74288],[100.83018,13.74235],[100.83235,13.74196],[100.83255,13.74174],[100.83242,13.74065],[100.83955,13.73876]],[[100.44498,13.56166],[100.45686,13.56266],[100.4678,13.56333],[100.47081,13.56423]],[[100.5971,13.69471],[100.5978,13.69522],[100.60195,13.69723],[100.60315,13.69749]],[[100.79864,13.75358],[100.82422,13.74408],[100.82508,13.74398],[100.82552,13.74366],[100.82657,13.74356]],[[100.59673,13.69436],[100.5971,13.69471]],[[100.95424,13.61253],[100.95176,13.60975],[100.94823,13.60523],[100.94373,13.59865],[100.93596,13.5882]]]}},{"type":"Feature","properties":{"id":"คลองเจ๊กหัวไทร","name":"คลองเจ๊กหัวไทร","kind":"canal"},"geometry":{"type":"MultiLineString","coordinates":[[[100.27329,13.64901],[100.27354,13.65003],[100.275,13.64968],[100.27548,13.65058]],[[100.27304,13.64808],[100.27326,13.6489]],[[100.27326,13.6489],[100.27329,13.64901]]]}},{"type":"Feature","properties":{"id":"คลองเฉลิมชัยพัฒนา","name":"คลองเฉลิมชัยพัฒนา","kind":"canal"},"geometry":{"type":"MultiLineString","coordinates":[[[100.45015,13.62201],[100.45133,13.62115],[100.45231,13.61758],[100.45274,13.61318],[100.4515,13.6115]]]}},{"type":"Feature","properties":{"id":"คลองเชิงตาแพ","name":"คลองเชิงตาแพ","kind":"canal"},"geometry":{"type":"MultiLineString","coordinates":[[[100.4152,13.55714],[100.41586,13.55745],[100.41626,13.558],[100.41755,13.55904],[100.42088,13.55981],[100.42184,13.56057],[100.42221,13.56036],[100.42264,13.56072],[100.42356,13.56086],[100.42552,13.56243],[100.4274,13.56353],[100.42886,13.56352],[100.42953,13.56384],[100.43071,13.56401],[100.43127,13.56436],[100.43179,13.56409],[100.43239,13.56426],[100.43268,13.56403]],[[100.42353,13.5683],[100.42735,13.56565]],[[100.42748,13.56556],[100.4294,13.56378]],[[100.42735,13.56565],[100.42748,13.56556]]]}},{"type":"Feature","properties":{"id":"คลองเชียงรากน้อย","name":"คลองเชียงรากน้อย","kind":"canal"},"geometry":{"type":"MultiLineString","coordinates":[[[100.60492,14.1351],[100.60326,14.13535],[100.60224,14.13511],[100.60177,14.13496],[100.60122,14.13428],[100.59778,14.13242],[100.5934,14.13235],[100.58945,14.13112],[100.5886,14.13068],[100.58759,14.12957],[100.58641,14.12914],[100.58429,14.12887],[100.58335,14.12904],[100.58221,14.12866]],[[100.58046,14.12765],[100.57507,14.12373],[100.57451,14.12294],[100.57342,14.12244],[100.57072,14.1226],[100.56849,14.12218],[100.56651,14.12247],[100.56295,14.12234],[100.56262,14.12219],[100.56165,14.12145],[100.56108,14.12059],[100.56032,14.11798],[100.56004,14.11802],[100.55969,14.11844],[100.55898,14.11863],[100.55843,14.11917],[100.55785,14.11926],[100.5574,14.1198],[100.55598,14.12007],[100.5545,14.11946],[100.55391,14.11879],[100.55307,14.11865],[100.55282,14.11797],[100.55219,14.11831],[100.55191,14.1179],[100.55191,14.11724],[100.55285,14.1171],[100.55309,14.11607],[100.55408,14.11499],[100.55363,14.11442],[100.55361,14.11373],[100.55287,14.11329],[100.55326,14.11253],[100.55336,14.11186],[100.55392,14.11161],[100.55348,14.11118],[100.5519,14.11102],[100.54938,14.11036]],[[100.62085,14.14492],[100.62075,14.14509],[100.61968,14.14496]],[[100.60625,14.13568],[100.60546,14.1352],[100.60492,14.1351]],[[100.61968,14.14496],[100.61729,14.14438],[100.60625,14.13568]],[[100.58221,14.12866],[100.58046,14.12765]]]}},{"type":"Feature","properties":{"id":"คลองเชียงรากใหญ่","name":"คลองเชียงรากใหญ่","kind":"canal"},"geometry":{"type":"MultiLineString","coordinates":[[[100.56443,14.02982],[100.56576,14.02487],[100.56765,14.02124],[100.57341,14.01283],[100.57761,14.00962],[100.57967,14.00733],[100.58026,14.00438],[100.58029,14.00236],[100.57928,13.99878],[100.578,13.99638],[100.57491,13.99307],[100.57317,13.99164],[100.56968,13.98989],[100.56669,13.98931],[100.5622,13.98941],[100.56062,13.98973],[100.55688,13.99159],[100.55446,13.99167],[100.55365,13.9922],[100.55301,13.99294],[100.5527,13.99395],[100.55295,13.99472],[100.55233,13.99616],[100.55085,13.99872],[100.54993,13.99992],[100.54702,14.00186],[100.54476,14.00253],[100.54284,14.00239],[100.53987,14.00171]],[[100.58743,14.04888],[100.591,14.04924]],[[100.58743,14.04888],[100.58606,14.04637],[100.5833,14.04337],[100.57963,14.04087],[100.57753,14.04007],[100.57365,14.03933],[100.56929,14.03923],[100.56801,14.03897],[100.56597,14.03802]],[[100.56597,14.03802],[100.56452,14.03624],[100.56414,14.03492],[100.56391,14.03237],[100.56443,14.02982]]]}},{"type":"Feature","properties":{"id":"คลองเชียงรากใหม่","name":"คลองเชียงรากใหม่","kind":"canal"},"geometry":{"type":"MultiLineString","coordinates":[[[100.56102,14.11722],[100.55392,14.11161]],[[100.56091,14.11966],[100.56163,14.11815],[100.56102,14.11722]]]}},{"type":"Feature","properties":{"id":"คลองเตย","name":"คลองเตย","kind":"canal"},"geometry":{"type":"MultiLineString","coordinates":[[[100.50732,13.80474],[100.51412,13.80505]],[[100.51492,13.80502],[100.51753,13.80458]],[[100.51412,13.80505],[100.51492,13.80502]]]}},{"type":"Feature","properties":{"id":"คลองเตาอิฐ","name":"คลองเตาอิฐ","kind":"canal"},"geometry":{"type":"MultiLineString","coordinates":[[[100.50493,13.79771],[100.50591,13.79935],[100.50658,13.79886],[100.50636,13.7986],[100.50735,13.79785],[100.51301,13.79424]]]}},{"type":"Feature","properties":{"id":"คลองเต่าดำ","name":"คลองเต่าดำ","kind":"canal"},"geometry":{"type":"MultiLineString","coordinates":[[[100.2035,13.55727],[100.20119,13.55794],[100.20088,13.55759],[100.20018,13.55782],[100.19823,13.5591],[100.19674,13.55958],[100.19676,13.56039],[100.1951,13.5605],[100.19502,13.56088],[100.19257,13.5613],[100.18442,13.5639],[100.16329,13.56504]]]}},{"type":"Feature","properties":{"id":"คลองเต้าปูน","name":"คลองเต้าปูน","kind":"canal"},"geometry":{"type":"MultiLineString","coordinates":[[[100.67768,13.91254],[100.67817,13.91212],[100.6802,13.91185],[100.6807,13.91199],[100.68156,13.91156],[100.68373,13.91124]],[[100.67772,13.91595],[100.67729,13.91519],[100.67758,13.91267]],[[100.67758,13.91267],[100.67768,13.91254]]]}},{"type":"Feature","properties":{"id":"คลองเทพราช","name":"คลองเทพราช","kind":"canal"},"geometry":{"type":"MultiLineString","coordinates":[[[100.39238,13.70358],[100.39279,13.70043],[100.39277,13.69674],[100.39312,13.69572]]]}},{"type":"Feature","properties":{"id":"คลองเทวะตรง","name":"คลองเทวะตรง","kind":"canal"},"geometry":{"type":"MultiLineString","coordinates":[[[100.72126,13.65379],[100.72451,13.65278],[100.72856,13.65183],[100.73178,13.65128],[100.73533,13.65094]],[[100.7461,13.64798],[100.74675,13.6477],[100.74706,13.64787],[100.75382,13.6467],[100.75495,13.64674]],[[100.73533,13.65094],[100.7422,13.64969],[100.7461,13.64798]]]}},{"type":"Feature","properties":{"id":"คลองเนินทราย","name":"คลองเนินทราย","kind":"canal"},"geometry":{"type":"MultiLineString","coordinates":[[[100.33548,13.74797],[100.33557,13.74999],[100.33538,13.75341],[100.33499,13.75356],[100.33404,13.75714],[100.33366,13.76045],[100.3337,13.76226],[100.33328,13.76367],[100.33329,13.76412],[100.33415,13.76603],[100.33396,13.76936],[100.33403,13.77321]]]}},{"type":"Feature","properties":{"id":"คลองเปรมประชากร","name":"คลองเปรมประชากร","kind":"canal"},"geometry":{"type":"MultiLineString","coordinates":[[[100.5674,14.19936],[100.56825,14.19915],[100.56939,14.19946],[100.5698,14.19933],[100.57058,14.1986],[100.571,14.1977],[100.57366,14.17786]],[[100.5847,14.09572],[100.59393,14.02788],[100.6027,13.96498],[100.60652,13.93883],[100.60669,13.93729],[100.60656,13.93449],[100.60596,13.933],[100.60061,13.92315],[100.55341,13.83679],[100.55119,13.83301],[100.54525,13.82209],[100.54494,13.82111],[100.5438,13.81929],[100.51201,13.76105]],[[100.57896,14.13863],[100.58046,14.12765]],[[100.58046,14.12765],[100.58464,14.09611]],[[100.58464,14.09611],[100.5847,14.09572]],[[100.57366,14.17786],[100.57377,14.17706]],[[100.57377,14.17706],[100.57896,14.13863]]]}},{"type":"Feature","properties":{"id":"คลองเปร็ง","name":"คลองเปร็ง","kind":"canal"},"geometry":{"type":"MultiLineString","coordinates":[[[100.90271,13.68121],[100.90157,13.67965],[100.9007,13.67742],[100.90079,13.6765],[100.90191,13.67415],[100.90169,13.67288],[100.90109,13.67173],[100.89982,13.67085],[100.89733,13.66996],[100.89694,13.66938],[100.89663,13.66825],[100.89618,13.66761],[100.89401,13.66581],[100.89149,13.66475],[100.89063,13.66382],[100.88981,13.66247],[100.88984,13.66149],[100.89106,13.65972],[100.89129,13.65895],[100.89133,13.65387]],[[100.89133,13.65387],[100.8924,13.65082],[100.89317,13.64776],[100.89307,13.6456],[100.89291,13.64496],[100.89236,13.6442]]]}},{"type":"Feature","properties":{"id":"คลองเมืองอยู่ดี","name":"คลองเมืองอยู่ดี","kind":"canal"},"geometry":{"type":"MultiLineString","coordinates":[[[100.51726,13.69693],[100.5188,13.69896]]]}},{"type":"Feature","properties":{"id":"คลองเม็ตร์","name":"คลองเม็ตร์","kind":"canal"},"geometry":{"type":"MultiLineString","coordinates":[[[100.47476,13.7994],[100.47201,13.80064]]]}},{"type":"Feature","properties":{"id":"คลองเลนเปน","name":"คลองเลนเปน","kind":"canal"},"geometry":{"type":"MultiLineString","coordinates":[[[100.39786,13.65342],[100.39857,13.65187],[100.3988,13.64958],[100.39904,13.6492],[100.39989,13.64541],[100.40024,13.64122],[100.40076,13.64033],[100.40156,13.63775],[100.40273,13.63099],[100.4033,13.6288],[100.40399,13.62712],[100.40424,13.62538],[100.40504,13.6232],[100.40472,13.62249],[100.40551,13.62176],[100.40752,13.62068],[100.40897,13.61921],[100.41023,13.61887],[100.41113,13.61885],[100.41165,13.61674],[100.41158,13.61634],[100.41192,13.61624],[100.412,13.61568],[100.41142,13.61445],[100.41132,13.61315],[100.41066,13.61059],[100.4107,13.60987],[100.41189,13.60883],[100.41259,13.60751],[100.41363,13.60624]]]}},{"type":"Feature","properties":{"id":"คลองเล้าหมู","name":"คลองเล้าหมู","kind":"canal"},"geometry":{"type":"MultiLineString","coordinates":[[[100.69934,13.57562],[100.69614,13.57566],[100.69373,13.57596],[100.69261,13.57573],[100.69096,13.57598],[100.68996,13.57638],[100.68897,13.57725],[100.68611,13.57628],[100.68467,13.57657],[100.68387,13.57696],[100.68195,13.57703],[100.68041,13.57636],[100.67882,13.57497],[100.67718,13.57458]],[[100.67718,13.57458],[100.67649,13.5744]],[[100.66146,13.57587],[100.66173,13.57596],[100.66221,13.57659],[100.66302,13.57678],[100.66315,13.57712],[100.66355,13.57717],[100.66403,13.57704],[100.66399,13.57646],[100.66497,13.57581],[100.66617,13.57645],[100.66737,13.57642],[100.66915,13.57541],[100.67065,13.57528],[100.67128,13.57493],[100.67233,13.57493],[100.67312,13.57517],[100.67387,13.57436],[100.67649,13.5744]],[[100.89727,13.62224],[100.89832,13.6217],[100.89919,13.62094],[100.89933,13.61966],[100.89902,13.61865],[100.89692,13.61671],[100.89534,13.61585],[100.89459,13.61486],[100.8933,13.61407],[100.8926,13.61315]],[[100.89259,13.62648],[100.89321,13.62623],[100.89425,13.62502],[100.89531,13.62311],[100.89727,13.62224]]]}},{"type":"Feature","properties":{"id":"คลองเสมียรตรา","name":"คลองเสมียรตรา","kind":"canal"},"geometry":{"type":"MultiLineString","coordinates":[[[100.27442,14.02726],[100.27211,14.02869],[100.26146,14.03805],[100.25976,14.03985],[100.25791,14.0409],[100.2552,14.04327],[100.25272,14.04482]]]}},{"type":"Feature","properties":{"id":"คลองเสาธงหิน","name":"คลองเสาธงหิน","kind":"canal"},"geometry":{"type":"MultiLineString","coordinates":[[[100.41426,13.85872],[100.41497,13.85914],[100.41564,13.85999],[100.41998,13.85825],[100.42151,13.85791],[100.42135,13.85733],[100.42374,13.85681],[100.42506,13.85629]]]}},{"type":"Feature","properties":{"id":"คลองเสาหิน","name":"คลองเสาหิน","kind":"canal"},"geometry":{"type":"MultiLineString","coordinates":[[[100.52613,13.69026],[100.52443,13.68865],[100.52314,13.68693]],[[100.52148,13.68483],[100.51882,13.6814]],[[100.52181,13.68523],[100.52148,13.68483]],[[100.52308,13.68685],[100.52181,13.68523]],[[100.52314,13.68693],[100.52308,13.68685]]]}},{"type":"Feature","properties":{"id":"คลองเสือตาย","name":"คลองเสือตาย","kind":"canal"},"geometry":{"type":"MultiLineString","coordinates":[[[100.70206,13.61894],[100.70192,13.61659],[100.70079,13.61292],[100.69978,13.61082],[100.6988,13.6094],[100.69853,13.60816],[100.69858,13.60678]],[[100.70146,13.62833],[100.70177,13.62582],[100.70161,13.6212],[100.70205,13.61995],[100.70206,13.61894]]]}},{"type":"Feature","properties":{"id":"คลองเสือน้อย","name":"คลองเสือน้อย","kind":"canal"},"geometry":{"type":"MultiLineString","coordinates":[[[100.92932,13.5997],[100.93267,13.59683],[100.93249,13.59545],[100.93182,13.59337],[100.93189,13.59311],[100.93442,13.58971],[100.9388,13.5854],[100.94107,13.58203],[100.94282,13.58033],[100.94339,13.57792],[100.94475,13.5782],[100.94586,13.57727],[100.94739,13.57658],[100.95009,13.57708],[100.95204,13.57604],[100.95335,13.57443],[100.95423,13.57397]],[[100.58922,13.82138],[100.59491,13.82194],[100.60025,13.8231],[100.60469,13.82333],[100.6056,13.82294],[100.61007,13.82312],[100.61408,13.82258],[100.61738,13.82275],[100.62104,13.8226],[100.62166,13.8228],[100.62618,13.82252],[100.62691,13.82209]]]}},{"type":"Feature","properties":{"id":"คลองเเคราย","name":"คลองเเคราย","kind":"canal"},"geometry":{"type":"MultiLineString","coordinates":[[[100.31956,13.67213],[100.32022,13.66908],[100.32309,13.66422],[100.32314,13.66211],[100.32492,13.65577],[100.32524,13.6531],[100.32514,13.64802],[100.32448,13.6443],[100.32461,13.64312],[100.32333,13.63319],[100.32419,13.62638],[100.32576,13.59721]]]}},{"type":"Feature","properties":{"id":"คลองแขก","name":"คลองแขก","kind":"canal"},"geometry":{"type":"MultiLineString","coordinates":[[[100.62766,13.58347],[100.62745,13.58072],[100.62752,13.57574]],[[100.62783,13.58545],[100.62766,13.58347]]]}},{"type":"Feature","properties":{"id":"คลองแค","name":"คลองแค","kind":"canal"},"geometry":{"type":"MultiLineString","coordinates":[[[100.29204,13.68483],[100.28586,13.68577],[100.28021,13.68844],[100.27936,13.68843],[100.27899,13.68872],[100.27847,13.68862],[100.27735,13.68918]]]}},{"type":"Feature","properties":{"id":"คลองแครายมะเดื่อ","name":"คลองแครายมะเดื่อ","kind":"canal"},"geometry":{"type":"MultiLineString","coordinates":[[[100.30214,13.64634],[100.3039,13.64655],[100.30804,13.64611],[100.31913,13.64661],[100.32494,13.64641],[100.33269,13.64542],[100.3383,13.64501]]]}},{"type":"Feature","properties":{"id":"คลองแจงร้อน","name":"คลองแจงร้อน","kind":"canal"},"geometry":{"type":"MultiLineString","coordinates":[[[100.50173,13.65147],[100.50827,13.66283],[100.51025,13.66536],[100.51099,13.66663],[100.5109,13.66686],[100.51223,13.67129],[100.51204,13.67151],[100.51215,13.67182]],[[100.51756,13.66462],[100.5176,13.6673],[100.51797,13.66725],[100.51848,13.66764],[100.5188,13.66758],[100.52031,13.66828],[100.5205,13.66849],[100.52033,13.66886],[100.52062,13.66877],[100.5208,13.66911],[100.52109,13.66912],[100.52062,13.67017],[100.52071,13.67059],[100.52041,13.67097],[100.52095,13.67141],[100.52109,13.67191],[100.52151,13.67196],[100.52162,13.67214],[100.52153,13.67253],[100.52168,13.67328],[100.52199,13.67352],[100.52199,13.6743],[100.52167,13.67509],[100.52061,13.67512],[100.52037,13.67562],[100.52283,13.67817]],[[100.51767,13.66262],[100.51756,13.66299]],[[100.51215,13.67182],[100.51239,13.6719],[100.51217,13.67241],[100.51238,13.67293],[100.5128,13.67296],[100.51306,13.67362],[100.51332,13.67352],[100.51409,13.6738],[100.5144,13.67412],[100.51485,13.67374],[100.51589,13.67411],[100.51698,13.67415],[100.5179,13.67499],[100.51792,13.67457],[100.51844,13.67471],[100.51976,13.67459],[100.52019,13.67472],[100.52054,13.67522]],[[100.51756,13.66299],[100.51749,13.66387]],[[100.51749,13.66387],[100.51756,13.66462]],[[100.50103,13.65056],[100.50106,13.6506]],[[100.50103,13.65055],[100.50103,13.65056]],[[100.50106,13.6506],[100.50165,13.65141]],[[100.50165,13.65141],[100.50173,13.65147]]]}},{"type":"Feature","properties":{"id":"คลองแซ่ซิ้ม","name":"คลองแซ่ซิ้ม","kind":"canal"},"geometry":{"type":"MultiLineString","coordinates":[[[100.49017,13.71851],[100.48821,13.718],[100.48537,13.71666]]]}},{"type":"Feature","properties":{"id":"คลองแทน","name":"คลองแทน","kind":"canal"},"geometry":{"type":"MultiLineString","coordinates":[[[100.44451,13.55329],[100.44956,13.55335],[100.45055,13.55393],[100.45093,13.55381],[100.4515,13.55312],[100.45219,13.55314],[100.45308,13.55285],[100.45408,13.55312],[100.45697,13.55255],[100.45787,13.55191],[100.45922,13.55011],[100.45995,13.54979],[100.46065,13.54985],[100.46181,13.54941],[100.46191,13.54914],[100.46159,13.54874],[100.46163,13.54797],[100.46236,13.54687],[100.46346,13.54608],[100.46328,13.54546],[100.46415,13.54378],[100.46425,13.54322]]]}},{"type":"Feature","properties":{"id":"คลองแนวลิขิต","name":"คลองแนวลิขิต","kind":"canal"},"geometry":{"type":"MultiLineString","coordinates":[[[100.27878,13.64247],[100.27796,13.64132],[100.27687,13.63743],[100.27519,13.6333],[100.27344,13.63004],[100.27283,13.62843],[100.27214,13.62418],[100.2701,13.59826]],[[100.2581,13.65127],[100.26219,13.60786],[100.26376,13.59779]],[[100.25787,13.65312],[100.25807,13.65156]],[[100.25807,13.65156],[100.2581,13.65127]]]}},{"type":"Feature","properties":{"id":"คลองแบนชะโด","name":"คลองแบนชะโด","kind":"canal"},"geometry":{"type":"MultiLineString","coordinates":[[[100.79588,13.89063],[100.79493,13.88887],[100.79457,13.88702],[100.79395,13.88623],[100.79275,13.88574],[100.79237,13.88408],[100.79092,13.882],[100.79008,13.88126],[100.78916,13.88101],[100.78852,13.88037],[100.78729,13.87995]],[[100.79823,13.89238],[100.79784,13.89134],[100.7976,13.89116],[100.79627,13.89088],[100.79588,13.89063]],[[100.78729,13.87995],[100.78387,13.87853],[100.78085,13.87599],[100.77849,13.87498],[100.77703,13.87471],[100.77526,13.87478],[100.77488,13.8743],[100.77412,13.87391],[100.7701,13.87286],[100.76616,13.86977],[100.76541,13.86898]]]}},{"type":"Feature","properties":{"id":"คลองแปด","name":"คลองแปด","kind":"canal"},"geometry":{"type":"MultiLineString","coordinates":[[[100.77787,14.22132],[100.7783,14.12437]],[[100.73549,13.55021],[100.75086,13.54821],[100.75768,13.54685]],[[100.77884,14.03674],[100.77774,14.01045],[100.77069,13.94019]],[[100.77069,13.94019],[100.76955,13.90756],[100.7697,13.90572]],[[100.7783,14.12437],[100.77832,14.12006]],[[100.77832,14.12006],[100.77884,14.03674]]]}},{"type":"Feature","properties":{"id":"คลองแป๊ะกง","name":"คลองแป๊ะกง","kind":"canal"},"geometry":{"type":"MultiLineString","coordinates":[[[100.26244,13.6593],[100.26387,13.65733],[100.26303,13.65664],[100.26283,13.65548],[100.26349,13.65533],[100.26381,13.65502]]]}},{"type":"Feature","properties":{"id":"คลองแพ","name":"คลองแพ","kind":"canal"},"geometry":{"type":"MultiLineString","coordinates":[[[100.58341,13.69686],[100.58037,13.69285],[100.5782,13.69108],[100.57827,13.69064],[100.57709,13.69006]]]}},{"type":"Feature","properties":{"id":"คลองแพรกษา","name":"คลองแพรกษา","kind":"canal"},"geometry":{"type":"MultiLineString","coordinates":[[[100.63676,13.58228],[100.64163,13.58045],[100.64234,13.57947],[100.64547,13.57938],[100.64858,13.57827],[100.65074,13.57812],[100.65166,13.57845],[100.65292,13.57788],[100.65523,13.57771]],[[100.65667,13.57701],[100.65728,13.57658],[100.65812,13.57642],[100.66014,13.57668],[100.66146,13.57587]],[[100.61748,13.5896],[100.61831,13.58908],[100.61917,13.58899],[100.6221,13.58796],[100.62437,13.58764],[100.62734,13.58552],[100.62783,13.58545]],[[100.61092,13.59241],[100.6111,13.59247]],[[100.62783,13.58545],[100.62837,13.58562],[100.63076,13.58445],[100.63177,13.58338],[100.63222,13.58314],[100.63458,13.58272],[100.63571,13.58232],[100.63676,13.58228]],[[100.65523,13.57771],[100.65583,13.57689],[100.65667,13.57701]],[[100.61452,13.59079],[100.61748,13.5896]],[[100.6111,13.59247],[100.61155,13.59257],[100.61241,13.59102],[100.61275,13.59103],[100.61384,13.59168],[100.61396,13.59113],[100.61452,13.59079]]]}},{"type":"Feature","properties":{"id":"คลองแพรกอ้ายโกง","name":"คลองแพรกอ้ายโกง","kind":"canal"},"geometry":{"type":"MultiLineString","coordinates":[[[100.94435,13.80987],[100.9434,13.80878],[100.94323,13.80795],[100.94239,13.80697],[100.94101,13.8064],[100.93999,13.80621],[100.93959,13.80554],[100.93927,13.80398],[100.938,13.80268],[100.93705,13.80201],[100.93624,13.80069],[100.93601,13.79887],[100.93681,13.794],[100.93708,13.79359],[100.93764,13.79344],[100.93849,13.79359],[100.9396,13.79341],[100.94002,13.7927],[100.94034,13.7916],[100.94007,13.79083],[100.93848,13.78924],[100.93774,13.78722],[100.93633,13.78567],[100.93619,13.78502],[100.9367,13.78437]]]}},{"type":"Feature","properties":{"id":"คลองแพรเขียว","name":"คลองแพรเขียว","kind":"canal"},"geometry":{"type":"MultiLineString","coordinates":[[[100.62613,13.85588],[100.62476,13.85654],[100.621,13.85728],[100.62018,13.85718],[100.6176,13.85629],[100.61474,13.85697],[100.61231,13.85656]]]}},{"type":"Feature","properties":{"id":"คลองแฟด","name":"คลองแฟด","kind":"canal"},"geometry":{"type":"MultiLineString","coordinates":[[[100.5335,13.67032],[100.53442,13.67213],[100.53482,13.67248],[100.53508,13.67406],[100.53745,13.6803]],[[100.53746,13.68033],[100.53797,13.68271]],[[100.53745,13.6803],[100.53746,13.68033]]]}},{"type":"Feature","properties":{"id":"คลองแมะดำ","name":"คลองแมะดำ","kind":"canal"},"geometry":{"type":"MultiLineString","coordinates":[[[100.86541,13.80113],[100.86561,13.80157],[100.86613,13.80633],[100.87019,13.80669],[100.87287,13.80858]]]}},{"type":"Feature","properties":{"id":"คลองแม่จัน","name":"คลองแม่จัน","kind":"canal"},"geometry":{"type":"MultiLineString","coordinates":[[[100.7083,13.73079],[100.70887,13.72396]],[[100.70828,13.73106],[100.7083,13.73079]]]}},{"type":"Feature","properties":{"id":"คลองแม่จันทร์","name":"คลองแม่จันทร์","kind":"canal"},"geometry":{"type":"MultiLineString","coordinates":[[[100.70974,13.75641],[100.70913,13.74776],[100.70885,13.73857],[100.70832,13.73249]]]}},{"type":"Feature","properties":{"id":"คลองแม่นม","name":"คลองแม่นม","kind":"canal"},"geometry":{"type":"MultiLineString","coordinates":[[[100.91052,13.55072],[100.91025,13.55112],[100.90981,13.5513],[100.90967,13.55168],[100.91045,13.55255],[100.91146,13.55428],[100.91191,13.55614],[100.91175,13.55736],[100.91187,13.55805],[100.91335,13.55951],[100.9141,13.56063],[100.91407,13.56158],[100.91338,13.56298],[100.91291,13.5635],[100.91265,13.56492]]]}},{"type":"Feature","properties":{"id":"คลองแม่น้ำนอก","name":"คลองแม่น้ำนอก","kind":"canal"},"geometry":{"type":"MultiLineString","coordinates":[[[100.91396,14.20962],[100.9145,14.20823],[100.91541,14.20752],[100.91605,14.20715],[100.9187,14.20656],[100.91888,14.20631],[100.91885,14.2058],[100.91852,14.20516],[100.91858,14.20483],[100.92007,14.20344],[100.924,14.20183],[100.92382,14.20145],[100.9227,14.201],[100.92254,14.20034],[100.92278,14.20008],[100.92905,14.19877],[100.93283,14.19682],[100.93402,14.19517],[100.93573,14.19173],[100.93573,14.19062],[100.93661,14.18816],[100.93666,14.1872],[100.93636,14.18522],[100.93667,14.18375],[100.93579,14.18159],[100.9363,14.18013],[100.93618,14.17826],[100.9372,14.17361],[100.93838,14.17081],[100.9383,14.16759],[100.93855,14.16687]]]}},{"type":"Feature","properties":{"id":"คลองแม่น้ำใน","name":"คลองแม่น้ำใน","kind":"canal"},"geometry":{"type":"MultiLineString","coordinates":[[[100.94507,14.23635],[100.94538,14.23444],[100.94489,14.23231],[100.94448,14.23189],[100.94309,14.23125],[100.94296,14.23007],[100.94202,14.22766],[100.94068,14.22525],[100.93967,14.22442],[100.93924,14.22245],[100.93914,14.21948],[100.93981,14.21586],[100.94105,14.21446],[100.94252,14.21333],[100.94258,14.20714],[100.94272,14.2062],[100.94323,14.20486],[100.94426,14.20387],[100.94519,14.2033],[100.94884,14.2016],[100.94941,14.20061],[100.94956,14.19945],[100.94953,14.19378],[100.95004,14.18847],[100.9499,14.18541],[100.94965,14.18355],[100.949,14.18133],[100.94697,14.17965],[100.94357,14.17775],[100.94265,14.17643],[100.94193,14.17513],[100.93935,14.16847],[100.93864,14.16732],[100.93768,14.16415],[100.93769,14.16341],[100.93901,14.16031],[100.94066,14.15881],[100.94158,14.1583],[100.94284,14.15648],[100.94328,14.15613],[100.94777,14.15493],[100.95188,14.15454],[100.95241,14.15432],[100.95297,14.15374],[100.95376,14.15215]]]}},{"type":"Feature","properties":{"id":"คลองแยกคลองกะเฉด 1","name":"คลองแยกคลองกะเฉด 1","kind":"canal"},"geometry":{"type":"MultiLineString","coordinates":[[[100.64017,13.86942],[100.63512,13.86766],[100.63415,13.86694],[100.631,13.8657],[100.62787,13.86497]]]}},{"type":"Feature","properties":{"id":"คลองแยกคลองกุ่มแดง","name":"คลองแยกคลองกุ่มแดง","kind":"canal"},"geometry":{"type":"MultiLineString","coordinates":[[[100.66109,13.86372],[100.65755,13.8643],[100.65512,13.86438],[100.65403,13.86365]]]}},{"type":"Feature","properties":{"id":"คลองแยกคลองบางตลาด","name":"คลองแยกคลองบางตลาด","kind":"canal"},"geometry":{"type":"MultiLineString","coordinates":[[[100.56303,13.88911],[100.56268,13.88454],[100.56268,13.88179],[100.56213,13.87689]]]}},{"type":"Feature","properties":{"id":"คลองแยกคลองบางยี่ขัน","name":"คลองแยกคลองบางยี่ขัน","kind":"canal"},"geometry":{"type":"MultiLineString","coordinates":[[[100.48748,13.77295],[100.48627,13.77135]]]}},{"type":"Feature","properties":{"id":"คลองแยกคลองหนองบัวมน","name":"คลองแยกคลองหนองบัวมน","kind":"canal"},"geometry":{"type":"MultiLineString","coordinates":[[[100.66194,13.87875],[100.66244,13.87815],[100.66357,13.87588],[100.66415,13.87161],[100.66635,13.87188]]]}},{"type":"Feature","properties":{"id":"คลองแยกท่านา","name":"คลองแยกท่านา","kind":"canal"},"geometry":{"type":"MultiLineString","coordinates":[[[100.20778,13.70216],[100.20666,13.70255],[100.20546,13.70203],[100.20525,13.70211],[100.2055,13.70275],[100.20496,13.70294],[100.20468,13.70283],[100.20458,13.70244],[100.20399,13.70225],[100.20339,13.70156],[100.20327,13.70113],[100.20281,13.70098],[100.20285,13.70002],[100.20244,13.69959],[100.20223,13.69813],[100.20172,13.6968],[100.20149,13.69552],[100.19916,13.6948],[100.19831,13.69436]]]}},{"type":"Feature","properties":{"id":"คลองแยกบางน้อย","name":"คลองแยกบางน้อย","kind":"canal"},"geometry":{"type":"MultiLineString","coordinates":[[[100.355,13.76474],[100.35457,13.76458],[100.35566,13.76155],[100.359,13.76135]]]}},{"type":"Feature","properties":{"id":"คลองแยกพะเนียง","name":"คลองแยกพะเนียง","kind":"canal"},"geometry":{"type":"MultiLineString","coordinates":[[[100.3867,13.49189],[100.38651,13.5138]]]}},{"type":"Feature","properties":{"id":"คลองแยกลำต้อยติ่ง","name":"คลองแยกลำต้อยติ่ง","kind":"canal"},"geometry":{"type":"MultiLineString","coordinates":[[[100.90687,13.7869],[100.90297,13.78527],[100.89996,13.78339],[100.89777,13.78086],[100.89608,13.77841],[100.89304,13.77601],[100.89163,13.77428],[100.88871,13.77156],[100.88446,13.76927],[100.88243,13.76895]]]}},{"type":"Feature","properties":{"id":"คลองแยกวัดลาดปลาเค้า","name":"คลองแยกวัดลาดปลาเค้า","kind":"canal"},"geometry":{"type":"MultiLineString","coordinates":[[[100.60482,13.84282],[100.60194,13.84041]]]}},{"type":"Feature","properties":{"id":"คลองแยกวัดอรุณ","name":"คลองแยกวัดอรุณ","kind":"canal"},"geometry":{"type":"MultiLineString","coordinates":[[[100.47776,13.74338],[100.47735,13.74063],[100.47779,13.73894]]]}},{"type":"Feature","properties":{"id":"คลองแวะ","name":"คลองแวะ","kind":"canal"},"geometry":{"type":"MultiLineString","coordinates":[[[100.5315,13.90312],[100.52582,13.90273],[100.52492,13.90199],[100.52221,13.9012],[100.52144,13.90075],[100.51941,13.90059],[100.51828,13.90096],[100.51794,13.90091],[100.51595,13.90028],[100.51429,13.90012],[100.51274,13.89956],[100.51275,13.89939]],[[100.51164,13.89987],[100.51163,13.89868],[100.51118,13.89842],[100.51118,13.89772],[100.51271,13.89793],[100.51283,13.89692],[100.51248,13.89691],[100.5125,13.89626],[100.513,13.89621],[100.51297,13.89592],[100.51395,13.89584],[100.51377,13.89413],[100.51475,13.89398],[100.51357,13.8895],[100.5133,13.88918]],[[100.51275,13.89939],[100.51157,13.89933]]]}},{"type":"Feature","properties":{"id":"คลองแสนตอ","name":"คลองแสนตอ","kind":"canal"},"geometry":{"type":"MultiLineString","coordinates":[[[100.42989,13.52134],[100.43734,13.52555],[100.43743,13.53594]]]}},{"type":"Feature","properties":{"id":"คลองแสนแสบ","name":"คลองแสนแสบ","kind":"canal"},"geometry":{"type":"MultiLineString","coordinates":[[[100.54102,13.74933],[100.5364,13.74963],[100.53448,13.7492],[100.53278,13.7491],[100.52748,13.7496],[100.52526,13.74925]],[[100.96711,13.83877],[100.94131,13.84222],[100.92525,13.84458],[100.91267,13.84682]],[[100.60106,13.7481],[100.60026,13.74732],[100.59924,13.74429],[100.59789,13.74107]],[[100.57078,13.74641],[100.57577,13.74546],[100.58588,13.74316]],[[100.58588,13.74316],[100.59704,13.74103],[100.59789,13.74107]],[[100.5501,13.74834],[100.55491,13.74821],[100.55937,13.74839],[100.56318,13.74779]],[[100.54461,13.74862],[100.5442,13.74864]],[[100.51735,13.7531],[100.51907,13.75264]],[[100.5501,13.74834],[100.54789,13.74831],[100.54461,13.74862]],[[100.5442,13.74864],[100.54102,13.74933]],[[100.51907,13.75264],[100.52,13.75235],[100.52447,13.74976]],[[100.604,13.75098],[100.60106,13.7481]],[[100.61191,13.75823],[100.604,13.75098]],[[100.56318,13.74779],[100.56476,13.74763],[100.57078,13.74641]],[[100.66467,13.77527],[100.65518,13.77],[100.65256,13.76815],[100.6497,13.7658],[100.64859,13.76528],[100.64765,13.76496],[100.63047,13.76311]],[[100.63047,13.76311],[100.62078,13.76206],[100.61539,13.76115],[100.61406,13.76042],[100.61191,13.75823]],[[100.68514,13.78655],[100.67518,13.78106]],[[100.67518,13.78106],[100.66467,13.77527]],[[100.70609,13.79813],[100.70496,13.7975]],[[100.70496,13.7975],[100.68514,13.78655]],[[100.74923,13.82193],[100.73567,13.81443]],[[100.79938,13.84936],[100.79908,13.8492]],[[100.79908,13.8492],[100.74923,13.82193]],[[100.73567,13.81443],[100.70609,13.79813]],[[100.90523,13.84825],[100.88479,13.8522],[100.88247,13.85248],[100.87326,13.85511],[100.86941,13.85603],[100.85947,13.85788],[100.85065,13.85767],[100.83178,13.85571]],[[100.83178,13.85571],[100.81481,13.85373],[100.8112,13.85341],[100.80681,13.85337],[100.79938,13.84936]],[[100.91267,13.84682],[100.90523,13.84825]],[[100.52447,13.74976],[100.52526,13.74925]]]}},{"type":"Feature","properties":{"id":"คลองแสมขาว","name":"คลองแสมขาว","kind":"canal"},"geometry":{"type":"MultiLineString","coordinates":[[[100.91135,13.48011],[100.91049,13.47741],[100.90999,13.47637],[100.90939,13.47577],[100.90779,13.47495],[100.90542,13.47452],[100.90284,13.4746],[100.89974,13.47368],[100.89876,13.47058]]]}},{"type":"Feature","properties":{"id":"คลองแสมดำเหนือ","name":"คลองแสมดำเหนือ","kind":"canal"},"geometry":{"type":"MultiLineString","coordinates":[[[100.37836,13.60138],[100.3785,13.59885],[100.37899,13.59753],[100.37914,13.59601],[100.37879,13.59515],[100.37892,13.59496],[100.37881,13.59442],[100.37851,13.59429],[100.3789,13.59343],[100.37928,13.59341],[100.38002,13.59269],[100.38001,13.59241],[100.38098,13.59172],[100.38104,13.59144],[100.38207,13.59087],[100.38256,13.5903],[100.38308,13.59014],[100.38362,13.58953],[100.38431,13.58957],[100.38433,13.589]],[[100.37715,13.6065],[100.37845,13.6021],[100.37836,13.60138]]]}},{"type":"Feature","properties":{"id":"คลองแสมดำใต้","name":"คลองแสมดำใต้","kind":"canal"},"geometry":{"type":"MultiLineString","coordinates":[[[100.38433,13.589],[100.38444,13.58835],[100.3842,13.58771],[100.38446,13.58747],[100.38512,13.58749],[100.38475,13.58711],[100.38534,13.58653],[100.38488,13.58614],[100.38566,13.58597],[100.38517,13.58546],[100.38541,13.58535],[100.38582,13.58551],[100.38566,13.58516],[100.386,13.58502],[100.38522,13.58385],[100.38542,13.58305],[100.38518,13.58271],[100.38555,13.58246],[100.38565,13.58209],[100.38552,13.58191],[100.38573,13.58157],[100.38505,13.5809],[100.38515,13.58033],[100.38557,13.58016],[100.385,13.57912],[100.38529,13.57869],[100.3866,13.5778],[100.38689,13.57673],[100.38622,13.5763],[100.38619,13.57608],[100.38647,13.57561],[100.38706,13.57543],[100.38665,13.57482],[100.38691,13.57421],[100.38793,13.57425],[100.3875,13.57352],[100.38796,13.57239],[100.38814,13.57248]],[[100.38953,13.57098],[100.38926,13.57045],[100.38957,13.56964],[100.39041,13.56947],[100.39067,13.56898],[100.39144,13.56898],[100.39155,13.56875],[100.39139,13.56801],[100.39064,13.56761],[100.39102,13.56641],[100.39082,13.56547],[100.39119,13.56519],[100.39142,13.56429]],[[100.4155,13.56201],[100.4134,13.56176],[100.412,13.56075],[100.40946,13.5599],[100.40646,13.56033],[100.40142,13.55942],[100.3997,13.55887],[100.39692,13.55762],[100.39618,13.55758],[100.39543,13.55798],[100.39477,13.55789],[100.39417,13.55823]],[[100.38892,13.5716],[100.38911,13.57158],[100.38953,13.57098]],[[100.39142,13.56429],[100.39135,13.56324],[100.39222,13.56309],[100.39309,13.56148],[100.39303,13.56122],[100.39257,13.56095],[100.39338,13.55861],[100.39417,13.55823]],[[100.38814,13.57248],[100.38889,13.57251]]]}},{"type":"Feature","properties":{"id":"คลองแหลมฟ้าผ่า","name":"คลองแหลมฟ้าผ่า","kind":"canal"},"geometry":{"type":"MultiLineString","coordinates":[[[100.56673,13.55538],[100.56742,13.55468],[100.56785,13.55469],[100.56931,13.55532],[100.57101,13.5543],[100.57261,13.55439],[100.57329,13.55452],[100.57417,13.5551],[100.57667,13.55612],[100.57802,13.55689]]]}},{"type":"Feature","properties":{"id":"คลองแอนเนกซ์","name":"คลองแอนเนกซ์","kind":"canal"},"geometry":{"type":"MultiLineString","coordinates":[[[100.62663,13.93787],[100.63915,13.93733]],[[100.63915,13.93733],[100.63905,13.93447],[100.62648,13.93496]]]}},{"type":"Feature","properties":{"id":"คลองโคกขาม","name":"คลองโคกขาม","kind":"canal"},"geometry":{"type":"MultiLineString","coordinates":[[[100.34507,13.5679],[100.34698,13.56862],[100.34777,13.56865],[100.34937,13.56912],[100.35009,13.56906],[100.35131,13.56837],[100.35233,13.56807],[100.35493,13.56576],[100.35713,13.56287],[100.35975,13.56091],[100.36138,13.55891],[100.36365,13.55403],[100.36471,13.55288],[100.36756,13.54868],[100.37167,13.54346],[100.37404,13.53949],[100.37622,13.53687],[100.37673,13.53598]],[[100.34507,13.5679],[100.34501,13.56729],[100.34543,13.5671],[100.34587,13.56732],[100.34602,13.56716],[100.34593,13.56573],[100.34622,13.56547],[100.34672,13.56548],[100.34656,13.56607],[100.34683,13.56638],[100.34732,13.5663],[100.34889,13.56664],[100.34897,13.56639],[100.34817,13.56522],[100.34882,13.56442],[100.34962,13.56436],[100.3501,13.56392],[100.35093,13.56375],[100.35106,13.56401],[100.35085,13.56439],[100.35138,13.56442],[100.35155,13.56476],[100.35181,13.56483],[100.35193,13.56469],[100.35173,13.56381],[100.35265,13.56377],[100.35319,13.56405],[100.35336,13.56374],[100.35327,13.56332],[100.35263,13.56298],[100.35294,13.56158],[100.35363,13.56162],[100.35412,13.56233],[100.35454,13.56227],[100.35467,13.56263],[100.35491,13.56268],[100.3554,13.56172],[100.3545,13.56148],[100.3545,13.56111],[100.35492,13.56027],[100.35472,13.55998],[100.35532,13.55992],[100.35555,13.56032],[100.35545,13.56075],[100.35587,13.56059],[100.35623,13.56088],[100.35727,13.5599],[100.35783,13.55961],[100.3578,13.55946],[100.35744,13.55944],[100.35714,13.55896],[100.35664,13.55892],[100.35667,13.55875],[100.35845,13.55805],[100.35943,13.55788],[100.36021,13.55812],[100.36139,13.55889]],[[100.34538,13.57381],[100.34625,13.57267],[100.34608,13.57222],[100.34489,13.57157],[100.34502,13.57029],[100.34482,13.56987],[100.34431,13.56958],[100.34454,13.56848],[100.34507,13.5679]],[[100.34879,13.57339],[100.34896,13.57292],[100.34971,13.57298],[100.35026,13.57273],[100.35052,13.57224],[100.3506,13.57123],[100.34951,13.57043],[100.34942,13.56912]],[[100.34787,13.57508],[100.34873,13.57347]],[[100.34873,13.57347],[100.34879,13.57339]]]}},{"type":"Feature","properties":{"id":"คลองโคกคราม","name":"คลองโคกคราม","kind":"canal"},"geometry":{"type":"MultiLineString","coordinates":[[[100.6286,13.84263],[100.63099,13.8427],[100.63297,13.84252]],[[100.63297,13.84252],[100.63547,13.84353],[100.63536,13.84282],[100.63592,13.84228]],[[100.61893,13.84849],[100.62092,13.84797],[100.62373,13.8457],[100.62786,13.84351],[100.6286,13.84263]]]}},{"type":"Feature","properties":{"id":"คลองโคนอน","name":"คลองโคนอน","kind":"canal"},"geometry":{"type":"MultiLineString","coordinates":[[[100.41824,13.80952],[100.42384,13.80464],[100.43251,13.80001]]]}},{"type":"Feature","properties":{"id":"คลองโคเผือก","name":"คลองโคเผือก","kind":"canal"},"geometry":{"type":"MultiLineString","coordinates":[[[100.42466,13.81756],[100.42664,13.81646],[100.43469,13.81389]],[[100.44163,13.81066],[100.43889,13.81217]],[[100.43889,13.81217],[100.43693,13.81317],[100.43469,13.81389]],[[100.44504,13.8086],[100.44163,13.81066]]]}},{"type":"Feature","properties":{"id":"คลองโต๊ะกล่อม","name":"คลองโต๊ะกล่อม","kind":"canal"},"geometry":{"type":"MultiLineString","coordinates":[[[100.37194,13.91449],[100.37215,13.90705],[100.37325,13.90435],[100.37325,13.90308],[100.37381,13.90137],[100.37401,13.89916],[100.37409,13.89506],[100.37348,13.89086]],[[100.37268,13.92447],[100.37171,13.92404],[100.37112,13.91936],[100.37131,13.91759],[100.37184,13.91551]],[[100.37184,13.91551],[100.37194,13.91449]],[[100.3729,13.92456],[100.37268,13.92447]]]}},{"type":"Feature","properties":{"id":"คลองโต๊ะเจริญ","name":"คลองโต๊ะเจริญ","kind":"canal"},"geometry":{"type":"MultiLineString","coordinates":[[[100.77714,13.84879],[100.78214,13.83994]]]}},{"type":"Feature","properties":{"id":"คลองโต๊ะใหม่","name":"คลองโต๊ะใหม่","kind":"canal"},"geometry":{"type":"MultiLineString","coordinates":[[[100.36281,13.88085],[100.36206,13.88507],[100.36126,13.89201]],[[100.36877,13.94178],[100.36614,13.93787],[100.35734,13.92632],[100.35692,13.92095],[100.35717,13.92023],[100.3584,13.90329],[100.35852,13.89919],[100.35959,13.89734],[100.36126,13.89201]],[[100.3637,13.8763],[100.36317,13.87971]],[[100.36317,13.87971],[100.36281,13.88085]]]}},{"type":"Feature","properties":{"id":"คลองโบสถ์","name":"คลองโบสถ์","kind":"canal"},"geometry":{"type":"MultiLineString","coordinates":[[[100.54015,13.67814],[100.54097,13.67487],[100.54107,13.67047],[100.54128,13.66938]]]}},{"type":"Feature","properties":{"id":"คลองโพธินิมิตร 1","name":"คลองโพธินิมิตร 1","kind":"canal"},"geometry":{"type":"MultiLineString","coordinates":[[[100.48541,13.7226],[100.48279,13.72128]]]}},{"type":"Feature","properties":{"id":"คลองโพธินิมิตร 2","name":"คลองโพธินิมิตร 2","kind":"canal"},"geometry":{"type":"MultiLineString","coordinates":[[[100.48534,13.72165],[100.48314,13.72065]]]}},{"type":"Feature","properties":{"id":"คลองโพธินิมิตร 3","name":"คลองโพธินิมิตร 3","kind":"canal"},"geometry":{"type":"MultiLineString","coordinates":[[[100.48973,13.72298],[100.48347,13.72005]]]}},{"type":"Feature","properties":{"id":"คลองโพธินิมิตร 4","name":"คลองโพธินิมิตร 4","kind":"canal"},"geometry":{"type":"MultiLineString","coordinates":[[[100.4849,13.71987],[100.48385,13.71937]]]}},{"type":"Feature","properties":{"id":"คลองโพธินิมิตร 5","name":"คลองโพธินิมิตร 5","kind":"canal"},"geometry":{"type":"MultiLineString","coordinates":[[[100.48594,13.71958],[100.49071,13.72128]],[[100.4841,13.71892],[100.48503,13.71922]],[[100.48503,13.71922],[100.48594,13.71958]]]}},{"type":"Feature","properties":{"id":"คลองโพธินิมิตร 6","name":"คลองโพธินิมิตร 6","kind":"canal"},"geometry":{"type":"MultiLineString","coordinates":[[[100.48642,13.71903],[100.4861,13.7189]],[[100.4861,13.7189],[100.48454,13.71814]]]}},{"type":"Feature","properties":{"id":"คลองโพธิ์","name":"คลองโพธิ์","kind":"canal"},"geometry":{"type":"MultiLineString","coordinates":[[[100.40486,13.80162],[100.40159,13.80004],[100.40137,13.7997],[100.39958,13.79908],[100.39857,13.79839],[100.39092,13.79498],[100.3879,13.79373],[100.3874,13.79372],[100.38548,13.79307],[100.38455,13.79228],[100.38401,13.79208],[100.38386,13.7917],[100.38313,13.79143]],[[100.50584,13.92139],[100.50634,13.92271],[100.50668,13.92281],[100.50732,13.92357],[100.50906,13.92391],[100.50944,13.92416],[100.50984,13.92505],[100.51102,13.92543],[100.51299,13.927]],[[100.51299,13.927],[100.51649,13.92689],[100.5186,13.92659],[100.51974,13.92677],[100.52133,13.92642],[100.52509,13.92629]]]}},{"type":"Feature","properties":{"id":"คลองโยง","name":"คลองโยง","kind":"canal"},"geometry":{"type":"MultiLineString","coordinates":[[[100.31344,13.83477],[100.28717,13.83129],[100.27376,13.82998],[100.26609,13.82973],[100.26486,13.82937],[100.26335,13.82923],[100.23906,13.82819],[100.235,13.8283],[100.23177,13.82888],[100.22441,13.82886]]]}},{"type":"Feature","properties":{"id":"คลองโยธา","name":"คลองโยธา","kind":"canal"},"geometry":{"type":"MultiLineString","coordinates":[[[100.44362,14.04033],[100.44374,14.04026]],[[100.41082,14.06852],[100.41473,14.06668],[100.42005,14.06478],[100.42148,14.06353],[100.42242,14.06204],[100.42376,14.05772],[100.42403,14.05419]],[[100.44374,14.04026],[100.45826,14.02794]],[[100.45826,14.02794],[100.46516,14.02376],[100.46874,14.02222],[100.47253,14.02017]],[[100.4274,14.04941],[100.43365,14.04322],[100.43429,14.043],[100.44131,14.04223],[100.44349,14.04041]],[[100.44349,14.04041],[100.44362,14.04033]],[[100.42403,14.05419],[100.42494,14.05255],[100.4274,14.04941]],[[100.38223,14.07224],[100.40239,14.0657],[100.41082,14.06852]],[[100.47253,14.02017],[100.48299,14.01452]]]}},{"type":"Feature","properties":{"id":"คลองโรงน้ำมัน","name":"คลองโรงน้ำมัน","kind":"canal"},"geometry":{"type":"MultiLineString","coordinates":[[[100.53006,13.69043],[100.52718,13.68614],[100.52476,13.68315]],[[100.52448,13.68279],[100.52385,13.682],[100.52334,13.68234],[100.52094,13.67978]],[[100.52476,13.68315],[100.52448,13.68279]]]}},{"type":"Feature","properties":{"id":"คลองโรงภาษี","name":"คลองโรงภาษี","kind":"canal"},"geometry":{"type":"MultiLineString","coordinates":[[[100.50071,13.70633],[100.49979,13.70771],[100.49918,13.70903],[100.49809,13.70994],[100.4962,13.7124],[100.49515,13.71298]]]}},{"type":"Feature","properties":{"id":"คลองโรงยาว","name":"คลองโรงยาว","kind":"canal"},"geometry":{"type":"MultiLineString","coordinates":[[[100.44851,13.72026],[100.44869,13.71675]],[[100.44809,13.72188],[100.44851,13.72026]],[[100.44867,13.71641],[100.44864,13.71522]],[[100.44869,13.71675],[100.44867,13.71641]]]}},{"type":"Feature","properties":{"id":"คลองโรงสีตาช้วง","name":"คลองโรงสีตาช้วง","kind":"canal"},"geometry":{"type":"MultiLineString","coordinates":[[[100.38268,14.15338],[100.38255,14.11822],[100.38184,14.10253],[100.38164,14.0903],[100.38315,14.04818]],[[100.38315,14.04818],[100.38345,14.04107]],[[100.38345,14.04107],[100.38378,14.03301],[100.38283,14.02433],[100.38109,13.99481]]]}},{"type":"Feature","properties":{"id":"คลองโรงหมู","name":"คลองโรงหมู","kind":"canal"},"geometry":{"type":"MultiLineString","coordinates":[[[100.45475,13.80298],[100.4509,13.79881]]]}},{"type":"Feature","properties":{"id":"คลองโรงเรียนวัดอ่างแก้ว","name":"คลองโรงเรียนวัดอ่างแก้ว","kind":"canal"},"geometry":{"type":"MultiLineString","coordinates":[[[100.45278,13.71007],[100.45297,13.71673]]]}},{"type":"Feature","properties":{"id":"คลองโอ่งอ่าง","name":"คลองโอ่งอ่าง","kind":"canal"},"geometry":{"type":"MultiLineString","coordinates":[[[100.61147,13.72522],[100.61679,13.72411],[100.62125,13.72385],[100.62248,13.72135],[100.62326,13.72029]]]}},{"type":"Feature","properties":{"id":"คลองใหญ่","name":"คลองใหญ่","kind":"canal"},"geometry":{"type":"MultiLineString","coordinates":[[[100.53674,14.04157],[100.53465,14.04217],[100.5336,14.0418],[100.53323,14.04143],[100.53225,14.04173]],[[100.52543,14.04192],[100.5275,14.04129],[100.52871,14.04125],[100.52975,14.0409],[100.53052,14.04091],[100.53106,14.04064],[100.53167,14.04141],[100.53225,14.04173]],[[100.54925,14.03694],[100.54858,14.03763],[100.5479,14.03801],[100.54728,14.03819],[100.54566,14.03806],[100.54151,14.03956],[100.53674,14.04157]]]}},{"type":"Feature","properties":{"id":"คลองใหม่","name":"คลองใหม่","kind":"canal"},"geometry":{"type":"MultiLineString","coordinates":[[[100.62564,13.53647],[100.64024,13.5258],[100.64199,13.52498],[100.68117,13.51619],[100.68151,13.5163],[100.6821,13.51693],[100.68239,13.51703],[100.68305,13.51686]],[[100.68305,13.51686],[100.68388,13.51645],[100.68478,13.51539],[100.70626,13.51058],[100.74892,13.50432],[100.76995,13.50142],[100.77169,13.50149],[100.77338,13.5019],[100.77577,13.50323],[100.78233,13.50948],[100.78256,13.51031],[100.78301,13.51079]],[[100.98942,13.5151],[100.98798,13.51375],[100.96176,13.49466],[100.96078,13.49439],[100.95996,13.49472],[100.9583,13.49437],[100.9577,13.49351],[100.95732,13.4933],[100.95496,13.49282],[100.95414,13.49236],[100.95331,13.49178],[100.95137,13.48988],[100.95039,13.48915],[100.9491,13.48854],[100.94052,13.48617],[100.93713,13.48475],[100.93474,13.48262],[100.93348,13.48074],[100.93226,13.47945],[100.93039,13.47821],[100.92841,13.47751],[100.92236,13.47694],[100.92018,13.47715],[100.91363,13.47872],[100.91172,13.48011],[100.9105,13.48026],[100.90868,13.4799],[100.88433,13.48558],[100.88042,13.48602],[100.87656,13.48681],[100.8723,13.48823]],[[100.54618,13.6778],[100.54453,13.67808],[100.54353,13.67886],[100.54342,13.67872],[100.54149,13.68066]],[[100.54634,13.67772],[100.54618,13.6778]],[[100.54659,13.67763],[100.54644,13.67768]],[[100.54644,13.67768],[100.54634,13.67772]],[[100.54999,13.67583],[100.54826,13.67678],[100.54775,13.67733],[100.54659,13.67763]],[[100.78301,13.51079],[100.78686,13.51307]],[[100.78686,13.51307],[100.78876,13.51313],[100.80363,13.5105],[100.80611,13.51069],[100.80794,13.51189],[100.81395,13.51933],[100.81481,13.51977],[100.81661,13.52027],[100.81787,13.52029],[100.82471,13.51913]],[[100.61092,13.59241],[100.61108,13.59178],[100.61092,13.59115],[100.60526,13.57593],[100.60509,13.57491],[100.60522,13.57408],[100.60559,13.57297],[100.62141,13.53998],[100.62244,13.53892],[100.62564,13.53647]],[[100.61077,13.59287],[100.61092,13.59241]],[[100.64618,13.59287],[100.64814,13.594],[100.65076,13.59437],[100.65221,13.59495],[100.66309,13.59749],[100.66421,13.59769],[100.66668,13.59744]],[[100.64399,13.59208],[100.64426,13.5924],[100.64618,13.59287]],[[100.25284,13.8621],[100.25195,13.8667],[100.2519,13.86891],[100.24796,13.86932],[100.24582,13.86909],[100.24196,13.86925],[100.24054,13.86899],[100.23753,13.86915],[100.23461,13.86881],[100.23258,13.8691],[100.23006,13.86877],[100.22628,13.86719],[100.22372,13.86568],[100.22087,13.86433],[100.21656,13.86283],[100.21516,13.86187]],[[100.52977,13.69321],[100.52692,13.69221],[100.52477,13.69051],[100.52303,13.68854],[100.52115,13.68598],[100.52114,13.68578],[100.52185,13.68525]],[[100.52987,13.69325],[100.52977,13.69321]],[[100.53078,13.69359],[100.52987,13.69325]],[[100.54089,13.68148],[100.54059,13.68181]],[[100.54059,13.68181],[100.54029,13.68212]],[[100.54143,13.68071],[100.54089,13.68148]],[[100.54149,13.68066],[100.54143,13.68071]],[[100.17792,13.74735],[100.17862,13.74448],[100.18185,13.74121],[100.1838,13.73995],[100.18808,13.73768],[100.18937,13.73677],[100.19402,13.7325],[100.19633,13.73002],[100.20397,13.72426],[100.20615,13.72519],[100.20669,13.72479],[100.20763,13.72489],[100.20783,13.72453],[100.20747,13.72393],[100.20826,13.72325]]]}},{"type":"Feature","properties":{"id":"คลองไข่นก","name":"คลองไข่นก","kind":"canal"},"geometry":{"type":"MultiLineString","coordinates":[[[100.9007,13.59746],[100.901,13.60088],[100.90036,13.60162],[100.90022,13.60232],[100.89899,13.60487],[100.89769,13.60658],[100.89425,13.6096],[100.89341,13.61093],[100.8926,13.61315]],[[100.90702,13.59278],[100.90122,13.59349],[100.90084,13.594],[100.9007,13.59746]]]}},{"type":"Feature","properties":{"id":"คลองไทยเอราวัณ","name":"คลองไทยเอราวัณ","kind":"canal"},"geometry":{"type":"MultiLineString","coordinates":[[[100.6921,13.8525],[100.70089,13.85114]],[[100.68735,13.85354],[100.69087,13.85263]],[[100.69087,13.85263],[100.69143,13.8526]],[[100.69143,13.8526],[100.69174,13.85255]],[[100.69174,13.85255],[100.6921,13.8525]]]}},{"type":"Feature","properties":{"id":"คลองไทร","name":"คลองไทร","kind":"canal"},"geometry":{"type":"MultiLineString","coordinates":[[[100.4787,13.94324],[100.47711,13.94275],[100.47594,13.94189],[100.47224,13.94044],[100.4714,13.93961],[100.47109,13.93887]]]}},{"type":"Feature","properties":{"id":"คลองไทรตามาก","name":"คลองไทรตามาก","kind":"canal"},"geometry":{"type":"MultiLineString","coordinates":[[[100.82304,13.67555],[100.82151,13.67684],[100.81827,13.68102],[100.81713,13.68222],[100.81668,13.68311]]]}},{"type":"Feature","properties":{"id":"คลองไทรโยค","name":"คลองไทรโยค","kind":"canal"},"geometry":{"type":"MultiLineString","coordinates":[[[100.9154,13.65834],[100.9151,13.65675],[100.91443,13.6554],[100.91246,13.65537],[100.91069,13.65499],[100.90802,13.65257]],[[100.89772,13.64082],[100.89732,13.63912],[100.89483,13.63401],[100.89473,13.62943]],[[100.90532,13.65249],[100.90222,13.65204],[100.90018,13.65059]],[[100.90018,13.65059],[100.89941,13.64821],[100.89977,13.64602],[100.89966,13.64427],[100.89913,13.64259],[100.89802,13.64141],[100.89772,13.64082]],[[100.90802,13.65257],[100.90738,13.65242],[100.90532,13.65249]]]}},{"type":"Feature","properties":{"id":"คลองไผ่ขวด","name":"คลองไผ่ขวด","kind":"canal"},"geometry":{"type":"MultiLineString","coordinates":[[[100.47593,13.66092],[100.47001,13.66019]]]}},{"type":"Feature","properties":{"id":"คลองไผ่ดำ","name":"คลองไผ่ดำ","kind":"canal"},"geometry":{"type":"MultiLineString","coordinates":[[[100.84249,13.86],[100.84281,13.85692]]]}},{"type":"Feature","properties":{"id":"คลองไผ่สิงโต","name":"คลองไผ่สิงโต","kind":"canal"},"geometry":{"type":"MultiLineString","coordinates":[[[100.5598,13.73353],[100.55959,13.73383],[100.55187,13.73401]],[[100.54607,13.7341],[100.53868,13.73442]],[[100.56043,13.71946],[100.56043,13.71986]],[[100.56043,13.71986],[100.56032,13.72244],[100.56055,13.72306],[100.56091,13.72325],[100.56063,13.7254]],[[100.56063,13.7254],[100.5598,13.73353]],[[100.55187,13.73401],[100.55119,13.73391]],[[100.55119,13.73391],[100.54607,13.7341]]]}},{"type":"Feature","properties":{"id":"คลองไผ่สิงโตเก่า","name":"คลองไผ่สิงโตเก่า","kind":"canal"},"geometry":{"type":"MultiLineString","coordinates":[[[100.53064,13.73632],[100.53184,13.73614]]]}},{"type":"Feature","properties":{"id":"คลองไผ่เขียว","name":"คลองไผ่เขียว","kind":"canal"},"geometry":{"type":"MultiLineString","coordinates":[[[100.62613,13.85588],[100.62582,13.85511],[100.62534,13.85461],[100.62217,13.85169],[100.62096,13.85023],[100.61967,13.84948],[100.61893,13.84849]]]}},{"type":"Feature","properties":{"id":"คลองไผ่เหลือง","name":"คลองไผ่เหลือง","kind":"canal"},"geometry":{"type":"MultiLineString","coordinates":[[[100.78203,13.8163],[100.78092,13.81606],[100.77695,13.81411],[100.77188,13.81421],[100.77005,13.81322],[100.76879,13.81151],[100.76905,13.80938],[100.76898,13.8083],[100.7685,13.80684]]]}},{"type":"Feature","properties":{"id":"คลองไหหลำ","name":"คลองไหหลำ","kind":"canal"},"geometry":{"type":"MultiLineString","coordinates":[[[100.25024,13.63452],[100.24858,13.63369],[100.24985,13.62953],[100.25098,13.62238],[100.24835,13.62191],[100.24853,13.62006],[100.24835,13.61961],[100.24687,13.61941],[100.24451,13.61946],[100.24178,13.61986],[100.23893,13.62115],[100.237,13.62063],[100.23155,13.61996],[100.23027,13.61946],[100.22904,13.61937],[100.22792,13.61904]]]}},{"type":"Feature","properties":{"id":"แม่น้ำท่าจีน","name":"แม่น้ำท่าจีน","kind":"river"},"geometry":{"type":"MultiLineString","coordinates":[[[100.19344,13.79662],[100.19544,13.79484],[100.20203,13.78776],[100.20576,13.78445],[100.20908,13.78283],[100.21224,13.78254],[100.2159,13.78315],[100.22296,13.78535],[100.22531,13.78671],[100.22697,13.7886],[100.22772,13.79117],[100.22872,13.79296],[100.22993,13.79347],[100.23192,13.79334],[100.23408,13.79262],[100.23632,13.7915],[100.23934,13.78948],[100.24139,13.78719],[100.24287,13.78486],[100.24377,13.78177],[100.24377,13.77978],[100.24287,13.77775],[100.24149,13.77613],[100.23932,13.7746],[100.23869,13.77286],[100.23916,13.77089],[100.24079,13.76924],[100.24285,13.76799],[100.24643,13.76641],[100.25006,13.76583],[100.25351,13.76599],[100.25585,13.76677],[100.25774,13.76836],[100.25955,13.77042],[100.26077,13.77283],[100.26241,13.77501],[100.26589,13.77579],[100.26871,13.7755],[100.27246,13.77462],[100.27822,13.77371],[100.27985,13.77328],[100.28208,13.77256],[100.28353,13.77035],[100.28403,13.76721],[100.28391,13.7645],[100.28277,13.76122],[100.28212,13.75835],[100.28105,13.75564],[100.27974,13.75335],[100.27637,13.74998],[100.27308,13.74761],[100.26659,13.74397],[100.26433,13.74317],[100.26278,13.74325],[100.24944,13.74627],[100.24726,13.74719],[100.2453,13.74857],[100.24231,13.75166],[100.24055,13.75243],[100.23915,13.75253],[100.23744,13.75162],[100.23588,13.75018],[100.23371,13.74721],[100.23215,13.74415],[100.23131,13.74169],[100.23135,13.7394],[100.2323,13.73767],[100.23391,13.73611],[100.23616,13.73508],[100.23867,13.73455],[100.24086,13.73333],[100.2421,13.73129],[100.24269,13.72849],[100.2426,13.72618],[100.24191,13.72403],[100.24078,13.72256],[100.23925,13.72144],[100.23704,13.7206],[100.23548,13.72049],[100.23161,13.72095],[100.22293,13.72131],[100.22056,13.72171],[100.21643,13.72357],[100.2141,13.72414],[100.21161,13.72447],[100.20991,13.72426],[100.20819,13.72321],[100.20708,13.72149],[100.20698,13.7191],[100.20896,13.71391],[100.20962,13.71041],[100.20892,13.70698],[100.20803,13.70406],[100.2076,13.70074],[100.20794,13.69904],[100.20907,13.69763],[100.21097,13.69708],[100.21729,13.69625],[100.22084,13.69628],[100.22293,13.69731],[100.22427,13.69865],[100.22508,13.70089],[100.22532,13.7036],[100.22529,13.70652],[100.22574,13.70811],[100.22651,13.70867],[100.22782,13.70881],[100.22918,13.70849],[100.23078,13.70803],[100.2334,13.70676],[100.2355,13.70477],[100.23763,13.70322],[100.23902,13.70192],[100.24153,13.6986],[100.24182,13.6971],[100.24163,13.69537],[100.23919,13.6901],[100.23938,13.68742],[100.24028,13.68612],[100.24141,13.68529],[100.24431,13.68389],[100.24703,13.68342],[100.24826,13.68345],[100.24952,13.68371],[100.25122,13.68448],[100.25414,13.6878],[100.25507,13.68851],[100.25626,13.68855],[100.25744,13.68822],[100.25842,13.68731],[100.2602,13.68471]],[[100.26749,13.66595],[100.26755,13.66448],[100.26682,13.66276],[100.26513,13.66099],[100.26003,13.65779],[100.25678,13.65647],[100.25237,13.65597],[100.25014,13.65671],[100.24883,13.65828],[100.24742,13.66392],[100.24658,13.66546],[100.2461,13.66598],[100.24455,13.66673],[100.24261,13.66675],[100.24153,13.66603],[100.24068,13.6651],[100.24013,13.66373],[100.24007,13.6629],[100.24046,13.66052],[100.24158,13.65625],[100.24126,13.65475],[100.24021,13.65354],[100.23752,13.65286],[100.2358,13.65352],[100.23456,13.65485],[100.23401,13.65574],[100.23351,13.66132],[100.23322,13.66217],[100.23273,13.66298],[100.23184,13.66358],[100.23076,13.6639],[100.22836,13.66339],[100.2237,13.66132],[100.21918,13.65831],[100.2161,13.65661],[100.2137,13.65459],[100.21247,13.65219],[100.21228,13.64963],[100.21256,13.64414],[100.21365,13.6412],[100.21574,13.63941],[100.21779,13.63867],[100.22049,13.63881],[100.2233,13.64011],[100.22627,13.64306],[100.22859,13.64422],[100.23055,13.64464],[100.23179,13.64392],[100.23317,13.64157],[100.23356,13.6367],[100.23329,13.63374],[100.23267,13.6305],[100.23177,13.62869],[100.22976,13.62675],[100.22802,13.6261],[100.22441,13.62602],[100.21885,13.62921],[100.21667,13.62992],[100.21478,13.62981],[100.21397,13.62894],[100.21296,13.62607],[100.21302,13.62338],[100.21357,13.62204],[100.21454,13.62096],[100.21566,13.62024],[100.21754,13.62014],[100.22051,13.62106],[100.22258,13.62219],[100.22458,13.62249],[100.22562,13.62243],[100.2263,13.62212],[100.22719,13.62102],[100.22792,13.61904],[100.22818,13.61613],[100.228,13.60388],[100.22698,13.60167],[100.22457,13.59889],[100.22361,13.59723],[100.22343,13.59585],[100.22393,13.59475],[100.22543,13.59389],[100.22891,13.59284],[100.23062,13.5913],[100.23123,13.58982],[100.23066,13.58666],[100.23012,13.58522],[100.22882,13.58308],[100.22834,13.58147],[100.22823,13.58049],[100.22864,13.57926],[100.23148,13.57619],[100.23373,13.57442],[100.23542,13.5736],[100.23731,13.57319],[100.23846,13.57255],[100.23933,13.5718],[100.23998,13.57068],[100.24114,13.56501],[100.24157,13.56375],[100.2429,13.56211],[100.24411,13.56155],[100.24654,13.561],[100.24896,13.5607],[100.24993,13.56034],[100.25166,13.55852],[100.25203,13.55785],[100.25292,13.55484],[100.25315,13.55196],[100.25294,13.55103],[100.25035,13.54499],[100.24987,13.54303],[100.24963,13.54],[100.24973,13.53746],[100.25118,13.53522],[100.25393,13.53272],[100.25524,13.5321],[100.25738,13.53156],[100.2594,13.53152],[100.26107,13.53187],[100.26269,13.5327],[100.26401,13.5342],[100.26483,13.53588],[100.2664,13.5413],[100.26843,13.54324],[100.26972,13.54368],[100.27227,13.54378],[100.27437,13.54293],[100.27554,13.54209],[100.27755,13.53989],[100.27817,13.53764],[100.27816,13.53609],[100.27736,13.53462],[100.27613,13.53366],[100.27312,13.53243],[100.2692,13.53181],[100.2669,13.53065],[100.26556,13.52932],[100.26505,13.52817],[100.26509,13.52657],[100.26542,13.52517],[100.26828,13.52149],[100.27106,13.51846],[100.27537,13.5143],[100.27654,13.51278],[100.27849,13.50865],[100.27926,13.50659]],[[100.13087,14.13891],[100.13101,14.13736],[100.1314,14.13564],[100.13216,14.13356],[100.13237,14.13203],[100.13228,14.13094],[100.13107,14.12835],[100.1299,14.12741],[100.12903,14.12707],[100.12523,14.12671],[100.12142,14.12672],[100.12046,14.12642],[100.12019,14.12608],[100.12005,14.12369],[100.12035,14.12085],[100.12099,14.11818],[100.12213,14.11556],[100.12311,14.11388],[100.12771,14.10956],[100.12922,14.10868],[100.13759,14.10776],[100.14008,14.10683],[100.14533,14.10008],[100.14771,14.09815],[100.14889,14.0977],[100.15023,14.09751],[100.15165,14.09756],[100.15824,14.09995],[100.1627,14.10133],[100.16349,14.10134],[100.16476,14.10086],[100.1697,14.09649],[100.17477,14.09293],[100.17504,14.09248],[100.17496,14.09173],[100.17471,14.09138],[100.17398,14.09105],[100.17214,14.0897],[100.17114,14.0888],[100.17034,14.08776],[100.16935,14.08599],[100.1691,14.08373],[100.16938,14.08202],[100.16991,14.08047],[100.17573,14.06836],[100.17734,14.06305],[100.17742,14.05954],[100.17637,14.05586],[100.17454,14.05221],[100.17241,14.04929],[100.17177,14.04702],[100.17289,14.041],[100.17425,14.03549],[100.17398,14.02759],[100.17415,14.02692],[100.17488,14.02512],[100.1761,14.02309],[100.17891,14.01948],[100.17953,14.01774],[100.17968,14.01667],[100.17978,14.01539],[100.17948,14.01367],[100.17781,14.00905],[100.17782,14.00787],[100.17802,14.00648],[100.18066,14.00039],[100.18087,13.99809],[100.17951,13.99379],[100.17778,13.99037],[100.17765,13.98797],[100.17989,13.9824],[100.18022,13.98057],[100.18017,13.97698],[100.18062,13.97488],[100.18153,13.97374],[100.18262,13.97291],[100.18387,13.97258],[100.18557,13.97259],[100.1874,13.97298],[100.18973,13.97301],[100.19365,13.97341],[100.20056,13.97549],[100.20164,13.9751],[100.20214,13.97457],[100.20287,13.97288],[100.20278,13.97164],[100.20246,13.97049],[100.20089,13.96882],[100.1978,13.96698],[100.19661,13.96594],[100.19591,13.96434],[100.19581,13.96296],[100.19643,13.96176],[100.19735,13.96098],[100.20111,13.95918],[100.20714,13.95559],[100.20798,13.95484],[100.2085,13.95405],[100.2087,13.9532],[100.20852,13.95219],[100.20658,13.94959],[100.20443,13.94596],[100.20284,13.94272],[100.20196,13.93881],[100.20174,13.93601],[100.2024,13.92627],[100.20322,13.92171],[100.2037,13.92081],[100.20434,13.92017],[100.20551,13.91952],[100.2067,13.9195],[100.21106,13.92153],[100.21259,13.92143],[100.21425,13.92046],[100.21501,13.91963],[100.21527,13.91882],[100.21516,13.91687],[100.21378,13.91489],[100.21227,13.91366],[100.20656,13.91096],[100.20518,13.9101],[100.20446,13.90897],[100.20443,13.90782],[100.20481,13.90667],[100.20569,13.9052],[100.20683,13.90389],[100.21049,13.90057],[100.21449,13.89752],[100.21934,13.89593],[100.22135,13.89502],[100.22199,13.89416],[100.2222,13.89298],[100.22066,13.88453],[100.21912,13.87996],[100.21714,13.87639],[100.21455,13.87419],[100.21323,13.87221],[100.21289,13.87111],[100.21287,13.86984],[100.21397,13.86479],[100.21456,13.86288],[100.21541,13.86147],[100.21626,13.86051],[100.2177,13.85957],[100.22142,13.85764],[100.2223,13.85696],[100.223,13.85588],[100.22332,13.85356],[100.22213,13.84203],[100.22241,13.83936],[100.22445,13.83363],[100.22441,13.82748],[100.22375,13.81201],[100.22319,13.81076]],[[100.22319,13.81076],[100.22198,13.81005],[100.21917,13.80994],[100.21283,13.81034],[100.20552,13.81048],[100.20118,13.81184],[100.19979,13.81368],[100.19874,13.81709],[100.19806,13.818],[100.19679,13.81861],[100.19517,13.81857],[100.19338,13.81802],[100.18919,13.81522],[100.18734,13.81336],[100.18621,13.8111],[100.18579,13.80831],[100.18626,13.80522],[100.18702,13.80319],[100.18926,13.80018],[100.19344,13.79662]],[[100.26058,13.68364],[100.26038,13.6818],[100.25964,13.68072],[100.25764,13.67864]],[[100.25764,13.67864],[100.25711,13.67804],[100.2567,13.67649],[100.25708,13.67347],[100.25883,13.67192],[100.2606,13.67107],[100.26246,13.67077],[100.26594,13.66903],[100.26679,13.66796],[100.26749,13.66595]],[[100.2602,13.68471],[100.26058,13.68364]]]}},{"type":"Feature","properties":{"id":"แม่น้ำลัดเกร็ด","name":"แม่น้ำลัดเกร็ด","kind":"river"},"geometry":{"type":"MultiLineString","coordinates":[[[100.49089,13.91435],[100.4912,13.91345],[100.49119,13.91267],[100.49167,13.91057],[100.49095,13.90643]],[[100.49095,13.90643],[100.49084,13.90363],[100.48974,13.90164],[100.48883,13.89918]]]}},{"type":"Feature","properties":{"id":"แม่น้ำเจ้าพระยา","name":"แม่น้ำเจ้าพระยา","kind":"river"},"geometry":{"type":"MultiLineString","coordinates":[[[100.50722,13.81622],[100.51199,13.81487],[100.51357,13.81422]],[[100.51238,13.72891],[100.51276,13.72577],[100.51263,13.72239],[100.51208,13.71931]],[[100.51505,13.81322],[100.51616,13.81214],[100.51662,13.81139],[100.51736,13.80909],[100.51749,13.80807],[100.51755,13.80472],[100.51725,13.80288],[100.51653,13.80049]],[[100.50569,13.78632],[100.50299,13.78227],[100.50242,13.78108]],[[100.49924,13.77289],[100.4972,13.76903],[100.49456,13.7655]],[[100.53938,13.95579],[100.53879,13.9529],[100.53832,13.95174],[100.53651,13.94923],[100.53403,13.94679],[100.53235,13.94563],[100.52938,13.94421],[100.52802,13.94386],[100.52422,13.94349]],[[100.50181,13.93626],[100.50076,13.93312],[100.49936,13.92513]],[[100.55469,13.65626],[100.54992,13.65804],[100.54554,13.66006],[100.54377,13.66059],[100.54214,13.66082],[100.53928,13.66059]],[[100.5339,13.96636],[100.53713,13.96205],[100.53795,13.9606],[100.5391,13.95765],[100.53938,13.95579]],[[100.51013,13.73442],[100.51097,13.73306],[100.51229,13.72938]],[[100.49936,13.92513],[100.49856,13.9214],[100.49788,13.91978],[100.49689,13.91821],[100.49495,13.91633],[100.49294,13.9151],[100.49089,13.91435]],[[100.48883,13.89918],[100.48999,13.8979],[100.4906,13.89564],[100.49066,13.89432]],[[100.48499,13.88567],[100.48153,13.88253],[100.47951,13.88029],[100.47776,13.87766],[100.4768,13.87546],[100.47638,13.87268],[100.47635,13.87118],[100.47802,13.85967]],[[100.50214,13.81953],[100.50357,13.81788],[100.50504,13.81699],[100.50722,13.81622]],[[100.49066,13.89432],[100.49033,13.89335],[100.48802,13.88917],[100.48683,13.88758],[100.48499,13.88567]],[[100.47438,13.91841],[100.47243,13.91876],[100.47103,13.91868],[100.46846,13.91755]],[[100.46846,13.91755],[100.46759,13.91687],[100.46685,13.91597],[100.46639,13.91479],[100.46631,13.91317]],[[100.46725,13.90927],[100.46834,13.90739],[100.47087,13.90452],[100.47291,13.90287],[100.47395,13.9023],[100.47621,13.9014],[100.47765,13.90106],[100.4852,13.90041],[100.48666,13.90007],[100.48883,13.89918]],[[100.49089,13.91435],[100.48697,13.91434],[100.48444,13.91486],[100.47438,13.91841]],[[100.54938,14.11036],[100.54976,14.10739],[100.54957,14.10589],[100.54814,14.10206],[100.54602,14.09833],[100.54317,14.09544]],[[100.52151,14.13149],[100.52517,14.12426],[100.52648,14.12274],[100.52798,14.12145],[100.52973,14.1203],[100.53166,14.11948],[100.53627,14.11813]],[[100.54022,14.02722],[100.53849,14.02575],[100.53721,14.02423],[100.53645,14.0228],[100.53621,14.02126],[100.53727,14.01495],[100.53737,14.01107],[100.53768,14.00951],[100.53939,14.00471],[100.53986,14.00188]],[[100.55456,14.04202],[100.55283,14.03951],[100.55162,14.03844],[100.54749,14.03562],[100.54611,14.03425]],[[100.49378,13.74075],[100.49476,13.74018],[100.49766,13.73931]],[[100.48822,13.74809],[100.4887,13.74686],[100.48957,13.74545]],[[100.49113,13.76195],[100.49108,13.7619]],[[100.49766,13.73931],[100.49993,13.73869]],[[100.52226,13.94347],[100.51391,13.94399],[100.50986,13.94352],[100.50837,13.94308],[100.50683,13.94234],[100.50533,13.9412],[100.50391,13.93975],[100.50279,13.93816],[100.50181,13.93626]],[[100.46631,13.91317],[100.46682,13.9105],[100.46725,13.90927]],[[100.47802,13.85967],[100.47868,13.85654],[100.47948,13.85471]],[[100.49092,13.83964],[100.49189,13.83725],[100.49308,13.83527],[100.49682,13.83048],[100.49879,13.82731],[100.50119,13.82127],[100.50214,13.81953]],[[100.47948,13.85471],[100.48065,13.85327],[100.48227,13.85191],[100.48679,13.84934],[100.48872,13.84767],[100.48945,13.84598],[100.49092,13.83964]],[[100.50819,13.71234],[100.50606,13.71005],[100.50391,13.70821],[100.49847,13.70515]],[[100.4899,13.74496],[100.49203,13.74231]],[[100.4898,13.7451],[100.4899,13.74496]],[[100.48957,13.74545],[100.48969,13.74527]],[[100.48969,13.74527],[100.4898,13.7451]],[[100.48937,13.76018],[100.48854,13.75869],[100.48798,13.75712],[100.48775,13.75569],[100.48758,13.75246],[100.48788,13.74956],[100.48822,13.74809]],[[100.49108,13.7619],[100.48988,13.76085]],[[100.58752,13.60939],[100.58921,13.60845],[100.59029,13.60738],[100.59151,13.60536],[100.59213,13.60362],[100.59249,13.60175],[100.59262,13.59972],[100.59249,13.59751],[100.59196,13.59483],[100.59054,13.59052],[100.58825,13.58646]],[[100.56699,14.20703],[100.56335,14.20129],[100.56001,14.19703],[100.55398,14.1946],[100.54822,14.19276],[100.54463,14.19229],[100.54172,14.19246],[100.53921,14.19314],[100.53356,14.19516]],[[100.5322,14.19564],[100.52618,14.19806],[100.51811,14.20172],[100.51575,14.20231],[100.51335,14.20236],[100.50951,14.20154],[100.50771,14.20075]],[[100.50771,14.20075],[100.50645,14.19859],[100.50415,14.19274],[100.50366,14.18733],[100.50386,14.184]],[[100.5042,14.17833],[100.50472,14.17325],[100.50725,14.16558]],[[100.5137,14.15288],[100.5169,14.14365]],[[100.50725,14.16558],[100.51107,14.15915],[100.5137,14.15288]],[[100.5169,14.14365],[100.5179,14.14102]],[[100.53806,14.11763],[100.54013,14.11694],[100.54567,14.11454],[100.54792,14.11278],[100.54938,14.11036]],[[100.50672,13.68576],[100.51036,13.68533],[100.51439,13.68429],[100.51697,13.68278]],[[100.49123,13.69969],[100.49013,13.69768],[100.48988,13.69662],[100.48991,13.69532]],[[100.51697,13.68278],[100.52283,13.67817]],[[100.48991,13.69532],[100.49055,13.69328],[100.49127,13.69193],[100.49205,13.69105],[100.49519,13.68898],[100.49765,13.68765],[100.50008,13.68682]],[[100.49993,13.73869],[100.50405,13.73764]],[[100.51229,13.72938],[100.51238,13.72891]],[[100.51132,13.71732],[100.51013,13.71505],[100.50819,13.71234]],[[100.49221,13.70092],[100.49123,13.69969]],[[100.4984,13.70512],[100.49397,13.70247],[100.49221,13.70092]],[[100.51208,13.71931],[100.51132,13.71732]],[[100.48988,13.76085],[100.48937,13.76018]],[[100.51653,13.80049],[100.51524,13.79747],[100.5143,13.79586],[100.51203,13.793],[100.50838,13.78913]],[[100.50242,13.78108],[100.50145,13.77903],[100.49924,13.77289]],[[100.50659,13.73685],[100.50813,13.73617],[100.50922,13.73545],[100.51013,13.73442]],[[100.50405,13.73764],[100.50659,13.73685]],[[100.49203,13.74231],[100.49378,13.74075]],[[100.49456,13.7655],[100.49227,13.76294],[100.49113,13.76195]],[[100.50838,13.78913],[100.50569,13.78632]],[[100.55,13.67587],[100.55127,13.67888],[100.55234,13.68407]],[[100.55495,13.7056],[100.55645,13.70614],[100.55876,13.70643],[100.56235,13.70603],[100.57163,13.70278]],[[100.52895,13.67311],[100.53107,13.67161],[100.5335,13.67032],[100.53661,13.66935],[100.53945,13.66911]],[[100.50008,13.68682],[100.50275,13.6862],[100.50672,13.68576]],[[100.49847,13.70515],[100.4984,13.70512]],[[100.58245,13.6976],[100.5845,13.6958]],[[100.58878,13.68307],[100.58733,13.67975],[100.58582,13.67735]],[[100.5845,13.6958],[100.58609,13.69422],[100.58855,13.69004],[100.58892,13.68894],[100.58924,13.68687],[100.58928,13.68547],[100.58881,13.68316]],[[100.58582,13.67735],[100.57934,13.6692]],[[100.5524,13.69012],[100.55141,13.69807],[100.55147,13.70063],[100.55197,13.7024],[100.55283,13.70388],[100.55346,13.70462],[100.55495,13.7056]],[[100.53405,13.64872],[100.53503,13.64219],[100.53629,13.63823]],[[100.58881,13.68316],[100.58878,13.68307]],[[100.55234,13.68407],[100.55257,13.68838],[100.5524,13.69012]],[[100.57163,13.70278],[100.57401,13.70189],[100.58018,13.69911],[100.58245,13.6976]],[[100.52283,13.67817],[100.52895,13.67311]],[[100.53928,13.66059],[100.53829,13.66014],[100.53656,13.65849],[100.53514,13.65585],[100.53403,13.65218],[100.53405,13.64872]],[[100.53945,13.66911],[100.54248,13.66963],[100.54448,13.67038],[100.54669,13.67167],[100.54832,13.67338],[100.55,13.67587]],[[100.57047,13.66039],[100.56649,13.65771],[100.56326,13.65631],[100.56093,13.65584],[100.55894,13.65571],[100.55718,13.65583]],[[100.57934,13.6692],[100.57673,13.66634]],[[100.5763,13.56554],[100.57636,13.56211],[100.57684,13.56008],[100.57802,13.55689],[100.57947,13.5545],[100.58151,13.55205],[100.58482,13.54927],[100.59455,13.54216]],[[100.57673,13.66634],[100.57425,13.66372],[100.57047,13.66039]],[[100.55718,13.65583],[100.55469,13.65626]],[[100.53871,13.63325],[100.54119,13.62885],[100.54286,13.62677],[100.54549,13.62395],[100.55127,13.61856]],[[100.58375,13.5806],[100.58107,13.57747],[100.57907,13.57465],[100.57785,13.5723],[100.5767,13.56841],[100.5763,13.56554]],[[100.56814,13.61092],[100.57356,13.61046],[100.58105,13.61076],[100.58582,13.61002],[100.58752,13.60939]],[[100.55127,13.61856],[100.55305,13.61724],[100.55591,13.61555],[100.56109,13.61282],[100.56317,13.61195],[100.56531,13.61136],[100.56814,13.61092]],[[100.58825,13.58646],[100.58375,13.5806]],[[100.5267,13.98355],[100.52648,13.98209],[100.52668,13.97927],[100.52712,13.97745],[100.52813,13.97501]],[[100.5295,13.99044],[100.52808,13.98805]],[[100.52808,13.98805],[100.5267,13.98355]],[[100.53511,13.99465],[100.53141,13.99212],[100.5295,13.99044]],[[100.54276,14.02984],[100.54022,14.02722]],[[100.53986,14.00188],[100.53979,14.00039],[100.53942,13.99908],[100.53881,13.99798],[100.53791,13.99681],[100.53511,13.99465]],[[100.52813,13.97501],[100.52974,13.97186],[100.53126,13.96965],[100.5339,13.96636]],[[100.52422,13.94349],[100.52226,13.94347]],[[100.54317,14.09544],[100.53926,14.09241],[100.53601,14.09043],[100.52944,14.08714]],[[100.53074,14.0676],[100.53252,14.0666]],[[100.55124,14.05284],[100.55348,14.05095]],[[100.53627,14.11813],[100.53806,14.11763]],[[100.52944,14.08714],[100.52654,14.08481],[100.52474,14.08218],[100.52402,14.08015],[100.52387,14.0791],[100.52404,14.07677]],[[100.52404,14.07677],[100.52463,14.0747],[100.52541,14.07282],[100.52647,14.07111],[100.52857,14.06909],[100.53074,14.0676]],[[100.53252,14.0666],[100.53485,14.06527],[100.55124,14.05284]],[[100.55348,14.05095],[100.55422,14.04979],[100.55469,14.04833],[100.55494,14.04662],[100.55498,14.04518],[100.55456,14.04202]],[[100.54611,14.03425],[100.54276,14.02984]],[[100.53629,13.63823],[100.53871,13.63325]],[[100.50386,14.184],[100.5042,14.17833]],[[100.5179,14.14102],[100.52151,14.13149]],[[100.53356,14.19516],[100.5322,14.19564]],[[100.51357,13.81422],[100.51505,13.81322]]]}}]}